var_id,category,severity,confidence,verification,verification_reason,feature_area,title,jira_keys,jira_status,jira_assignee,jira_quote,transcript_meeting,transcript_date,transcript_speaker,transcript_timestamp,doc_link,transcript_quote,later_evidence,what_differs,suggested_action
VAR-001,V2,Medium,medium,downgraded,"The gap is real but the claim frames it wrongly. The 8/27 decision has two parts: Sign-Up currency defaults from the Deal market country (L2125/L2138/L2139), and Player currency defaults from Player country (L2145/L2146). WAGR-404, WAGR-160 and the 9/18 change (L2704) are all about the Player-level Signup Currency field, so they match the 8/27 Player decision and do not contradict it. What is actually missing is a ticket to default Sign_Up__c.Signup_Currency__c (created in WAGR-7) from the Deal market country, stamped on the record and editable by Ops. No WAGR ticket covers that. I lowered severity to Medium because separate payout currency work is deferred to payouts discovery (L2140; WAGR-465 is in Requirements).",Sign-Up,"Sign-Up payout currency: Jira derives it from Player country; 8/27 client decision says default from Deal market country, stamped on the Sign-Up and editable by Ops",WAGR-404; WAGR-404; WAGR-160,Jumpr Review; Jumpr Review; Jumpr Review,Taryn Reithofer; Taryn Reithofer; Taryn Reithofer,Wagertech's notes confirm Signup Currency should default to the currency of the Player's country.,Emily / Kobi (client working session),2026-08-27,Emily Vandenberg; Kobi Kunasekaran,00:05:40,https://docs.google.com/document/d/1LL6tMq9tPMMnfKLg5AGRRz9ps6Tk6Yt6-3uqWMW3Cn0/edit,Kobi Kunasekaran: So the market currency for The deal determines the payout currency for the sign / Emily Vandenberg: The market country. / Kobi Kunasekaran: up. / Emily Vandenberg: Yes. For the deal determines the payout / Kobi Kunasekaran: Okay. / Emily Vandenberg: currency.,"2026-09-18 Wagertech Internal Sync: today I'm going to make that um sign up currency formula field to point to the out of the box um currency field so that it captures the players country of origin. / Kobi Kunasekaran: Okay. || 2026-08-27 Emily / Kobi (client working session): Kobi Kunasekaran: Um, right now they're all coming in as CAD for all of those clicks. Um, and when we create the signup record from that lick that comes in, um, the currency for that signup, uh, shouldn't be the one from the deal. || 2026-09-25 Wagertech <> Jumpr: Referral and Payouts Discovery: Joyce Kiddell: There's two concepts of currencies if I'm correct um with each signup where there's a currency for / Joyce Kiddell: how you pay the player and then there's a currency associated with the the refer / Emily Vandenberg: Okay. Yeah, it's blurry, but it's fine if you guys got it. / Joyce Kiddell: No, it's confusing because we were like talking in terms of currency per sign up, but like there's really two currencies and there's two amounts. / Kobi Kunasekaran: There's two currencies. Yeah.","Jira builds Signup Currency as a formula from the Player's country/CurrencyIsoCode. The 8/27 client session decided the sign-up payout currency defaults from the Deal's market country (Canada=CAD, US=USD), is stamped on the Sign-Up (not a player formula, because of relocation cases) and stays editable by Ops. No ticket implements the Deal-market-country default.","Confirm with Emily which rule is current (8/27 deal-market-country stamp vs the 9/18 Slack-agreed player-country formula). If 8/27 stands, add a story for the Deal-market-country default on Sign-Up and update WAGR-404/WAGR-160. Note WAGR-415: most SLCs arrive without player country, so a player-country rule falls back to CAD."
VAR-002,V4,Medium,high,downgraded,"The 2026-09-01 decision is real and Done WAGR-165 was closed on 09-24 only for the flag-at-New ability. But the write-off half is now tracked in open design ticket WAGR-466. Later meetings (09-25, 09-30) also reopened the write-off design: Kobi will 'get back' on it, so the 09-01 checkbox spec is not final. The part with no ticket is the rule that confirmed fraud on a New record (with no payment sent) moves it to Archived. WAGR-220 covers only the Dismissed path.",Sign-Up,Write-off checkbox and confirm-fraud auto-archive (decided 2026-09-01) live only as 'new scope' in a comment on Done WAGR-165; no open build ticket,WAGR-165; WAGR-466,Done; Open,Taryn Reithofer; Kobi Kunasekaran,"* Fraud confirmed, payment sent → do not change status. Set a new ""Write-off"" checkbox instead.",Wagertech <> Jumpr: Weekly Sync,2026-09-01,Kobi Kunasekaran; Lina Ceniccola; Emily Vandenberg,00:27:33,https://docs.google.com/document/d/1wmGMiVLLsLjkMh9s3WRUNqJd5AxHlqXEO6Ll8rL1_uo/edit,"Kobi Kunasekaran: Um but if the prod review status is uh marked as confirmed, then we can check if the payment status is uh checked. And if this is checked, we'll check the write- off check box. And then that's what you'll use on the reporting side to make sure that it's included in the write-offs regardless of the status. Um, and then if payment sent is unchecked, then we will move new to archived once the fraud is confirmed. Okay, / Lina Ceniccola: Yeah.","2026-09-24 Wagertech Internal Sync: Kobi Kunasekaran: Enable fraud flagging at new status. This should be closed off. I think we uh Cedric already updated this uh in a different ticket. / Kobi Kunasekaran: I do have the ability to flag the fraud, / Taryn Reithofer: I offer 165. I will um append it somehow to that equals off to just so they're together. / Kobi Kunasekaran: just close the loop like let her know in there that it's it's already been uh sorted || 2026-09-30 Wagertech <> Jumpr: Weekly Sync: Kobi Kunasekaran: but we'll uh stamp the sign up as having been paid so that it doesn't show up again when they try to go through to create another payout for that same referral. / Kobi Kunasekaran: And I need to like think through like how that applies or how that kind of rolls back into the redeposits, the payouts, and things like that. So, I'll get back to you on that || 2026-09-24 Wagertech Internal Sync: Kobi Kunasekaran: Enable fraud flagging at new status. This should be closed off. I think we uh Cedric already updated this uh in a different ticket. / Kobi Kunasekaran: I do have the ability to flag the fraud, / Taryn Reithofer: I offer 165. I will um append it somehow to that equals off to just so they're together. / Kobi Kunasekaran: just close the loop like let her know in there that it's it's already been uh sorted || 2026-09-30 Wagertech <> Jumpr: Weekly Sync: Kobi Kunasekaran: And I need to like think through like how that applies or how that kind of rolls back into the redeposits, the payouts, and things like that. So, I'll get back to you on that || 2026-09-30 Wagertech <> Jumpr: Weekly Sync: Kobi Kunasekaran: Um we did talk about like fraud flags and stuff or write offs. I haven't uh that's not incorporated in yet. So, um I will let you know once that's added.","The client agreed that on confirmed fraud a Write-off checkbox is set when Payment Sent is checked, and a New record moves to Archived when it is not. Jira records this only as 'New scope added' in a comment on WAGR-165, which is Done, and WAGR-466 (2026-09-25) says no write-off capability exists today.","Open a build ticket (or reopen WAGR-165) for the Write-off checkbox and the confirm-fraud automation, and link it to WAGR-220 and WAGR-466. Confirm in the sandbox whether any of it was built."
VAR-005,V1,Medium,medium,downgraded,"The quote is real and no WAGR ticket covers in-flow VIP link creation or auto-association (WAGR-435 still says the link association is deferred). But in the same discussion the design moved on: one VIP link per deal, set at deal creation, auto-tied when the user picks the deal, with in-flow creation only as a fallback when no link exists. That refinement is still a proposal, so confidence drops to medium.",Sign-Up,Decision to create a VIP-tagged affiliate link inside the VIP sign-up flow has no ticket; WAGR-435 says link association was deferred,,,,,Wagertech <> Jumpr: Weekly Sync,2026-09-30,Kobi Kunasekaran; Joyce Kiddell,01:43:51,https://docs.google.com/document/d/1pc9pSc8tFg_8IuqTrOcRpNaRF9l8hiB6sjpqizzbqZo/edit,"Kobi Kunasekaran: maybe we give them the ability to create it in this workflow as opposed to going to deals, finding the deal, adding the link, / Joyce Kiddell: If you could make it automatically tagged as VIP as they're creating it. / Kobi Kunasekaran: yes. / Joyce Kiddell: Yeah, that makes sense.",,"On 2026-09-30 Joyce and Kobi agreed users can create the affiliate link inside the VIP sign-up flow and that it is tagged VIP automatically. WAGR-432 (VIP entry flow) does not mention link creation, and WAGR-435 states: ""How VIP links get formally linked to specific sign-ups/players is still open and was explicitly deferred to a future discovery session"".","Add the in-flow link creation (attached to the selected deal, VIP flag set, excluded from CMS via the WAGR-491 mechanism) to WAGR-432 or a new VIP story, and update the deferral note on WAGR-435."
VAR-008,V3,Medium,high,confirmed,"Quotes exist verbatim; Kobi removed deal-makeup matching on 2026-08-25/09-01 and later meetings (2026-09-11 L2492, L2485) reinforce Deal External ID only; live WAGR-5 (Jumpr Review, Marc Cabantog, 12 comments, last 2026-08-17) still records fallback to state/country and partner/operator, with no later comment.",Sign-Up,WAGR-5 still documents deal-makeup fallback matching that was removed on 2026-08-25/09-01 (Deal External ID only),WAGR-5,Jumpr Review,Marc Cabantog,"* **Deal resolution**

* Prefer **external deal ID**
* If not found, fall back to the other deal fields we discussed:

* state / country
* partner / operator id/name

* If there are duplicates, flag for review",Wagertech <> Jumpr: Weekly Sync,2026-08-25,Kobi Kunasekaran; Emily Vandenberg,00:02:57,https://docs.google.com/document/d/1hV8dTZ4odPgdD1SD-Y9NBFAVepAHPv1FtJHd8T20igo/edit,"Kobi Kunasekaran: I could just remove that logic entirely as well, which is what I'm thinking. And then we just rely on the deal ID to give us the mapping for it. / Emily Vandenberg: Yeah, that would make sense because we haven't handled the in the CMS the deal um like the kind of work on the deal setup and then the endpoint. / Kobi Kunasekaran: because we're moving away from having the raw data that makes up a deal to the deal ids I can just move all this logic from the flow. It'll make it a lot simpler too.","2026-09-01 Wagertech <> Jumpr: Weekly Sync: and then I already talked about the reprocess button where if you do see an error and if we fix it, uh, like if it's like a missing assignment or something like that, then once that's fixed, you can just click on reprocess and it'll relink it. / Kobi Kunasekaran: The only ones that it won't like kind of work for is uh, the deal or the clicks where we received no delectional ID. || 2026-09-01 Wagertech <> Jumpr: Weekly Sync: and then I already talked about the reprocess button where if you do see an error and if we fix it, uh, like if it's like a missing assignment or something like that, then once that's fixed, you can just click on reprocess and it'll relink it. / Kobi Kunasekaran: The only ones that it won't like kind of work for is uh, the deal or the clicks where we received no delectional ID. || 2026-08-31 Jumpr Management Meeting - 2026/08/31 16:00 EDT - Notes by Gemini: Kobi Kunasekaran: came across uh some bugs last week. Um have a new updated flow up and running. So uh we're continuing to monitor to make sure everything's good there. || 2026-09-11 Wagertech <> Jumpr: Weekly Sync: Kobi Kunasekaran: … For the delectional ID, are we good with um Salesforce driving the ID? So, whatever we send is what we end up using to send back with the SLC clicks. / Strahinja Vladetic: Yeah, 100%. / Strahinja Vladetic: … But once you guys take um take control of that, we'll just trust whatever you send back as the ID and then that's what we'll yeah that's how we'll reference it going forward. || 2026-09-01 Wagertech <> Jumpr: Weekly Sync: and then I already talked about the reprocess button where if you do see an error and if we fix it, uh, like if it's like a missing assignment or something like that, then once that's fixed, you can just click on reprocess and it'll relink it. / Kobi Kunasekaran: The only ones that it won't like kind of work for is uh, the deal or the clicks where we received no delectional ID.","Meetings agreed to remove matching by deal makeup and rely only on the Deal External ID, and Kobi reported it done on 2026-09-01. WAGR-5 (Jumpr Review) still describes a fallback to state/country and partner/operator, with no later comment.","Add a comment to WAGR-5 that records the Deal-External-ID-only rule and the reprocess limitation for clicks without a Deal External ID, so review and UAT test the current behaviour."
VAR-009,V3,Medium,medium,downgraded,"The variance is real. WAGR-435 still says the VIP link-to-sign-up association is deferred to a future discovery session, and no Jira ticket records the 9/30 design. But the claim overstates 'users create the VIP link inside the flow' as the decision. Later in the same discussion (01:45:56), the direction changed: one default VIP link per deal (Owen adds it at deal creation), the flow finds it and ties it automatically, and creating the link in the flow is only the fallback when the deal has no VIP link. Kobi said this depends on there being 'only one VIP link'. Emily proposed it and Joyce did not explicitly confirm it.",Sign-Up,WAGR-435 says linking VIP links to sign-ups is deferred to a future discovery; 9/30 decided users create the VIP link inside the VIP sign-up flow,WAGR-435,Open,Unassigned,How VIP links get formally linked to specific sign-ups/players is still open and was explicitly deferred to a future discovery session,Wagertech <> Jumpr: Weekly Sync,2026-09-30,Kobi Kunasekaran; Joyce Kiddell,01:43:51,https://docs.google.com/document/d/1pc9pSc8tFg_8IuqTrOcRpNaRF9l8hiB6sjpqizzbqZo/edit,"Kobi Kunasekaran: maybe we give them the ability to create it in this workflow as opposed to going to deals, finding the deal, adding the link, / Joyce Kiddell: If you could make it automatically tagged as VIP as they're creating it. / Kobi Kunasekaran: yes. / Joyce Kiddell: Yeah, that makes sense.","2026-09-30 Wagertech <> Jumpr: Weekly Sync: Emily Vandenberg: I think yeah, you would just like you could tag it. I feel like Owen could easily add the VIP link. Like we could have that when creating a deal creation and then it would just be your default / Kobi Kunasekaran: I guess the exception case is if there is no existing link in the uh in the deal then either raise an error or uh provide a way to create the link from this interface the first time.",WAGR-435 (and the VIP epic) treat VIP link-to-sign-up association as out of scope pending discovery. On 9/30 Joyce and Kobi agreed users can create a link inside the VIP sign-up flow; it attaches to the deal and is tagged VIP automatically.,"Update WAGR-435 or WAGR-432 with the 9/30 decision (create link in flow, auto VIP tag, attach to deal) and size it."
VAR-010,V5,Medium,high,confirmed,"All four 30 Sep VIP rules are said in the transcript. BA defaults to the running user, the deal lookup shows Active and Paused, and duplicates (same player + same deal) are blocked: Kobi agreed to each. WAGR-432 (Open, unassigned, 0 comments, last updated 23 Sep) has none of them. No later meeting reverses them. The 'complete in one pass' item (23 Sep) is weaker but consistent.",Sign-Up,"WAGR-432 (VIP manual entry flow) lacks the VIP rules decided on 2026-09-23/30: BA default, deal lookup filter, duplicate block, complete-in-one-pass",WAGR-432; WAGR-432,Open; Open,Unassigned; Unassigned,"* Status: on manual creation, default directly to ""In Progress"" — no ""New""/pending state, since this isn't coming from automated intake. Move to ""Completed"" or ""Archived"" from there using the existing status values; no new status values needed.",Wagertech <> Jumpr: Weekly Sync,2026-09-30,Emily Vandenberg; Joyce Kiddell; Kobi Kunasekaran,01:30:55,https://docs.google.com/document/d/1pc9pSc8tFg_8IuqTrOcRpNaRF9l8hiB6sjpqizzbqZo/edit,"Joyce Kiddell: Uh, yeah, we wouldn't have to link it. Could we just have it reflect whoever signed in? / Kobi Kunasekaran: yeah. Yeah, we can default to the current running user / Emily Vandenberg: I guess just default it to their name then and then if we're going to keep it. / Kobi Kunasekaran: Yeah, I can do that.","2026-09-23 Wagertech <> Jumpr: Weekly Sync: Kobi Kunasekaran: so I just want to confirm that it's the same logic um so we can make sure that validation is there / Emily Vandenberg: Yeah, / Kobi Kunasekaran: okay / Emily Vandenberg: we'll we'll confirm that is a little || 2026-09-30 Wagertech <> Jumpr: Weekly Sync: Kobi Kunasekaran: but as I understand it once the signup record is created it's more or less the same process. the logging, the completion, the fraud, all of that is more or less the same. / Kobi Kunasekaran: but I believe in terms of everything else it was supposed to be the same like there's no other linkages needed uh the tracking is the same || 2026-09-30 Wagertech <> Jumpr: Weekly Sync: Kobi Kunasekaran: Do we just create a deal assignment when they're creating VIP signups if one doesn't exist? / Kobi Kunasekaran: I just need to talk through that. I don't know if that's a requirement or we just need to bypass it for VIP. But for now, let's assume that DR is required || 2026-09-30 Wagertech <> Jumpr: Weekly Sync: Joyce Kiddell: That's what I understand it to be as well. Um, but I mean if there is the the odd edge case where they have to search for an existing player and then convert them to VIP, like I don't think it's a big deal if they are allowed to do that. / Kobi Kunasekaran: Okay. So, we're saying like any player that's created as part of this process though defaults to being a VIP player, right? / Joyce Kiddell: Craft field / Kobi Kunasekaran: Okay. And that we'll put that in. || 2026-09-30 Wagertech <> Jumpr: Weekly Sync: Kobi Kunasekaran: And if I think same question, if we add a refer to a signup that isn't already tagged as a VIP, who you want to set the refer to be VIP? / Emily Vandenberg: I think it's fine to do it.","Meetings decided: the BA on a VIP sign-up defaults to the running user (changeable); the deal lookup lists only Active and Paused deals; a duplicate is the same player and same deal regardless of rep and the flow blocks it; users can fill all fields and complete in the same pass. WAGR-432 (created 09-23, no comments) states none of these rules, and the client has not yet confirmed whether VIP completion validation is the same as standard (L2958).","Add these rules as acceptance criteria on WAGR-432, and track the open VIP completion-validation confirmation (L2958) on the ticket."
VAR-003,V1,Low,medium,downgraded,"Real tracking gap: no WAGR issue records the welcome-email fraud tool API integration. But the claim overstates it. On 2026-08-04 the client gave this as a heads-up. The API connection was explicitly left for a later solutioning discussion after the client's own tool works ('could take a few weeks'), and Kobi said 'it doesn't change anything right now'. 'Fast follow' is a transcription fragment ('follow let's just treat everything as it comes in'), with no scope, estimate or endpoint direction agreed. No later meeting through 2026-09-30 brings it back. A placeholder (Holding Pen or Phase 2) is the right fix, so Low, not Medium.",Sign-Up,Welcome-email fraud tool API integration agreed as fast follow has no Jira ticket (not in Holding Pen or Phase 2),,,,,Wagertech <> Jumpr: Weekly Sync,2026-08-04,Kobi Kunasekaran; Joyce Kiddell,01:00:27,https://docs.google.com/document/d/1uimd4HPe40Rzv1almUeCtav79O7shBM-zrcISYEmml4/edit,Kobi Kunasekaran: but I guess a big question is like are do we intend to have this go live as part of phase one or fast follow. / Joyce Kiddell: follow let's just treat everything as it comes in right like that's where I'm like hey sign flow done,"2026-08-04 Wagertech <> Jumpr: Weekly Sync: Joyce Kiddell: ... Phase two will be actually um pulling out the results from the Google Sheets obviously and storing that against the individual player records. / Joyce Kiddell: So I'm assuming at that point we'll do it via API. Um and they're building it for us. / Joyce Kiddell: So we're going to own all the code like it's being pulled into our GitHub um or uh so we'll just have to build you probably an endpoint for that one as well. || 2026-08-04 Wagertech <> Jumpr: Weekly Sync: Joyce Kiddell: We are heading into testing with it hopefully like later this week. Um, so it's not like super far off like it's mostly built. / Joyce Kiddell: Uh, so just wanted to give you visibility on the timeline. Um, but once we have confidence in it actually like working properly. Um, which is where like that could take you know a few weeks. I don't know how long um then yeah that's when we will um have a solutioning discussion around uh the API connection","The client set the welcome-email fraud tool API integration (fraud results written back to Salesforce) as a fast follow on 2026-08-04. No Jira issue, epic, Holding Pen or Phase 2 item records it; WAGR-474 only asks whether moving a Sign-Up to In Progress sends a welcome email.","Create a Phase 2 / fast-follow story under WAGR-478 or WAGR-304 for the fraud-tool integration (record matching key, which object receives results, endpoint direction), and link the open question from 2026-07-15 on how tool results identify the sign-up."
VAR-004,V1,Low,medium,downgraded,"Quotes exist and Emily did confirm on 27 Aug that Sign-Up currency defaults from the deal market country (CAD/USD), is stamped on the record and is editable by Ops. No WAGR ticket records this rule. But on 1 Sep Kobi told the client the work is done (the SLC flow now takes the sign-up currency from the deal), so the gap is missing documentation and acceptance criteria, not missing build. The claimed conflict is overstated: WAGR-404/413/415 cover the PLAYER-level currency, and the same 27 Aug meeting agreed that the player currency comes from player country (L2145/L2146).",Sign-Up,"Client-confirmed rule 'Sign-Up currency defaults from the deal market country (CAD/USD), stamped and Ops-editable' has no ticket; Jira currency tickets use player country instead",,,,,Emily / Kobi (client working session),2026-08-27,Emily Vandenberg; Kobi Kunasekaran,00:05:40,https://docs.google.com/document/d/1LL6tMq9tPMMnfKLg5AGRRz9ps6Tk6Yt6-3uqWMW3Cn0/edit,Kobi Kunasekaran: So the market currency for The deal determines the payout currency for the sign / Emily Vandenberg: The market country. / Kobi Kunasekaran: up. / Emily Vandenberg: Yes. For the deal determines the payout / Kobi Kunasekaran: Okay. / Emily Vandenberg: currency.,2026-09-01 Wagertech <> Jumpr: Weekly Sync: Kobi Kunasekaran: So hopefully this doesn't happen again. Um but since I made I made a lot of changes to that flow actually um I incorporated the uh source information um removed all of the matching by the deal makeup. So right now we're only relying on the delectional ID which seems to be working fine || 2026-09-18 Wagertech Internal Sync: today I'm going to make that um sign up currency formula field to point to the out of the box um currency field so that it captures the players country of origin. / Kobi Kunasekaran: Okay.,"On 2026-08-27 Emily confirmed the deal's market country sets the sign-up payout currency (Canada=CAD, US=USD), stamped on the Sign-Up (not a player formula) and editable by Ops. No ticket records this rule. The only currency tickets (WAGR-404, WAGR-413, WAGR-415) derive 'Signup Currency' from the player's country and treat CAD as the fallback when the SLC has no country.","Add a ticket (or a comment on WAGR-5) that documents the deal-market-country rule, the CAD/USD mapping and Ops edit access, and confirm with WagerTech how the Player-level 'Signup Currency' (WAGR-404, from the client's Sep notes) relates to the Sign-Up record currency so the two rules do not conflict."
VAR-007,V2,Low,medium,downgraded,"Quotes are verbatim, but the 9/30 rule was decided inside the VIP manual sign-up discussion (Kobi: 'VIP all of that is manual. There is no SLC's coming in'). For the SLC flow, Kobi only took an action to check the SLC logic (L3445). So the claimed SLC/WAGR-473 conflict is not confirmed. WAGR-8 is a retired POC demo flow (replaced by WAGR-5), and its own AC says 'same Player + Deal'. The confirmed gap is narrower: the 9/30 VIP duplicate rule (same player + same deal regardless of rep, block and route to the existing sign-up; different rep = fraud signal) is not on WAGR-432/WAGR-420, and WAGR-473 has no comments recording the 9/30 input.",Sign-Up,Repeat-click/duplicate rule: WAGR-473 and the SLC flow key on Player + Rep assignment; 9/30 decided a duplicate is the same player and same deal regardless of rep,WAGR-473; WAGR-8,Open; Done,Kobi Kunasekaran; Unassigned,"when does a new click join an existing Sign-Up (same Player, Deal and Rep)?",Wagertech <> Jumpr: Weekly Sync,2026-09-30,Emily Vandenberg; Kobi Kunasekaran,01:35:58,https://docs.google.com/document/d/1pc9pSc8tFg_8IuqTrOcRpNaRF9l8hiB6sjpqizzbqZo/edit,"Emily Vandenberg: The duplicate should exist outside of like the rep because like if it's the same player, same book, that's a duplicate. / Kobi Kunasekaran: I think it's same player, same book. / Kobi Kunasekaran: Yeah, we can enforce the same one here. So if we detect that there the the same player is associated to a signup record for the same deal then it will flag that as a duplicate","2026-09-30 Wagertech <> Jumpr: Weekly Sync: Emily Vandenberg: That'd be more like fraud if there was if it was like the same player, same book, different rat. That combination would be more of an indicator of fraud. || 2026-07-24 Wagertech <> Jumpr: API Testing for SLC Creation in SF: Kobi Kunasekaran: So this I I don't like the idea of like server side dduplication because then we could potentially misfle a real scenario / Kobi Kunasekaran: We want that second click in Salesforce to know that they clicked it multiple times. / Strahinja Vladetic: Okay. Okay. Even better. Okay. So, / Strahinja Vladetic: you guys are just going to track all the all the clicks and then surface is probably the most recent one or whichever one is relevant. / Kobi Kunasekaran: Yeah.","Jira frames the join rule as same Player, Deal and Rep, and the POC flow matches on Player + Deal Rep Assignment. On 9/30 Emily and Kobi agreed a duplicate is the same player and same deal regardless of rep, and that the same player/deal with a different rep is a fraud signal. With the current key, a second rep's click creates a new Sign-Up.","Update WAGR-473 with the 9/30 rule and record Kobi's check of the SLC flow (L3445). If the flow keys on DRA, add a story to match on Player + Deal and flag a different-rep click for review."
VAR-011,V2,Low,medium,confirmed,"The 8/18 transcript (re-fetched) shows Kobi proposing no Salesforce restriction of sign-ups by player status and Emily agreeing. The meeting's own AI summary says banned is 'a signal for internal review rather than a hard block on signups'. Kobi told the client the same on 9/11. No later meeting reverses it. WAGR-474 (0 comments) cites Emily's 8/18 'no' as if Salesforce should block, so it could create a story that contradicts the decision. Severity stays Low because the ticket is a 'confirm with Emily' Decision item, not a committed build.",Sign-Up,WAGR-474 treats 'banned player can still complete a sign-up' as a build gap; 8/18 decided Salesforce does not block sign-ups by player status,WAGR-474,Open,Kobi Kunasekaran,"can a banned player's Sign-Up reach Complete? Emily said no on Aug 18, but the build does not block it.",Wagertech <> Jumpr: Weekly Sync,2026-08-18,Kobi Kunasekaran; Emily Vandenberg; Joyce Kiddell,01:26:54,https://docs.google.com/document/d/1SOoE_HqRKzBFtDRxNkR4kLvamf4T_r3bS_uem79bYi0/edit,"Kobi Kunasekaran: ...So, the band status on the player is going to be manually done by somebody. / Kobi Kunasekaran: ...Like we don't necessarily need to automate or restrict creation of the signup or anything based off of the player status at least at this point. / Emily Vandenberg: Yeah, I don't think so. And it would be it would almost be / Kobi Kunasekaran: So those fields uh are we saying like we don't need those like restriction detail fields for / Joyce Kiddell: correct. it. / Joyce Kiddell: We should have some sort of like banner at the top though.","2026-08-18 Wagertech <> Jumpr: Weekly Sync: Emily Vandenberg: I mean, a band player could still receive like a um study link click, but they wouldn't be able to complete if they're banned at a banned player. / Emily Vandenberg: Like wouldn't be a we wouldn't allow that to um actually complete, / Emily Vandenberg: but they can click on the website. Like we not going to ban their / Emily Vandenberg: account. || 2026-09-11 Wagertech <> Jumpr: Weekly Sync: Kobi Kunasekaran: … and then the ban automation, like if you ban somebody, uh, the signups will still flow through. / Kobi Kunasekaran: Uh, it none of that is going to get blocked, but it won't it won't necessarily move the player to an active status. So they'll still remain banned until they're manually unbanned.",WAGR-474 implies Salesforce should stop a banned player's sign-up from completing. The 8/18 decision was not to restrict sign-ups by player status in Salesforce (reps see the status and flag); Emily's 'no' referred to the CMS not letting banned players complete. 9/11 confirmed sign-ups still flow for banned players.,"Close this sub-question on WAGR-474 with a reference to the 8/18 decision, or get an explicit new client ask if a Salesforce block is now wanted."
VAR-012,V2,Low,medium,not in verification sample (Low),,Sign-Up,WAGR-429 says no decision was made on the fraud un-flag control and covers un-flag only; 9/23 Kobi agreed an Ops action for both confirm and dismiss,WAGR-429,Open,Unassigned,Confirm approach before building — no final decision was made on the call.,Wagertech <> Jumpr: Weekly Sync,2026-09-23,Emily Vandenberg; Joyce Kiddell; Lina Ceniccola; Kobi Kunasekaran,00:41:43,https://docs.google.com/document/d/14qj2c7XQWrT1KJJhEV34u7rF5KBJU6xMUIPWNfyNDVk/edit,"Emily Vandenberg: versus just having a button that would be like the ability to kind of undo the the flag. / Joyce Kiddell: Yep. / Kobi Kunasekaran: Okay. I I guess it could be like uh we'll set it up for both process, right? Like even for confirmation or dismiss. / Kobi Kunasekaran: So like maybe like fraud review and then you can choose from the drop down what you want to go into. Um and then depending on that we can automate the rest.","2026-09-02 Wagertech Internal Sync: Kobi Kunasekaran: if you want to see an example like the fraud flag one, uh, should be set up in a similar way except I can't edit these. Change the status to already set to flag. Oh, I guess we don't have one for un flag. Yeah, I guess all of these, never mind.",The ticket scopes only reversing a flag and defers the approach. In the 9/23 sync Kobi agreed to set up the action 'for both process ... confirmation or dismiss'; only the dropdown design was tentative. The ticket is also unassigned and parented to the closed epic WAGR-304.,"Rescope WAGR-429 to an Ops fraud-review action for confirm and dismiss, move it under an active epic and set its phase."
VAR-013,V3,Low,medium,not in verification sample (Low),,Sign-Up,"WAGR-51 (Ready, Phase 1) says SLC automation is the only Sign-Up create path; 9/23 decided a manual VIP sign-up path for Ops",WAGR-51; WAGR-431,Ready; Open,Unassigned; Unassigned,Sign_Up__c records must originate ONLY from the Study Link Click automation (BUILD-04 / SLC async flow).,Wagertech <> Jumpr: Weekly Sync,2026-09-23,Kobi Kunasekaran; Joyce Kiddell,00:55:46,https://docs.google.com/document/d/14qj2c7XQWrT1KJJhEV34u7rF5KBJU6xMUIPWNfyNDVk/edit,"Kobi Kunasekaran: it actually looks like we don't like we removed the new signup button. So, / Kobi Kunasekaran: we'll add that back and then clean that up and make sure that uh it works for WP","2026-09-30 Wagertech <> Jumpr: Weekly Sync: Joyce Kiddell: Uh, yeah, we wouldn't have to link it. Could we just have it reflect whoever signed in? / Kobi Kunasekaran: yeah. Yeah, we can default to the current running user / Emily Vandenberg: I guess just default it to their name then and then if we're going to keep it. / Kobi Kunasekaran: Yeah, I can do that. || 2026-09-23 Wagertech <> Jumpr: Weekly Sync: Joyce Kiddell: So um we basically need to bring these signups in manually. / Joyce Kiddell: Yeah. It's not going to come in through the agency website automation. || 2026-09-23 Wagertech <> Jumpr: Weekly Sync: Kobi Kunasekaran: it actually looks like we don't like we removed the new signup button. So, / Kobi Kunasekaran: we'll add that back and then clean that up and make sure that uh it works for WP || 2026-09-23 Wagertech <> Jumpr: Weekly Sync: Kobi Kunasekaran: So we would have like a specific permission set. Whoever you assign that one to will see the button can do it that way. / Joyce Kiddell: Yeah. Okay. Why don't we do that and then we can give it to like just those two and then you / Joyce Kiddell: or we we still give them the button or no button for Andy and Ally? / Emily Vandenberg: Go button. / Joyce Kiddell: No button.",WAGR-51's premise and audit step ('rep-facing screen flow ... that creates a Sign-Up in user context ... must be rerouted') predate the VIP decision. Manual VIP sign-ups by a permission-set group are now in scope.,"Update WAGR-51 to carve out the VIP permission set and the VIP screen flow, and sequence it with WAGR-431/432."
VAR-014,V3,Low,medium,not in verification sample (Low),,Sign-Up,"WAGR-195 Fraud Flags related list is built and in Jumpr Review, but the decision was to drop it and add a fraud column to the Sign-Ups related list",WAGR-195; WAGR-407,Jumpr Review; Jumpr Review,Taryn Reithofer; Taryn Reithofer,"Built per spec: Fraud Flags related list added with columns Flag ID, Reason, Source Record, Raised By, Raised, and Status.",30 Day Check-in & Goals for Next 30 days (internal),2026-09-16,Taryn Reithofer,,https://docs.google.com/document/d/1wy5sebZPMs-RliWd9sQ7Hv1-SI7nhtanluWSOIIJ3KQ/edit,"Taryn Reithofer: Like today even, you know, I was going through a feedback piece and Emily wanted uh she proposed the idea of getting rid of the fraud flags related list entirely and just putting a couple columns in the I forget what the other related signups related list. I was like,""Okay, yeah, sure.""","2026-09-15 Wagertech Internal Sync: Kobi Kunasekaran: ... my sample said the dedicated fraud flags list on our players profile. Um, yeah, I think this is also okay. like we don't if they don't want the separate uh section for signups that are flagged as fraud just I think we already have a section for just all the signups under a player right just just go up there / Taryn Reithofer: Yeah, I'll have to double check. || 2026-09-23 Wagertech <> Jumpr: Weekly Sync: Emily Vandenberg: The fraud flag one fraud. I think you guys completely kind of I had you had added it. It wasn't there before. So, we can close out that.",WAGR-195 still moves toward release with a separate Fraud Flags related list. Emily proposed and Taryn agreed (9/16) to remove it and use fraud columns on the Sign-Ups list (WAGR-410).,Cancel WAGR-195 (or rescope it to removal of the list) and link it to WAGR-410 so the separate list is not deployed.
VAR-015,V3,Low,high,not in verification sample (Low),,Sign-Up,Done tickets WAGR-350 and WAGR-243 record status-transition rules that later meetings replaced,WAGR-350; WAGR-243,Done; Done,Unassigned; Unassigned,Opening and cancelling the Log Sign Up flow still leaves the record In Progress,Wagertech Internal Sync,2026-09-03,Cedrick Infantado; Kobi Kunasekaran,00:34:59,https://docs.google.com/document/d/1y57PArEtR_WrDVNsTMP8P4PVl_VoWfEqhVhlV-1vPvE/edit,"Cedrick Infantado: whenever there um there are no changes on the log sign up whenever the status is new it should not proceed to in progress. I think it's so I'll just get one sign up which / Cedrick Infantado: is new and nothing in here. So once I click save, it would say design that remains new. No fields were entered or changed at add at least one detail to move it in progress or close without saving. / Kobi Kunasekaran: this this is awesome. Okay, I think the only thing maybe the error message, let me see if we want to do like a different copy. But uh in terms of behavior, I think this this looks great. / Kobi Kunasekaran: As long as you change like any value on uh any of the fields, / Kobi Kunasekaran: it moves it forward.","2026-08-31 Kobi <> Taryn: Weekly Planning - 2026/08/31 10:32 EDT - Notes by Gemini: Kobi Kunasekaran: So, if uh what's her name? Emilyy's also testing them. She knows that, you know, we're the ones that uh made the changes. Um but yeah, when you click on lock signup, um it'll it should transition the record to the next stage, / Kobi Kunasekaran: which we are going to change, but for now it's fine. Um and then under the referendary refer, this is where you're going to want to put in the referral records. / Kobi Kunasekaran: document that I shared. Yeah. For this one, initially we just had it so that uh we progress as soon as they click the button, but they only want it to progress if they fill any of the fields. So, um it's I think we just have to like listen for what the change is and make it so that it only updates if something was filled as opposed to like right now if I go and click on lock signup and click save, even if I don't edit anything, / Kobi Kunasekaran: it moves it in progress. || 2026-08-31 Kobi <> Taryn: Weekly Planning - 2026/08/31 10:32 EDT - Notes by Gemini: Taryn Reithofer: What if we just made some of those fields required so that they can't save it? / Kobi Kunasekaran: uh, that's that's that was what I actually asked because that's usually how you would want to do it. Like call out the ones that are required. So, it's minimum required, but the reps might not have all the that information up front. So, that kind of defeats the purpose, right? Um because it'll be / Kobi Kunasekaran: And then they would like I think we we'll just listen for any field change and move it over. Yeah. I don't think we have to like go over complicate it. Um but yeah, / Kobi Kunasekaran: ideally like you would say like you know at least a sign of proof is required or something is required and then that is an easier way a better way to do the progression. But uh uh I guess like whatever information they have, as long as they enter something in um we can push forward. Yeah, || 2026-08-31 Kobi <> Taryn: Weekly Planning - 2026/08/31 10:32 EDT - Notes by Gemini: Kobi Kunasekaran: So, if uh what's her name? Emilyy's also testing them. She knows that, you know, we're the ones that uh made the changes. Um but yeah, when you click on lock signup, um it'll it should transition the record to the next stage, / Kobi Kunasekaran: which we are going to change, but for now it's fine. Um and then under the referendary refer, this is where you're going to want to put in the referral records. / Kobi Kunasekaran: document that I shared. Yeah. For this one, initially we just had it so that uh we progress as soon as they click the button, but they only want it to progress if they fill any of the fields. So, um it's I think we just have to like listen for what the change is and make it so that it only updates if something was filled as opposed to like right now if I go and click on lock signup and click save, even if I don't edit anything, / Kobi Kunasekaran: it moves it in progress.","WAGR-350 says Log Sign Up moves New to In Progress with no input and that Phase 1 has no automated transitions; WAGR-243 says no auto-completion. Later decisions: a field must change to move to In Progress (built in WAGR-155), and Log Sign Up may set Completed when all info is filled (accepted 9/1; built in WAGR-164).",Add a 'superseded by WAGR-155 / WAGR-164' note on WAGR-350 and WAGR-243 so test scripts and training do not use the old rules.
VAR-016,V3,Low,high,confirmed,"Quotes exist verbatim in the 09-23 Weekly Sync doc and, in context, show Lina asking for Partner in the sign-up header, Kobi agreeing to show the short code, and Lina keeping full partner name on deal hover. No later meeting reverses it. WAGR-348 (Done, 0 comments, no links) still states 'No Rep-facing surface exposes Partner'. WAGR-422 holds the new rule but is in Requirements, not built, and is not linked to WAGR-348. Low severity is right: this is a stale-AC / UAT hygiene gap.",Sign-Up,WAGR-348 (Done) still says no rep-facing surface shows Partner; 09-23 decided reps see partner short code in header and full name on hover,WAGR-348; WAGR-422,Done; Requirements,; Taryn Reithofer,No Rep-facing surface exposes Partner,Wagertech <> Jumpr: Weekly Sync,2026-09-23,Lina Ceniccola; Kobi Kunasekaran,00:46:49,https://docs.google.com/document/d/14qj2c7XQWrT1KJJhEV34u7rF5KBJU6xMUIPWNfyNDVk/edit,"Lina Ceniccola: Because now seeing this I'm wondering if in the header can we just at least add the partner. So operator partner / Kobi Kunasekaran: within these. Yeah, we can add the partner field here. / Lina Ceniccola: Originally I said no like not surfacing all that Gil information but if we can add in just that partner piece then we're good / Kobi Kunasekaran: we could uh we could display the partner short code instead of the full one.",,WAGR-348 sets an absolute rule that no rep-facing surface exposes Partner. On 09-23 the client decided reps see the partner short code in the sign-up header and keep the full partner name on deal hover (built as WAGR-422).,"Add a comment on WAGR-348 that the 09-23 decision partly supersedes its AC, and link it to WAGR-422 so UAT scripts do not test the old rule."
VAR-017,V4,Low,high,not in verification sample (Low),,Sign-Up,"WAGR-336 (Path component on Sign-Up) shows Done, but it was closed as Won't Do after the client asked to remove the Path",WAGR-336,Done,Unassigned,Closing as Won't Do — superseded.,Wagertech <> Jumpr - 60 Min (Joyce Kiddell),2026-07-17,Joyce Kiddell; Kobi Kunasekaran,00:29:25,https://docs.google.com/document/d/1uCoi6pw3ckVsTv1im7Qc235RyfAUqb7UGFJs2Pd6uMY/edit,Joyce Kiddell: But basically like these colors would map to like whatever the status is here. Um and I to be honest I did away with like the chevron thing here. / Joyce Kiddell: But with this like it yeah I just I think a status just saying like did we flag it for fraud? You know is it past due? / Kobi Kunasekaran: But I'm with you. / Kobi Kunasekaran: This makes sense.,"2026-07-22 Wagertech <> Jumpr: Weekly Sync: Kobi Kunasekaran: Joyce, you wanted us to remove the path like the see the new in progress completed. Uh do we want to add that one back in? / Joyce Kiddell: but if we're just doing new in progress completed, / Joyce Kiddell: I I think we can introduce it again. / Waleed Alasadi: then maybe we just don't show the path and just keep the status like field as is.","The client dropped the path/chevron on the Sign-Up record (2026-07-17) and Kobi confirmed it was removed because the process is not linear. WAGR-336 status is Done, which reads as delivered, while its own comment says Won't Do.",Move WAGR-336 to Cancelled (or add a resolution note) so delivery reports do not count a Path component as built.
VAR-018,V4,Low,medium,not in verification sample (Low),,Sign-Up,WAGR-430 'Hide Kanban' is In Progress in an active sprint although it sits in the Phase 2 epic and its own comment defers it,WAGR-430; WAGR-430,In Progress; In Progress,Taryn Reithofer; Taryn Reithofer,Kanban stays visible at go-live.,Wagertech <> Jumpr: Weekly Sync,2026-09-23,Emily Vandenberg; Lina Ceniccola; Kobi Kunasekaran,00:52:11,https://docs.google.com/document/d/14qj2c7XQWrT1KJJhEV34u7rF5KBJU6xMUIPWNfyNDVk/edit,"Emily Vandenberg: for phase one like just don't have it as an option. / Lina Ceniccola: Yeah, I just think in the essence of time, let's save it not for launch, / Lina Ceniccola: but maybe once we gather feedback on the two workflows we already have, like the table and then the other, / Kobi Kunasekaran: okay. Yeah, I like that.",,"The 9/23 client decision was not to offer Kanban at launch. The 9/29 Jira comment says Kanban cannot be hidden natively and stays visible at go-live, citing Emily's confirmation outside a meeting. Status is still In Progress in WAG Sprint 3.","Move WAGR-430 to the Phase 2 backlog with a non-active status, and confirm the 'visible at go-live' outcome in the next client sync because it changes the 9/23 decision."
VAR-019,V4,Low,high,not in verification sample (Low),,Sign-Up,"WAGR-4 (Payout Code generation + Past Due handling) is Done, but the work was deferred to the payouts phase on 8/4",WAGR-4,Done,Unassigned,DEFERRED out of Phase 1 — decided 2026-08-04.,Wagertech <> Jumpr: Weekly Sync,2026-08-04,Joyce Kiddell; Kobi Kunasekaran,00:05:19,https://docs.google.com/document/d/1uimd4HPe40Rzv1almUeCtav79O7shBM-zrcISYEmml4/edit,Joyce Kiddell: I would rather treat payouts as like you know how we're moving to redeposits and then we're going to move to payouts / Joyce Kiddell: ... It's like what if we can handle all of just the payout related work at that stage I think that makes more more sense ... / Kobi Kunasekaran: Okay. I I'm I'm good with that. So like we don't necessarily need a field or anything to keep track of it on the Salesforce side for now and then we revisit it as part of implementing the payouts / Kobi Kunasekaran: and we'll table the bigger conversation around actual payout code generation for later. That works for me.,,Jira status Done suggests delivery; the 8/4 meeting deferred payout code to the later payouts phase and no generation logic was built.,Change WAGR-4 to Cancelled or move it to the Phase 2 / payouts epic so Phase 1 reporting does not count it as delivered.
VAR-021,V6,Low,high,confirmed,"Quote exists verbatim in the 9/1 Internal Sync transcript (00:03:19) and the Gemini 'Aligned' decisions list says 'SLC page cleanup deprioritized'; no later meeting reverses it; WAGR-48 is still Ready / Phase 1 with only a renumbering comment. The 9/14 move to Ready was part of a bulk workflow migration (63 tickets left 'Phase 1 Build' that day), not a deliberate re-prioritization.",Sign-Up,WAGR-48 SLC layout cleanup is Ready / Phase 1 although the 9/1 sync deferred SLC page cleanup as low priority,WAGR-48,Ready,Kobi Kunasekaran,Objective: make the SLC record page an Ops/troubleshooting surface only.,Wagertech Internal Sync,2026-09-01,Taryn Reithofer; Kobi Kunasekaran,00:03:19,https://docs.google.com/document/d/1ZR6vkGVxwjeKaOC5zQRB0uToAaIEZAfCHP59_eGYruk/edit,"Taryn Reithofer: ... Is this page in use at all? / Kobi Kunasekaran: the SLC it is, / Kobi Kunasekaran: but it's more of an admin page right now. So, uh we don't like we do need to clean this up at some point, but uh let let's not worry about this for now. / ... Kobi Kunasekaran: ... because reps aren't looking at this ... we we'll clean it up later when we need to. Um, it's like much much much lower priority.",,"Jira holds the SLC page cleanup as Phase 1, Ready. The team deferred it on 9/1 because reps do not use the SLC page.",Move the layout part to Phase 2 or the backlog; keep the security item (remove SLC from the rep permission set group) in Phase 1 if still needed.
VAR-022,V8,Low,medium,not in verification sample (Low),,Sign-Up,Open question: can a sign-up have a Secondary Referrer without a Primary Referrer? Not answered in a later meeting or in Jira,WAGR-162,Jumpr Review,Cedrick Infantado,"Counter-proposal from the ticket implemented, and extended: No Referrer now also hides when either Referrer or Secondary Referrer is filled in.",Wagertech Internal Sync,2026-09-01,Kobi Kunasekaran,00:22:08,https://docs.google.com/document/d/1ZR6vkGVxwjeKaOC5zQRB0uToAaIEZAfCHP59_eGYruk/edit,"Kobi Kunasekaran: ... because the no referral was supposed to be mainly for the primary referral, which is the the first lookup. Um, I don't know if they could have like a secondary referral without a primary referral. So, I'll need to check that with them and confirm.",,"Kobi said he would confirm with the client whether a secondary referral can exist without a primary. No later meeting answers it, and WAGR-162's build lets Secondary Referrer alone hide 'No Referrer', which assumes the answer is yes.","Ask WagerTech and record the answer on WAGR-162; if 'no', add validation in the Log/Complete flows."
VAR-023,V2,Medium,high,confirmed,"The quote exists in the 18 Sep 2026 Internal Sync. In context, Kobi says the assigned affiliate link cannot be shown on the DRA list because the CMS does the link assignment and the scoped integration does not return it. He also says he will reply to Emily with that reason. WAGR-412 (Open, 0 comments, not updated since 18 Sep) describes a link to the underlying record and says to build it if low lift. No later meeting reverses this: on 29 Sep, inbound DRA data was put in Phase 2 (WAGR-444, Requirements), which supports the 'blocked' framing.",Deal,WAGR-412 reframes Emily's 'assigned link' ask as a record hyperlink; the meeting said the assigned affiliate link cannot be shown yet,WAGR-412; WAGR-412,Open; Open,Kobi Kunasekaran; Kobi Kunasekaran,Emily asked whether it would be easy / very low lift to surface a link (to the underlying record) directly in one of the related list table views on the Brand Ambassador record page.,Wagertech Internal Sync,2026-09-18,Taryn Reithofer; Kobi Kunasekaran,00:32:43,https://docs.google.com/document/d/12MuEGyIBzlK4HDr4NdwCCWIxbT6ozK3EtWdlP_E2T4Q/edit,"Taryn Reithofer: I think I delete that. / Kobi Kunasekaran: Oh yeah, if you want to do that and assign it to me like you can put it in to-do under my name in the sprint. I will respond to our comment and just follow up in the pick it too.",,The meeting treated Emily's question as a request to show the assigned affiliate link on the Deal Rep Assignment list and said this is not possible until the CMS integration returns link-assignment data; Kobi was to reply with the reason. WAGR-412 instead describes a clickable link to the underlying record and plans to build it if low lift.,"Rewrite WAGR-412 to the real ask (show the CMS-assigned affiliate link on the DRA list), record that it is blocked on the Phase 2 CMS->SF DRA integration (WAGR-444), and send Emily the reply Kobi committed to. Do not build a record hyperlink as the answer."
VAR-026,V2,Medium,medium,confirmed,"Quote found in the 09-23 client sync (lines 1143-1162). Kobi proposed the VID-style region naming instead of 'multistate'. Emily said 'Yeah. Yeah.', asked for the Ontario vs Alberta regional breakout, and said 'multi' stays only where no breakout exists. Lina said 'I agree'. On 09-24 Kobi said internally that multi-state 'is going away' because of that call. No later meeting reverses this. WAGR-471 was created 09-25, has 0 comments, and still says the rule is not settled. The ticket's sub-questions on matching and on picklist values with no CMS equivalent are still open, so 'medium' confidence is correct.",Deal,WAGR-471 says the multi-state Deal Name rule is unsettled; 09-23 client sync decided region-specific naming,WAGR-471,Open,Kobi Kunasekaran,"An SLC for PROLINE-DIRECT-ON matched the MULTI-STATE Deal (Emily, Sep 22). The multi-state naming rule is not settled, and nobody answered Kobi's Sep 9 naming proposal. WAGR-97 must regenerate the Deal Names before the first production send, so this decision blocks it.",Wagertech <> Jumpr: Weekly Sync,2026-09-23,Kobi Kunasekaran; Emily Vandenberg; Lina Ceniccola,01:15:02,https://docs.google.com/document/d/14qj2c7XQWrT1KJJhEV34u7rF5KBJU6xMUIPWNfyNDVk/edit,"Kobi Kunasekaran: do we want to keep it as multistate like that or um do we want to use like what we have uh in the V ID naming convention / Emily Vandenberg: so see the like region like the Canada, Ontario versus Alberta breakout and then US there's / Emily Vandenberg: going to be some but if not then you can kind we'll keep it as um multi. / Lina Ceniccola: I agree.","2026-09-24 Wagertech Internal Sync: Kobi Kunasekaran: the multi- saying is going away. Yeah, like the multisail is actually part of their initial thing, but this we we talked about yesterday. Uh we're going to get rid of that. / Kobi Kunasekaran: Technically, this should say US-CA-BMGm. / Kobi Kunasekaran: but if it's the Canadian province, we're just using a Canadian province like two-letter code. / Kobi Kunasekaran: We're not doing CA dash.","The ticket (created 09-25) says nobody answered the naming proposal and the multi-state rule is not settled. On 09-23 Emily and Lina agreed to region-specific naming (province/state, CA/US countrywide) and to keep 'multi' only where no regional breakout exists; on 09-24 Kobi said multi-state is going away and stated the market code convention.",Update WAGR-471 with the 09-23 decision (L2965) and the 09-24 code convention (L3029). Keep open only the unresolved parts: whether any 'multi' value survives (L2965 vs L3029 differ slightly) and picklist values with no CMS equivalent. Then unblock WAGR-97 / WAGR-419.
VAR-027,V3,Medium,high,downgraded,"The variance is real. WAGR-45 (Ready, Must Have, unchanged since 14 Sep) still says reps never see Deal records or partner info and says to remove Deal access. Later client decisions (11 Aug: partner code stays in the rep-facing global deal name; 23 Sep: partner short code in the Sign-Up header, full partner name on deal hover kept) and the WAGR-84 build (rep profile tested on Deal_Record_Page_v2, 24-25 Sep) contradict it. It is downgraded only because WAGR-422 already holds the 23 Sep Sign-Up decisions. Nothing links WAGR-422 back to WAGR-45, so WAGR-45 still needs a re-scope.",Deal,WAGR-45 still says reps never see Deal records or any partner information; later decisions keep rep deal views and show the partner code,WAGR-45; WAGR-45; WAGR-94,Ready; Ready; Ready,Kobi Kunasekaran; Kobi Kunasekaran; Unassigned,Objective: reps never see Deal records or partner information.,Wagertech <> Jumpr: Weekly Sync,2026-08-11,Emily Vandenberg; Lina Ceniccola,00:39:43,https://docs.google.com/document/d/1Qw_rUiBDniWRNlPQ1St7C7VbJ5rCPriZCrMoUeCHGV8/edit,"Emily Vandenberg: ... are we okay to um put into like the rep facing views the like kind of partner code CTM CGD on the kind of like global deal name. ... / Lina Ceniccola: No, we can we can keep it. / Emily Vandenberg: it. / Lina Ceniccola: That's easier. Let's just do that.","2026-09-25 Wagertech Internal Sync: Cedrick Infantado: ...I've completed the testing for affiliate links. So um this is the view for um um for a rep. So they don't have the edit link button. For admin of course you have as well. This is the view if there's an existing affiliate links and this is the view for um for no uh existing affiliate links. So that's for to that's for so uh wer 84.... || 2026-07-28 Wagertech <> Jumpr: Weekly Sync: Waleed Alasadi: The deal assignments object should be like one that um is all they need access to. / Joyce Kiddell: I think that makes sense. / Kobi Kunasekaran: Okay. Yeah. Then I think we can remove this. / Kobi Kunasekaran: I like your idea. / Kobi Kunasekaran: I mean the deal information will be as far as the operator, market, country, state, and vertical. But that's all they see. || 2026-08-11 Wagertech <> Jumpr: Weekly Sync: Emily Vandenberg: ... are we okay to um put into like the rep facing views the like kind of partner code CTM CGD on the kind of like global deal name. ... / Lina Ceniccola: No, we can we can keep it. / Emily Vandenberg: it. / Lina Ceniccola: That's easier. Let's just do that. || 2026-09-23 Wagertech <> Jumpr: Weekly Sync: Lina Ceniccola: I think we said to start we can keep all info. / Emily Vandenberg: Okay, you're good with that. / Lina Ceniccola: Yeah. || 2026-09-23 Wagertech <> Jumpr: Weekly Sync: Lina Ceniccola: Because now seeing this I'm wondering if in the header can we just at least add the partner. So operator partner / Kobi Kunasekaran: within these. Yeah, we can add the partner field here. / Lina Ceniccola: Originally I said no like not surfacing all that Gil information but if we can add in just that partner piece then we're good / Kobi Kunasekaran: we could uh we could display the partner short code instead of the full one. || 2026-07-22 Wagertech <> Jumpr: Weekly Sync: Lina Ceniccola: As long as we know and we don't lose that info, the rep doesn't need to know. And I actually think it's better off the rep doesn't know. / Joyce Kiddell: ignore what I said about having the partner on the left, too. It'll just be operator / Kobi Kunasekaran: just be operator. Okay. / Kobi Kunasekaran: we're not going to do the operator deal combo anymore. We're just going to keep it to operator. || 2026-08-11 Wagertech <> Jumpr: Weekly Sync: Emily Vandenberg: ... are we okay to um put into like the rep facing views the like kind of partner code CTM CGD on the kind of like global deal name. ... / Lina Ceniccola: No, we can we can keep it. / Emily Vandenberg: it. / Lina Ceniccola: That's easier. Let's just do that. || 2026-08-25 Wagertech <> Jumpr: Weekly Sync: Emily Vandenberg: Do we want director just to be did we say this just D? / Lina Ceniccola: So let's just leave it as / Lina Ceniccola: direct. / Emily Vandenberg: And they can see reps can see that. No problem. / Lina Ceniccola: Yeah, that's fine for now. || 2026-08-11 Wagertech <> Jumpr: Weekly Sync: Kobi Kunasekaran: ... this partner will be hidden for reps. / Kobi Kunasekaran: ... But as a rep, they wouldn't see uh partner info at all if they go to the deal. ...","WAGR-45 (Ready, Must Have) removes all Deal access and hides partner everywhere for reps. Later client decisions keep the partner code in the global deal name shown to reps (2026-08-11) and add the partner short code to the Sign-Up header for reps (2026-09-23); the 2026-08-11 demo hides partner on the deal page rather than removing deal access, and the 2026-09-25 test shows a rep view of the deal's affiliate links. WAGR-94 also assumes reps keep read-only Deal access.","Re-scope WAGR-45 to: partner field hidden from rep layouts, partner code allowed in Deal Name and Sign-Up header, and a decision on whether reps keep read-only Deal access (align with WAGR-94). Then move it to the right status."
VAR-028,V3,Medium,high,confirmed,"WAGR-225 (live: Jumpr Review, Kobi, 0 comments, description never edited since creation 2026-08-10 22:46) builds Deal_Name__c/Deal__c as Operator - Market - Vertical with Partner deliberately removed. At the 2026-08-11 sync (00:34-00:41) Kobi asked whether to keep the earlier 'remove the partner' format; Lina decided 'No, we can keep it... Let's just do that' and 'keep the vertical'. No later meeting reverses the partner code; 08-25 adds a source suffix and 09-23 changes only the multi-state prefix. The Name flow (WAGR-221 comment 2026-08-11, WAGR-147) includes Partner_Code__c, but no ticket retires or corrects the WAGR-225 formula fields, whose AC6 puts them on Deal list views and the record page.",Deal,WAGR-225 removes Partner from the Deal label; the client decided the deal name keeps the partner code,WAGR-225; WAGR-225,Jumpr Review; Jumpr Review,Kobi Kunasekaran; Kobi Kunasekaran,* Partner removed from the Deal label. Deliberate.,Wagertech <> Jumpr: Weekly Sync,2026-08-11,Emily Vandenberg; Lina Ceniccola,00:39:43,https://docs.google.com/document/d/1Qw_rUiBDniWRNlPQ1St7C7VbJ5rCPriZCrMoUeCHGV8/edit,"Emily Vandenberg: ... are we okay to um put into like the rep facing views the like kind of partner code CTM CGD on the kind of like global deal name. ... / Lina Ceniccola: No, we can we can keep it. / Emily Vandenberg: it. / Lina Ceniccola: That's easier. Let's just do that.","2026-08-25 Wagertech <> Jumpr: Weekly Sync: Lina Ceniccola: yeah, I like at the end having the identifier as - / Lina Ceniccola: well there will always be a source. / Lina Ceniccola: Adding one more letter okay makes it more clear. / Kobi Kunasekaran: Okay. Okay. So, I'll just use the onelet code at the end. / Kobi Kunasekaran: Um, show it for all of it. Um, and then let's see what that looks like in a || 2026-09-23 Wagertech <> Jumpr: Weekly Sync: Kobi Kunasekaran: do we want to keep it as multistate like that or um do we want to use like what we have uh in the V ID naming convention / Emily Vandenberg: so see the like region like the Canada, Ontario versus Alberta breakout and then US there's / Emily Vandenberg: going to be some but if not then you can kind we'll keep it as um multi. / Lina Ceniccola: I agree.","WAGR-225 (Jumpr Review) builds Deal_Name__c / Deal__c labels as Operator - Market - Vertical with no partner. The 2026-08-11 client sync decided the global deal name includes the partner code (state/country, operator, partner code, vertical), and 2026-08-25 added the source suffix. The Name flow (WAGR-147) follows the decision; the WAGR-225 formula fields do not.",Do not pass WAGR-225 review as written. Either retire the Deal_Name__c / Deal__c formula fields (Name is now flow-generated) or update them to the agreed format with partner code and source.
VAR-029,V3,Medium,medium,downgraded,"The variance is real. The 2026-09-23 client call settled region-specific Deal naming, and the 2026-09-24 internal call confirmed that 'multi-state' is going away. But WAGR-471 is still Open with its 'not settled' text, and WAGR-223/WAGR-225 still output 'Multi-state'. Jira already covers part of it: Kobi's 2026-09-29 comment on WAGR-101 (Done) records that WagerTech confirmed one market per Deal, with country-wide = US/CA via Region_Code__c and non-countrywide multi-state US = one Deal per state. WAGR-471 also keeps an open sub-question that the call did not answer: picklist values with no CMS equivalent.",Deal,WAGR-471 says the multi-state naming rule is unsettled; WagerTech agreed region-specific naming on 2026-09-23,WAGR-471; WAGR-223,Open; Jumpr Review,Kobi Kunasekaran; Kobi Kunasekaran,"The multi-state naming rule is not settled, and nobody answered Kobi's Sep 9 naming proposal.",Wagertech <> Jumpr: Weekly Sync,2026-09-23,Kobi Kunasekaran; Emily Vandenberg; Lina Ceniccola,01:15:02,https://docs.google.com/document/d/14qj2c7XQWrT1KJJhEV34u7rF5KBJU6xMUIPWNfyNDVk/edit,"Kobi Kunasekaran: do we want to keep it as multistate like that or um do we want to use like what we have uh in the V ID naming convention / Emily Vandenberg: so see the like region like the Canada, Ontario versus Alberta breakout and then US there's / Emily Vandenberg: going to be some but if not then you can kind we'll keep it as um multi. / Lina Ceniccola: I agree.",,"WAGR-471 (Open, created 2026-09-25) blocks WAGR-97 on a 'not settled' naming rule. On 2026-09-23 WagerTech agreed region-specific naming (province, state, or CA/US country-wide) with 'multi' kept only where no regional breakout exists, and on 2026-09-24 the team confirmed 'multi-state' is going away. WAGR-223 still outputs 'Multi-state' for country-wide deals.","Record the 2026-09-23 decision on WAGR-471 and close or narrow it to the leftover picklist-mapping question; update WAGR-223/WAGR-224 so country-wide deals show the country code, not 'Multi-state'; unblock WAGR-97."
VAR-033,V5,Medium,high,confirmed,"All six 2026-09-30 quotes are in the re-fetched doc and, read in context, are agreed decisions (Kobi: 'the separate object is warranted'; Joyce agreed to one active term; correct-vs-new path agreed). No later meeting is in the ledger (latest is 2026-09-30). Live WAGR-462 (Requirements, Kobi, 0 comments, last updated 2026-09-30 00:20, before the 11:30 sync) does not have the no-overlap rule, the correct-vs-new path, CPA/payout-model as the new-term trigger, or the per-field tracking deferral. No Commercial Terms build story exists in Jira; WAGR-507 (2 Oct) only adds a placeholder handoff to a 'separate Commercial Terms flow'. One small overstatement: WAGR-462 already has dated history and 'Sign-Up keeps terms in effect on First Wager Date', so it does not omit every rule.",Deal,WAGR-462 (Commercial Terms) lacks the rules decided on 2026-09-30 and no build stories exist,WAGR-462; WAGR-462,Requirements; Requirements,Kobi Kunasekaran; Kobi Kunasekaran,This card holds the requirements for dated terms. Its output is a design and the build stories.,Wagertech <> Jumpr: Weekly Sync,2026-09-30,Kobi Kunasekaran,01:05:01,https://docs.google.com/document/d/1pc9pSc8tFg_8IuqTrOcRpNaRF9l8hiB6sjpqizzbqZo/edit,"Kobi Kunasekaran: So if we need to track how a commercial terms uh changes over the uh lifetime of the deal uh that becomes a custom object underneath it. / Kobi Kunasekaran: But it sounds like we do need that historical tracking ability. So, uh the separate object is warranted.","2026-09-29 Kobi <> Cedrick - Wagertech Deal and CMS Integration Walkthrough: Kobi Kunasekaran: we're going to turn this into a child object that is dated so we are able to track those changes. … Um and then there'll be on whether this is required before activation or not. … there should be no overlaps in the dates || 2026-09-30 Wagertech <> Jumpr: Weekly Sync: Kobi Kunasekaran: Um and from our conversation, we said that this information um one it needs to get stamped on the signup. So when you report on a sign up, you can see what the commercial terms was at the time the sign up first bet was completed.","The 2026-09-30 client sync decided: a custom object under the Deal, only one active term per period with an error on overlap, a 'manage commercial term' path to correct a term or create a new one, CPA and payout model changes create a new term, sign-ups from a new term's start date tie to it, and per-field tracking (for example deposit range) is deferred. WAGR-462 (last written 2026-09-25) states none of these rules, and no Commercial Terms build stories exist in Jira.",Add the 2026-09-30 rules to WAGR-462 as acceptance criteria and create the build stories (Kobi drafted them per L2728). Record that per-field tracking is deferred.
VAR-034,V5,Medium,medium,confirmed,"The quote is in the 2026-08-11 transcript (line 641), with filler words dropped. In context, Joyce goes through the Deal mockup and lists Priority Tier values primary, secondary and blacklisted. Kobi then says 'I'll update the fields.' No later meeting mentions Priority Tier values or Blacklisted. In live Jira, WAGR-175 (Done) and its 2026-08-27 comment have only Primary and Secondary, and WAGR-133 has the same values. A JQL search for blacklist/blacklisted returns 0 issues. Confidence stays medium because Joyce hedged ('I think') and pointed to her own documentation. That doc (1IIfaPIol2HmX8v09gw0SKQyCuoHTiwrJxdDNc7qtvB8, the source cited on WAGR-175) returned 'not found', so I could not check it.",Deal,"Priority Tier in Jira has Primary and Secondary only; the client asked for Primary, Secondary and Blacklisted",WAGR-175; WAGR-175,Done; Done,Taryn Reithofer; Taryn Reithofer,"* Priority Tier (picklist): Primary, Secondary",Wagertech <> Jumpr: Weekly Sync,2026-08-11,Joyce Kiddell,00:48:05,https://docs.google.com/document/d/1Qw_rUiBDniWRNlPQ1St7C7VbJ5rCPriZCrMoUeCHGV8/edit,"Joyce Kiddell: ... under priority tier, I had three options. there was like in the documentation I sent you, you should have it too, but it's I think primary, secondary, and then blacklisted. ...",,"On 2026-08-11 Joyce gave three Priority Tier values (primary, secondary, blacklisted) and Kobi said he would update the fields. WAGR-175 (Done) and the 2026-08-27 comment add only Primary and Secondary; no issue mentions Blacklisted.","Confirm with WagerTech whether 'Blacklisted' is still needed; if yes, add it to Priority_Tier__c and to WAGR-133 (read-only mirror on Affiliate Link)."
VAR-037,V8,Medium,medium,confirmed,Quote is verbatim in the 30 Sep 2026 Weekly Sync; the DRA requirement for VIP sign-ups was left open (assume required for now) with no owner or action item; no later meeting is in the ledger; no WAGR ticket (WAGR-420/431/432/435/405/444/122) addresses VIP DRA handling.,Deal,"Open question: do VIP sign-ups need a Deal Rep Assignment, or should DRAs be bypassed/auto-created for VIP users?",WAGR-432,Open,,* Sign-up must be relatable to an existing Deal (the deal will already exist by the time ops logs the sign-up),Wagertech <> Jumpr: Weekly Sync,2026-09-30,Kobi Kunasekaran; Emily Vandenberg; Joyce Kiddell,01:33:04,https://docs.google.com/document/d/1pc9pSc8tFg_8IuqTrOcRpNaRF9l8hiB6sjpqizzbqZo/edit,"Kobi Kunasekaran: Do we just create a deal assignment when they're creating VIP signups if one doesn't exist? / Kobi Kunasekaran: I just need to talk through that. I don't know if that's a requirement or we just need to bypass it for VIP. But for now, let's assume that DR is required",,"On 2026-09-30 the team left open whether VIP sign-ups bypass the DRA requirement or get auto-created DRAs on every deal, assuming a DRA is required for now. No later meeting answers it, and the VIP tickets (WAGR-420, WAGR-432) do not mention DRAs.","Add the question to WAGR-432 (VIP manual entry) or WAGR-420 and get a WagerTech answer before the VIP flow is built, because DRAs come from the CMS only in Phase 2 (WAGR-444)."
VAR-024,V2,Low,medium,downgraded,"Real but narrower than claimed: the payout-dependency line in WAGR-462 conflicts with the 2026-09-25 discovery (Kobi: commercial terms are ops-level reporting, no implication on referral payouts; Joyce: 'No,') and the 2026-09-30 reporting-stamp design, but Joyce's reply is terse and cut off, and the backdated/'paid Sign-Ups' rule is not clearly contradicted ('paid' may mean operator CPA revenue per L2501; 9/30 design itself recalculates Sign-Up term links when dates change). The card is a requirements-only design item, so the risk is stale text, not a wrong build.",Deal,WAGR-462 says Deal CPA feeds referral payouts and backdated terms re-price unpaid Sign-Ups; client confirmed commercial terms are reporting only,WAGR-462; WAGR-462,Requirements; Requirements,Kobi Kunasekaran; Kobi Kunasekaran,* Show clearly how the Deal CPA feeds the payouts. This is a dependency for referral payouts and redeposits.,Wagertech <> Jumpr: Referral and Payouts Discovery,2026-09-25,Kobi Kunasekaran; Joyce Kiddell,01:26:00,https://docs.google.com/document/d/1297TNkbv9TV2Gtwb8xsPXXRXjWqOHSzQdmnbXJgLrsw/edit,"Kobi Kunasekaran: Like we talked about like the uh commercial terms on the deal and stuff. Those are all at the like ops level reporting. Like this has no implication on any like referral payouts or anything like that, right? / Joyce Kiddell: No,","2026-09-25 Wagertech Internal Sync: Kobi Kunasekaran: ...one of the outstanding things is like is the payout dependency like how they plan on using the information from the deal in terms of CPA and how that ties to payouts. So I think once we resolve that, this will be build ready.... || 2026-09-11 Wagertech <> Jumpr: Weekly Sync: Joyce Kiddell: no, I'm just tying it back to like each each signup h is represents um a CPA for us, right? Like a conversion where we get paid and that conversion amount can only tie back to the terms set out at the deal level. / Kobi Kunasekaran: but only like the the commercial terms that were set on the deal at the time the signup was like completed / Joyce Kiddell: Correct.","WAGR-462 treats Deal commercial terms as a payout dependency (re-pricing unpaid Sign-Ups, flagging paid ones). On 2026-09-25 Joyce confirmed the deal commercial terms are ops-level reporting only with no impact on referral payouts; on 2026-09-30 the terms were described as a reporting stamp on the Sign-Up.","Update WAGR-462: state that commercial terms are reporting-only for BA referral payouts, remove or reword the payout-dependency and 'paid Sign-Ups' rules, and keep only the stamping/reporting behaviour. Confirm with Emily that the operator-CPA revenue view (L2501) is the only use."
VAR-025,V2,Low,high,downgraded,"Real and still open: Joyce said verbatim on 2026-08-11 that Priority Tier has three values (primary, secondary, blacklisted). No later meeting drops Blacklisted, and no WAGR issue mentions it. WAGR-175 (Done) and WAGR-133 carry only Primary and Secondary. Severity goes down to Low: the fix is one picklist value on a field that WAGR-507 marks optional. Joyce also hedged ('I think') and pointed to her own documentation, which I could not open.",Deal,"Priority Tier built as Primary/Secondary only; client asked for Primary, Secondary, Blacklisted",WAGR-175; WAGR-133,Done; Jumpr Review,Taryn Reithofer; Taryn Reithofer,"Priority Tier → Deactivated: Tier 1, Tier 2, Tier 3. Added: Primary, Secondary",Wagertech <> Jumpr: Weekly Sync,2026-08-11,Joyce Kiddell,00:48:05,https://docs.google.com/document/d/1Qw_rUiBDniWRNlPQ1St7C7VbJ5rCPriZCrMoUeCHGV8/edit,"Joyce Kiddell: ... under priority tier, I had three options. there was like in the documentation I sent you, you should have it too, but it's I think primary, secondary, and then blacklisted. ...",,"Joyce listed three priority tier values on 2026-08-11 (primary, secondary, blacklisted) and Kobi said he would update the fields. WAGR-175 (Done) and WAGR-133 carry only Primary and Secondary.",Add 'Blacklisted' to the Priority Tier picklist (or confirm with Joyce it was dropped) and update WAGR-133.
VAR-030,V3,Low,high,downgraded,"Quotes and the 2026-08-11 decisions are real, and WAGR-62 is stale (Ready, description unchanged, no comments). But each requirement is already covered in Jira by newer tickets: WAGR-209 (Owner moved to Additional Details), WAGR-214 (remove Deal Version), WAGR-174 (read-only, CMS-synced DRA list), WAGR-170 (Links list), WAGR-68 (field history). All are in Jumpr Review, created 2026-08-11 to 08-20. What is left is a ticket-hygiene problem: WAGR-62 should be closed or updated. Also, Deal Version removal was reopened on 2026-09-11/09-30 (WAGR-98 DECISION-07), so 'remove Deal Version' is not a settled target.",Deal,WAGR-62 Deal record page spec still puts Owner and Deal Version in the top section and blocks the read-only DRA list,WAGR-62; WAGR-62,Ready; Ready,Kobi Kunasekaran; Kobi Kunasekaran,R: Vertical | Deal Status | Priority Tier | Owner | Deal Version,Wagertech <> Jumpr: Weekly Sync,2026-08-11,Joyce Kiddell,00:46:51,https://docs.google.com/document/d/1Qw_rUiBDniWRNlPQ1St7C7VbJ5rCPriZCrMoUeCHGV8/edit,"Joyce Kiddell: ... so like owner and deal version, I was thinking that we would just have it under like additional details. ... / Kobi Kunasekaran: Okay. / Joyce Kiddell: these two things are not required near the top. ...","2026-09-11 Wagertech <> Jumpr: Weekly Sync: Kobi Kunasekaran: cuz we're still assuming that the process is like Salesforce, we set up the deals and the links get sent to CMS and on CMS side, you're assigning those links. for those deals to the reps that you already have. / Kobi Kunasekaran: And when those assignments are done, that gets sent back to Salesforce, which kind of closes the loop and creates the deal rep assignment records and the signup records based off of the SLC's. Right? That's the process from a high level. / Strahinja Vladetic: Yep. || 2026-09-30 Wagertech <> Jumpr: Weekly Sync: Emily Vandenberg: we'll change up assignments. The links will stay um as is / Kobi Kunasekaran: Okay, I think that should be fine because the idea is that the CMS drives a DRA anyway. So, we're not creating the assignments in Salesforce.","WAGR-62 (Ready, Must Have, created 2026-08-10) places Owner and Deal Version in Deal Information and holds the read-only DRA list pending DECISION-01. The next day's client sync moved Owner/Deal Version down, removed Deal Version entirely, and agreed the DRA list is read-only and synced from the CMS; later meetings (2026-09-11, 2026-09-30) confirm the CMS drives DRAs.","Update WAGR-62 to the current layout (no Deal Version, Owner in Additional Details, read-only CMS-synced DRA list, links columns per WAGR-170) or close it in favour of the built page and newer tickets (WAGR-209, WAGR-214, WAGR-174)."
VAR-031,V3,Low,high,downgraded,"Real but narrower: WAGR-98's description still leans to Option 1 (edit in place + Field History) and asks Q1/Q2 that the 2026-09-11 and 2026-09-30 syncs answered for commercial terms (dated child object warranted). But WAGR-462 (Requirements, Sprint 2) already records 'keep a dated history of each Deal's terms' and its Done-when says WAGR-98 is updated to the approved design and closed, so Jira partly covers it. The 'reactivation always keeps the same deal' part is weaker than claimed: Emily hedged on 09-11, and on 09-30 deal/makeup versioning was left open pending a CMS call.",Deal,WAGR-98 still leans to 'edit terms in place' and asks questions the meetings already answered,WAGR-98; WAGR-98,Requirements; Requirements,Kobi Kunasekaran; Kobi Kunasekaran,**Jumpr's lean:** Option 1 now; Option 2 only if WagerTech needs historical-terms reporting,Wagertech <> Jumpr: Weekly Sync,2026-09-11,Emily Vandenberg; Kobi Kunasekaran,00:15:00,https://docs.google.com/document/d/1JrZTaJQB49Swpnz3SjTb-o-E28mRHEmGWaQCU-TMm5c/edit,Emily Vandenberg: Like I think when the like the example of commercial terms like you know something deactivates it comes back with like new commercial terms like I would treat that as like just a reactivation and you're logging the change and you kind of like know but it's essentially the same deal. / Kobi Kunasekaran: … So decisions we're making is like ideally the deal remains the same even if it gets deactivated and reactivated at a later time.,"2026-09-30 Wagertech <> Jumpr: Weekly Sync: Kobi Kunasekaran: Um we can start introducing like the concept of hierarchies uh where you have like uh container that holds different versions of the same makeup if and then we can roll up all the numbers to the parent level. / Joyce Kiddell: I think that makes sense. It's like a version history. / Kobi Kunasekaran: Mhm. But I think I think for that we just need to like think with the CMS side, right? || 2026-09-30 Wagertech <> Jumpr: Weekly Sync: Kobi Kunasekaran: Because that I have a feeling that's going to change how your workflows are uh being done on the CMS side. / Emily Vandenberg: Okay, we can set up a call to kind of chat that through.","WAGR-98 (Requirements, Must Have) recommends editing terms in place with Field History. Meetings decided a dated Commercial Terms custom object (2026-09-29 internal, 2026-09-30 client sync) and that a deal returning with new terms stays the same deal (2026-09-11).","Record the decision on WAGR-98 (dated child object; reactivation keeps the same deal) and close it, as WAGR-462 already plans, so nobody builds Option 1."
VAR-035,V5,Low,low,downgraded,"Quote is verbatim, but it defines the Commercial Terms currency field (operator pays WagerTech, typically USD), not the Deal record currency. The same 2026-08-27 call decided that the Deal market country sets the sign-up currency (Canada to CAD, US to USD). WAGR-507's Canada to CAD default matches that decision, so it is not a conflict. WAGR-39 already marks currency semantics and the CMS 'currency' mapping as pending WagerTech confirmation. WAGR-462 also lists currency as an open question. The only gap left is documentation: no ticket records the two-currency distinction from 2026-08-27.",Deal,"Deal currency meaning was defined by the client on 2026-08-27, but Jira still lists 'final currency semantics' as open and defaults Canada deals to CAD",WAGR-39; WAGR-39; WAGR-507,Requirements; Requirements; Open,; ; Cedrick Infantado,* Final Deal currency semantics.,Emily / Kobi (client working session),2026-08-27,Emily Vandenberg,00:00:49,https://docs.google.com/document/d/1LL6tMq9tPMMnfKLg5AGRRz9ps6Tk6Yt6-3uqWMW3Cn0/edit,Emily Vandenberg: So the commercial terms of the deal which would be labeled in the currency field don't always match what we would pay have the currency we would pay out to the sign up. So that's just telling you how they're going to pay like what funds they're going to pay us in. And typically they pay us in USDU and it's our affiliates. So that can't be assumed. Currency to currency can't be assumed.,"2026-09-11 Wagertech <> Jumpr: Weekly Sync: Emily Vandenberg: I pinged her. Yeah, I think like for now it would be fine, but / Joyce Kiddell: Yeah, maybe it's something that we don't deal with until we have to deal with it. / Kobi Kunasekaran: … If you want the same deal, like if you want the ability for the same deal to change the currency, that's when we'll have to have a chat. But uh we're okay with creating a new deal.","Emily stated that the deal currency is the currency the operator pays WagerTech in (typically USD) and must not be assumed to be the currency WagerTech pays out on the sign-up. WAGR-39 keeps currency semantics as an open question, sends Deal currency to the CMS as 'currency', and WAGR-507 defaults Canada deals to CAD.","Write the 2026-08-27 definition into WAGR-39/WAGR-454/WAGR-507. Confirm with WagerTech what the CMS uses the 'currency' value for, and whether the Canada→CAD default is correct given operators usually pay in USD."
VAR-036,V5,Low,medium,downgraded,"Quotes exist and the 11 Sep merge/options ask is real, and Jira (WAGR-447, WAGR-39) puts sign-up movement out of scope with no options/effort follow-up. But on 30 Sep Kobi showed the client Archive + 'replaces' lookup as the way to trace sign-ups and history after an error deal, and called clone/replace V2. Emily accepted this for the 'if we messed up' CTM case and did not ask for merge again. WAGR-463 item 7 also parks incorrect-Deal sign-up remediation. Emily said the case is rare. What is left is a gap in client communication: no one told the client that sign-ups will not move and no merge effort was given. It is not a Medium scope gap.",Deal,Client asked for options and effort to merge or correct an erroneously created deal; Jira only parks sign-up remediation and lists sign-up movement as out of scope,WAGR-463; WAGR-447,Requirements; Requirements,Kobi Kunasekaran; ,7. Keep late-click / incorrect-Deal Signup remediation as a separate operational/business-process decision where still relevant.,Wagertech <> Jumpr: Weekly Sync,2026-09-11,Kobi Kunasekaran,00:39:57,https://docs.google.com/document/d/1JrZTaJQB49Swpnz3SjTb-o-E28mRHEmGWaQCU-TMm5c/edit,"Kobi Kunasekaran: … So, um yeah, I I'll think it through. I'll provide the option and we can go from there. / Kobi Kunasekaran: I think we're good. Yeah, and I'll get back to you on options on how we're going to design like the deal with the commercial terms changing and what that could look like, but I think I don't think that's going to block the CMS integration",,"On 2026-09-11 Emily asked for a quick way to merge a deal created in error so historical sign-ups report against the corrected deal, and asked for options and effort; Kobi committed to provide options. WAGR-447 and WAGR-39 list moving sign-ups to a successor as out of scope, and WAGR-463 only keeps 'incorrect-Deal Signup remediation' as a separate decision. No ticket tracks giving the client the options/effort.","Add an explicit follow-up (owner, date) to WAGR-463 or a Holding Pen ticket for 'erroneous deal correction/merge: options and effort for WagerTech', and tell the client that V1 Archive & Replace does not move sign-ups."
VAR-038,V1,Low,medium,not in verification sample (Low),,Deal,No ticket to clean up the duplicate Brand Manager fields on Deal Rep Assignment and add logic that fills Brand Manager,,,,,Wagertech Internal Sync,2026-09-23,Kobi Kunasekaran; Taryn Reithofer,00:23:38,https://docs.google.com/document/d/1JqbaHGeYiNWQ-O37-G7vWH8mfZ3r-I7d0pZ5ypAibNQ/edit,"Kobi Kunasekaran: Why do we have we have two fields? Okay. Need to clean this up. / Taryn Reithofer: Well, two brand managers. So, you know, let me make a note of that, too. / Kobi Kunasekaran: Yeah, still needs to be cleaned up.",,"In the 2026-09-23 internal sync Kobi said the DRA has two Brand Manager fields that need clean-up, and that no logic fills the Brand Manager field; he asked for a ticket if none exists. No Jira issue covers either item.","Create one ticket (or two) for the DRA Brand Manager field clean-up and population logic. Link it to WAGR-444 (CMS→SF DRA, Phase 2), because Kobi tied the fix to what the CMS will send."
VAR-039,V1,Low,medium,not in verification sample (Low),,Deal,No ticket for the decided change of the Affiliate Link auto-number prefix from TL to LNK,,,,,Wagertech Internal Sync,2026-09-24,Cedrick Infantado; Taryn Reithofer; Kobi Kunasekaran,00:20:17,https://docs.google.com/document/d/1bG4sajKiIDV5-jUptnq_81XPUowAMM4w3755UsBRfQQ/edit,"Cedrick Infantado: actually for the link uh are we using the TL um prefix for this? / Cedrick Infantado: It's L nk. / Kobi Kunasekaran: object? Okay. Uh yeah, let's let's change it then.",,In the 2026-09-24 internal sync Kobi agreed to change the Affiliate Link auto-number prefix from 'TL' to 'LNK' to match the mockup. No Jira issue records the change.,"Add the prefix change to an open Affiliate Link ticket (for example a comment on WAGR-82 or WAGR-169), or create a small ticket, and confirm it before the production data load so Link IDs are stable."
VAR-040,V2,Low,medium,not in verification sample (Low),,Deal,Pre-activation default status is 'Draft' in Jira but 'New' in the meetings (and in WAGR-39),WAGR-506; WAGR-39,Jumpr Review; Requirements,Cedrick Infantado; Unassigned,"Deal — Final Deal Status value set (Draft, Active, Paused, Inactive, Closed, Archived)",Kobi <> Cedrick - Wagertech Deal and CMS Integration Walkthrough,2026-09-29,Kobi Kunasekaran,00:15:37,https://docs.google.com/document/d/12vbA9gL7ne04yz4gZ5SbVjVMHLY5uy-gO4k2gUV29qQ/edit,Kobi Kunasekaran: when we create a deal through the screen flow um we're going to introduce a new status called new. Um this is going to be the default status that every new newly created deal gets created as. Um there's going to be a jur ticket for this. Um because we don't have the new status right now in place.,"2026-09-30 Wagertech <> Jumpr: Weekly Sync: Kobi Kunasekaran: Uh, but essentially until a deal is activated, I've opened up the ability to edit the makeup uh without it uh like and editing the makeup will update the uh IDs and external IDs on all of that","The 2026-09-29 walkthrough decided a new default status called 'New'. WAGR-506 (built 2026-10-01) adds 'Draft' as the default, while the WAGR-39 epic and WAGR-458/498 still say 'New'. No transcript records a rename to Draft.","Confirm the label with WagerTech (users see it; CMS never receives it) and make WAGR-39, WAGR-458, WAGR-498 and WAGR-506 use one name."
VAR-041,V3,Low,high,confirmed,"WAGR-13 (live: Requirements, Kobi, active Sprint 2) still keys Deal uniqueness on Partner+Operator+Market+Vertical+Version and offers 'flag Review Required'. Transcripts and current Jira (WAGR-448, WAGR-492, WAGR-463) agree: no Version field, Review Required removed, makeup = operator/partner/market country/market state/vertical/source with a hard block. The supersession note exists only in WAGR-99, not on WAGR-13 itself. Low is the right severity.",Deal,WAGR-13 still defines the Deal duplicate key with Version and a Review Required flag,WAGR-13; WAGR-99,Requirements; Done,Kobi Kunasekaran; Cedrick Infantado,* Deal: enforce uniqueness on the Partner + Operator + Market + Vertical + Version combination,Kobi <> Cedrick - Wagertech Deal and CMS Integration Walkthrough,2026-09-29,Kobi Kunasekaran,00:15:37,https://docs.google.com/document/d/12vbA9gL7ne04yz4gZ5SbVjVMHLY5uy-gO4k2gUV29qQ/edit,"Kobi Kunasekaran: Operator, partner, market country, market state, vertical, and source. I guess it's not five fields, it's more than five, but those are the deal makeup fields for a deal. That's what makes a deal unique.",,"WAGR-13 (Requirements, assigned Kobi) keys Deal uniqueness on Version and offers 'flag Review Required'. The agreed makeup is operator, partner, market country, market state, vertical and source; Deal Version and the Review Required status were both removed. WAGR-99/WAGR-448 now own Deal dedupe.",Remove the Deal bullet and Deal AC from WAGR-13 (point to WAGR-448) and keep it for Operator/Partner duplicate rules only.
VAR-042,V3,Low,medium,not in verification sample (Low),,Deal,WAGR-170 Links related list still requires an Active Assignments column and assignment-based delete block,WAGR-170; WAGR-170,Jumpr Review; Jumpr Review,Taryn Reithofer; Taryn Reithofer,"* Columns: Link ID, Link Code, Tracking URL, Assignment Cap, Active Assignments (count of reps currently on that link), Active",Wagertech Internal Sync,2026-09-18,Kobi Kunasekaran,00:35:30,https://docs.google.com/document/d/12MuEGyIBzlK4HDr4NdwCCWIxbT6ozK3EtWdlP_E2T4Q/edit,"So, roll up. Let's skip the active assignments for now. Again, same same reason. / Kobi Kunasekaran: We don't know if we're going to have the information. / Kobi Kunasekaran: Um, deal assignments I don't know if we're going to be able to do yet because we don't know if the link information is going to come back. So, we'll have to put a pin on this.",,"WAGR-170 (Jumpr Review) requires a count of reps on each link and blocks deletion where assignments exist. On 2026-09-18 Kobi struck active-assignment counts because the CMS may not return link-assignment data, and on 2026-09-24 deletion was left available from the related list with no assignment check.",Edit WAGR-170 acceptance criteria to drop the Active Assignments column and the assignment-based delete block (or mark them Phase 2 with WAGR-444) before review closes.
VAR-043,V3,Low,high,not in verification sample (Low),,Deal,"External Deal ID suffix counter: WAGR-198 close-out says 'no version suffix counter' and WAGR-104 is still undecided, but the team kept the increment",WAGR-198; WAGR-104; WAGR-448,Done; Requirements; Jumpr Review,Kobi Kunasekaran; Kobi Kunasekaran; Cedrick Infantado,no version suffix counter;,Kobi <> Cedrick - Wagertech Deal and CMS Integration Walkthrough,2026-09-29,Kobi Kunasekaran; Cedrick Infantado,00:30:59,https://docs.google.com/document/d/12vbA9gL7ne04yz4gZ5SbVjVMHLY5uy-gO4k2gUV29qQ/edit,Kobi Kunasekaran: The deal external ID formula I believe it's already built to add like a 001 at the end so that it's always going to be unique. / Kobi Kunasekaran: so the deal makeup ID is not something we send through the uh API. This is internal only. Uh and we use this uh to dduplicate deal creation. / Cedrick Infantado: I thought that's the external ID. So for the external ID it would remain the same and for the new one that / Kobi Kunasekaran: Correct.,,"On 2026-09-29 the team agreed the makeup key is released on retire/archive and the External Deal ID keeps an increment so a replacement deal gets a unique ID. WAGR-448 matches this, but the WAGR-198 closing comment says the target has 'no version suffix counter' and WAGR-104 (Requirements) still presents remove/replace/keep as open.","Correct the WAGR-198 closing comment, and close WAGR-104 with a pointer to WAGR-448 (direction 'keep')."
VAR-044,V3,Low,medium,not in verification sample (Low),,Deal,"WAGR-392 plans sharing rules for Brand Manager visibility; internal decision says no sharing rules now, and the ticket has no owner",WAGR-392,Ready,Unassigned,"1. Once the Brand Manager object/record model is in place, extend sharing so a Brand Manager can view the Deal and Deal Rep Assignment records tied to the Reps (BAs) they manage.",Wagertech Internal Sync,2026-09-23,Kobi Kunasekaran,00:32:47,https://docs.google.com/document/d/1JqbaHGeYiNWQ-O37-G7vWH8mfZ3r-I7d0pZ5ypAibNQ/edit,"Kobi Kunasekaran: Okay, that's fine. I don't think we need to do the sharing rules right now. / Kobi Kunasekaran: Um everybody should be able to see their deal rep assignments already. Um what we don't have is custom views to like a quick related list that just shows you your deal assignment. I think that would be the solution for this. / Kobi Kunasekaran: I think this a lower priority.",,"On 2026-09-23 Kobi decided sharing rules are not needed now (users can already see their DRAs) and that a custom 'my DRAs' view is the likely fix, at low priority; Taryn said the ticket was under Kobi and blocking her. WAGR-392 is Ready, unassigned, still specifies extended sharing, and still blocks WAGR-391.","Assign WAGR-392 (Kobi), re-scope it to the custom view approach or park it as low priority, and remove the block on WAGR-391 if no longer true."
VAR-045,V3,Low,medium,not in verification sample (Low),,Deal,"WAGR-240 keeps the standard New button on Deal; the 09-29 decision moves deal creation to a screen flow, and no ticket removes or overrides the New button",WAGR-240; WAGR-507,Done; Open,Kobi Kunasekaran; Cedrick Infantado,"'New' button:

* KEEP on: Account, Deal",Kobi <> Cedrick - Wagertech Deal and CMS Integration Walkthrough,2026-09-29,Kobi Kunasekaran,00:14:22,https://docs.google.com/document/d/12vbA9gL7ne04yz4gZ5SbVjVMHLY5uy-gO4k2gUV29qQ/edit,"Kobi Kunasekaran: they're using the standard new button um to create the deals. Um, except I want to move away from this. So, we are going to do a screen flow um that uh it's mostly packed out um that they're going to use instead to create a new deal.",2026-09-29 Kobi <> Cedrick - Wagertech Deal and CMS Integration Walkthrough: Kobi Kunasekaran: there I'm thinking about an additional section for commercial terms uh which is a another design that I'm working on um that I will I still need to finish and add in um but we decided that on deals right now there's this there's a bunch of fields called commercial terms that uh is going to be its own section uh in that screen flow for the user to either choose to add it during dual creation or they can skip it and add it later on through a screen,"WAGR-240 (Done, 08-10) keeps the standard New list-view button on Deal. On 2026-09-29 Kobi decided deal creation moves away from the standard New button to a screen flow; WAGR-507 builds that flow but does not say to remove or override the standard New action, so users could still bypass the guided Draft-only creation.","Suggestion only: add an acceptance criterion to WAGR-507 to override or remove the standard New action on Deal (list views and related lists), or record why it stays for admins."
VAR-047,V6,Low,medium,not in verification sample (Low),,Deal,Children of the 'later phase' CMS->SF DRA epic are marked Phase 1 / Must Have,WAGR-122; WAGR-444,Open; Requirements,Unassigned; Unassigned,Putting this on hold until we finalize the CMS <> SF Integration details.,Kobi <> Cedrick - Wagertech Deal and CMS Integration Walkthrough,2026-09-29,Kobi Kunasekaran,00:48:43,https://docs.google.com/document/d/12vbA9gL7ne04yz4gZ5SbVjVMHLY5uy-gO4k2gUV29qQ/edit,"Kobi Kunasekaran: that deal affiliate link rep association gets pushed back into Salesforce so that's going to be phase two of the CMS integration um that we still need to spec account and get input from them. / Kobi Kunasekaran: once that's live and we're able to create the deals and links here and test that out, um we will need to start picking up the DRA uh DRA design.",2026-09-24 Wagertech Internal Sync: Taryn Reithofer: so there's wager 83 waiting on / Taryn Reithofer: pausing on this for now until CMS Epic is built. / Kobi Kunasekaran: deal rep assignment related list. / Kobi Kunasekaran: that one we don't need to do right now.,"The 2026-09-29 walkthrough placed the CMS->Salesforce DRA push in Phase 2 of the CMS integration. WAGR-444 is titled 'later phase' and has no Phase value, but its children WAGR-117, WAGR-118, WAGR-122 and WAGR-124 carry Phase = 1 (WAGR-122 also Must Have).","Set Phase = 2 on WAGR-117/118/122/124 (and on WAGR-444), or record why they stay in Phase 1."
VAR-048,V2,Medium,high,confirmed,"In the Aug 18 sync, Lina said BA statuses are 'really only active, paused, or terminated'. Joyce then confirmed 'active, paused and terminated are the three statuses'. No later meeting reverses this. WAGR-176 and WAGR-91 still list four values, including Inactive. No WAGR ticket or comment corrects it.",Referrer / Brand Ambassador,"BA Status picklist in Jira keeps 'Inactive'; Aug 18 sync decided only Active, Paused, Terminated",WAGR-176; WAGR-91,Jumpr Review; Open,Taryn Reithofer; Kobi Kunasekaran,"BA Status — Picklist: Active, Paused, Inactive, Terminated. Trimmed from an initial five-value list that included a Review status.",Wagertech <> Jumpr: Weekly Sync,2026-08-18,Joyce Kiddell; Lina Ceniccola,00:47:53,https://docs.google.com/document/d/1SOoE_HqRKzBFtDRxNkR4kLvamf4T_r3bS_uem79bYi0/edit,"Joyce Kiddell: ...Kobi live, we're going to remove review. / Lina Ceniccola: if it's I think it's really only active, paused, or terminated cuz like they don't / Joyce Kiddell: Okay. Um so active uh paused and terminated are the / Joyce Kiddell: three statuses. Um brand manager cannot be easily added as like a",2026-08-18 Wagertech <> Jumpr: Weekly Sync: Kobi Kunasekaran: We terminating like are we talking about like deactivating the user from Salesforce as well? / Joyce Kiddell: Yes. / Lina Ceniccola: Yeah. || 2026-08-18 Wagertech <> Jumpr: Weekly Sync: Kobi Kunasekaran: We terminating like are we talking about like deactivating the user from Salesforce as well? / Joyce Kiddell: Yes. / Lina Ceniccola: Yeah.,"The client removed both 'Under Review' and 'Inactive' (Lina: 'it's really only active, paused, or terminated'); Joyce confirmed three statuses. WAGR-176 removed only Review and specifies four values including Inactive, and WAGR-91 designs the User-Active mapping around those four values.","Remove 'Inactive' from the BA Status value set in WAGR-176 (and the built picklist, if present). Update WAGR-91 so the mapping covers Active / Paused / Terminated only (Terminated = user deactivated, per WAGR-79)."
VAR-049,V1,Low,high,not in verification sample (Low),,Referrer / Brand Ambassador,No ticket for the yellow 'Paused' banner on the Referrer record (decided Sep 3),,,,,Wagertech Internal Sync,2026-09-03,Taryn Reithofer; Kobi Kunasekaran,00:19:45,https://docs.google.com/document/d/1y57PArEtR_WrDVNsTMP8P4PVl_VoWfEqhVhlV-1vPvE/edit,"Taryn Reithofer: they didn't ask for a banner for pause, I believe. Um, but I feel like we should probably keep it the same as ban. / Kobi Kunasekaran: Yeah, I think we should have a banner just so it's a bit more prominent, / Kobi Kunasekaran: we can use this like same yellow one instead of the red if that makes any / Taryn Reithofer: Yeah. Yeah.",,"The team decided that Paused gets a banner like Banned, in yellow. WAGR-171 (Inactive Status Banner) says it was 'Updated 2026-08-27 to drop Paused from scope', and the WAGR-178 comment of 2026-08-27 only flags the idea as 'not a confirmed decision yet'. No ticket or later comment records the Sep 3 decision.","Add a small task (or a comment on WAGR-178 / WAGR-171) for the yellow Paused banner on the Referrer page. Because the client did not ask for it, show it to the client in the next page review."
VAR-050,V1,Low,medium,not in verification sample (Low),,Referrer / Brand Ambassador,"No backlog ticket for the 'link existing player as referrer' screen flow (decided for V1 on Jul 15, later called a down-the-line request)",,,,,Wagertech <> Jumpr - Weekly Sync,2026-07-15,Kobi Kunasekaran; Lina Ceniccola,01:28:31,https://docs.google.com/document/d/1Grl2_TpsgmgP8a-4GCRLXkKYQukPwldrg22d_gmRiWQ/edit,"Kobi Kunasekaran: we could create a screen flow um that give them the option like create new refer or pick pick an existing player / Lina Ceniccola: Yeah, let's let's go with the reduced and manual steps for sure / Kobi Kunasekaran: Well, I I'll scope it out, but I don't want to put in the automation yet until we finalize the fields. / Kobi Kunasekaran: So we'll we'll we'll make sure that it's in for V1 but uh it won't be in for when you're doing the","2026-08-18 Wagertech <> Jumpr: Weekly Sync: Joyce Kiddell: This is probably like a down the line request, but is it easy to like press a button and be like, I'm going to convert this player into a refer? / Kobi Kunasekaran: ...we could set up a screen flow that essentially prefills those fields from the player record. / Joyce Kiddell: I like that.","Jul 15: Kobi committed to scope a screen flow that creates a new referrer or picks an existing player and links it, 'in for V1'. Aug 18 reframed it as a down-the-line request. Jira only mentions it as a note inside WAGR-189 ('""Convert Player to Referrer"" screen-flow is a Phase 2 candidate, not this build'); there is no ticket in Phase 1, the Phase 2 Stories epic (WAGR-478) or the Holding Pen (WAGR-443).","Create a Phase 2 backlog story (Convert/link Player to Referrer screen flow, pre-fills from the Player record) under WAGR-478, and confirm with the client that the Jul 15 'V1' commitment is now Phase 2."
VAR-051,V3,Low,high,not in verification sample (Low),,Referrer / Brand Ambassador,WAGR-359 still parks the secondary-referrer count roll-up as a Phase 2 candidate; it was decided and built in Phase 1,WAGR-359; WAGR-168,Open; Jumpr Review,Unassigned; Taryn Reithofer,ON HOLD: parked until Phase 2 scoping; no Phase 1 consumer.,Wagertech <> Jumpr - 60 Min (Joyce Kiddell),2026-07-17,Joyce Kiddell; Kobi Kunasekaran,00:38:08,https://docs.google.com/document/d/1uCoi6pw3ckVsTv1im7Qc235RyfAUqb7UGFJs2Pd6uMY/edit,Joyce Kiddell: it should have like number of like primary referrals and secondary referrals. / Kobi Kunasekaran: Yeah. / Joyce Kiddell: Yeah. Yep. Okay.,"2026-09-25 Wagertech <> Jumpr: Referral and Payouts Discovery: Joyce Kiddell: um, then you get some sort of bonus. Uh, it's 200 bucks in redeposit or 100 bucks um in cash and it's a onetime thing. So to be clear, that means Lena and Emily that like after the first 10 signups, they're not getting like another bonus at 20 signups and then 30 and 40. Or are they? / Lina Ceniccola: Yes. No. No. 10. They're done. / Kobi Kunasekaran: quies. Okay, this sounds good. Um, so just send for the secondary refer after that's sent out. We're not doing anything else. / Joyce Kiddell: Uh-uh. || 2026-09-30 Wagertech <> Jumpr: Weekly Sync: Kobi Kunasekaran: I we I think we said the secondary onetime bonus is going to be automated. So um we we'll come back to that. / Kobi Kunasekaran: I don't think I I built out the ability to change a payout type once it's been created. Um, so I'll have to come back to that.","The client asked for primary and secondary referral counts on the referrer screen (Jul 17), and the Sep 2 sync confirmed the roll-ups are live. WAGR-359 (Open, Phase 2, Nice to Have) still says the count has 'no Phase 1 consumer'.","Rescope WAGR-359 to the secondary payout automation only (now driven by the Referral & Payouts design), or close it and point to WAGR-168."
VAR-052,V3,Low,high,confirmed,"WAGR-47 is still Ready (Kobi) with an unactioned 2026-08-17 comment saying it will be closed and replaced; the record-type prompt removal it asks for was tested on 2026-09-25 and built in sandbox under WAGR-427 (Jumpr Review); no later meeting reverses this. Jira hygiene gap is real, Low severity is right.",Referrer / Brand Ambassador,WAGR-47 (Referrer creation experience) is still 'Ready' though its own comment says it will be closed and WAGR-427 delivered the change,WAGR-47; WAGR-427,Ready; Jumpr Review,Kobi Kunasekaran; Cedrick Infantado,"Will close this and replace with separate tickets to create New Referrer, New Player, Partner, Operator that would have unique field sets",Wagertech Internal Sync,2026-09-25,Cedrick Infantado,00:19:50,https://docs.google.com/document/d/1MRQrsyv_XCgKEIoXR2_t4hTUfH3t5f-lGztLxIfTWZg/edit,Cedrick Infantado: ...when they click the new account um the default is the refer or once we remove the um other record types for profile only the uh it would go straight to new record for with the refer record type.,2026-09-23 Wagertech Internal Sync: Kobi Kunasekaran: I did go through the activation and uh added / Kobi Kunasekaran: the assignment for the record type for referral. / Kobi Kunasekaran: I saved that and seems like it's uh like it's working now.,"The record-type prompt was removed through profile record-type settings (tested Sep 25, WAGR-427 in Jumpr Review). WAGR-47 still shows Ready with Kobi and still asks to skip the record-type prompt and add a validation rule.","Close WAGR-47 as superseded by WAGR-427 (and WAGR-92 for the email validation rule), after checking that its 'Default Status = Active on create' item is covered."
VAR-053,V5,Low,high,not in verification sample (Low),,Referrer / Brand Ambassador,WAGR-434 (Referrer VIP toggle) lacks the Sep 30 rule: a non-VIP referrer added to a VIP sign-up is set to VIP,WAGR-434,Open,Unassigned,A referrer is not exclusively VIP or non-VIP — the same referrer can refer both VIP and non-VIP sign-ups; leave this open rather than locking a referrer to one type.,Wagertech <> Jumpr: Weekly Sync,2026-09-30,Kobi Kunasekaran; Emily Vandenberg,01:42:05,https://docs.google.com/document/d/1pc9pSc8tFg_8IuqTrOcRpNaRF9l8hiB6sjpqizzbqZo/edit,"Kobi Kunasekaran: And if I think same question, if we add a refer to a signup that isn't already tagged as a VIP, who you want to set the refer to be VIP? / Emily Vandenberg: I think it's fine to do it.","2026-09-23 Wagertech <> Jumpr: Weekly Sync: Joyce Kiddell: Um on the refer side uh we definitely need the uh another toggle just to indicate if that refer is VIP or not and I don't think there's anything else required for it. / Joyce Kiddell: So really it's just like one unique refer and then they can have a toggle that's on off for VIP. / Lina Ceniccola: I would leave it open. || 2026-09-30 Wagertech <> Jumpr: Weekly Sync: Kobi Kunasekaran: And if I think same question, if we add a refer to a signup that isn't already tagged as a VIP, who you want to set the refer to be VIP? / Emily Vandenberg: I think it's fine to do it.","On Sep 30 Kobi asked whether a referrer added to a VIP sign-up who is not tagged VIP should be set to VIP, and Emily agreed. WAGR-434 (created Sep 23, no comments) and the other VIP epic tickets (WAGR-432, WAGR-433) do not state this automation.","Add the rule to WAGR-434 acceptance criteria (or to WAGR-432 if it belongs in the VIP sign-up flow): when a VIP sign-up is saved with a referrer whose VIP toggle is off, set it on."
VAR-054,V5,Low,high,not in verification sample (Low),,Referrer / Brand Ambassador,Referral count roll-up tickets do not state the 'count completed sign-ups only' rule,WAGR-168,Jumpr Review,Taryn Reithofer,"On create, update, or delete, recalculate the affected Referrer's count by querying and counting matching Sign Up records fresh each time",Wagertech Internal Sync,2026-09-02,Taryn Reithofer; Kobi Kunasekaran,00:10:51,https://docs.google.com/document/d/1ud_G-gt2IDycO7KSx0bjhIM7CQwzRVuZ0a9NB80buiM/edit,"Taryn Reithofer: thing that I thought of this morning because I was grabbing screenshots of the um examples for um primary and secondary referrals rolling up to the highlights um in the referral page. / Taryn Reithofer: And obviously we know it only counts it's set up to only count when the sign / Kobi Kunasekaran: Yeah. Wait, are we doing the So this roll up, is it based on players or based on / Taryn Reithofer: Sign / Kobi Kunasekaran: signups? / Taryn Reithofer: up.","2026-09-02 Wagertech Internal Sync: Taryn Reithofer: up record is complete. Um, so I at just a glance I I thought it might be confusing for users if they saw for example two primary referrals in the related list but then only one count in the rollup. So I was thinking perhaps we can put in the field column completion and I added that this morning so that it can surface. / Kobi Kunasekaran: the uh signup status that that serves the same purpose right / Kobi Kunasekaran: So I think status will cover both. || 2026-08-28 Kobi <> Taryn: Daily Sync - 2026/08/28 09:30 EDT - Notes by Gemini: Taryn Reithofer: This one is for some uh the rollup automation to count the numbers at the top um for um primary and secondary referrals. / Kobi Kunasekaran: Okay. Uh because so I understand correctly. So the what they're asking for is just the number of signups that where this person was a primary refer and then the number of signups where this person is a secondary referral. And I'm assuming we're only counting the completed signups, / Taryn Reithofer: Correct.","The Sep 2 sync (client meeting) states the primary and secondary roll-ups count a sign-up only when it is complete. WAGR-168 and WAGR-192 describe counting all matching Sign Up records; the only later comment says DLRS was used, with no filter stated.",Add the filter (Sign-Up status = Completed) to WAGR-168 acceptance criteria and record the DLRS filter in a comment so testers and the client can verify it.
VAR-055,V5,Low,medium,not in verification sample (Low),,Referrer / Brand Ambassador,Referrer Inactive automation ticket lacks the rule told to the client: a banned referrer's status does not move,WAGR-74,Ready,Kobi Kunasekaran,"What counts as ""activity"" for Referrer isn't defined",Wagertech <> Jumpr: Weekly Sync,2026-09-11,Kobi Kunasekaran,00:04:14,https://docs.google.com/document/d/1JrZTaJQB49Swpnz3SjTb-o-E28mRHEmGWaQCU-TMm5c/edit,"Kobi Kunasekaran: … the ban pause reactivation logic is also there for the referers as well. Um, same thing like it's it's not necessarily going to prevent any signups from coming in. Um, but uh it will it'll uh prevent statuses from moving when they're banned.",2026-09-01 Wagertech Internal Sync: Taryn Reithofer: 193. / Kobi Kunasekaran: 96 / ... Kobi Kunasekaran: refer inactive status automation. Uh long period 6 months. / Kobi Kunasekaran: Uh okay. I can scope out a story for this and uh add this afterwards.,"On Sep 11 Kobi told the client that referrer ban/pause logic 'will prevent statuses from moving when they're banned'. WAGR-74 (Inactive automation, not built, no comments) and WAGR-158 (Reactivate) do not state that the automation must skip Banned (or Paused) referrers.","When Kobi scopes WAGR-74 (action from Sep 1), add an entry criterion: only Active referrers move to Inactive; Banned and Paused are never changed by automation."
VAR-056,V1,Medium,medium,confirmed,"Quote exists verbatim (08-18 lines 166-180); WagerTech will send a not-yet-built person-level ID and swap/resend later. No later meeting reports the swap done or withdrawn, and no WAGR ticket (searched person ID, player external, dedup, swap, resend, legacy ID) tracks the swap, the production re-key, or a re-test. The re-key of sandbox players is moot (sandbox data is throwaway), so the real gap is the client dependency plus production import and re-test.",Player,"No ticket tracks WagerTech's planned swap from player ID to a person-level ID, or its effect on Player External ID upserts",,,,,Wagertech <> Jumpr: Weekly Sync,2026-08-18,Emily Vandenberg,00:02:41,https://docs.google.com/document/d/1SOoE_HqRKzBFtDRxNkR4kLvamf4T_r3bS_uem79bYi0/edit,"Emily Vandenberg: ...I know we were kind of saying player, but like we went through our data / Emily Vandenberg: ...we're going to layer up the logic for a person for a person um account and that's what we need to send you. We have not built that, / Emily Vandenberg: ...we can assume that the the ID we're sending you will work and then once we're ready, we'll swap it out.","2026-08-18 Wagertech <> Jumpr: Weekly Sync: Kobi Kunasekaran: But like the primary and secondary email like uh based on what we just chatted like it's all going to be sent from the CMS, right? / Joyce Kiddell: Yes. / Kobi Kunasekaran: Like we're not trying to do any dduplication or managing players on the send. / Joyce Kiddell: No, no, no, no. Yeah. || 2026-08-25 Wagertech <> Jumpr: Weekly Sync: Kobi Kunasekaran: there should only be like one player uh one player record per / Emily Vandenberg: Yes. / Kobi Kunasekaran: email and then when we do the manual player creation path um we we'll set up dloop rules so that if if somebody's trying to create another player record with the same email address, it'll flag that before they can create it.","On 08-18 WagerTech said it will roll duplicate player accounts into a person account and send that person ID, which is not built yet. Testing uses the current ID, and WagerTech will swap and resend later. Player_External_Id__c is the upsert key for survey completion (WAGR-46/441). No ticket tracks the swap, the re-key of existing players, or a re-test.","Create a dependency ticket (owner: WagerTech, with Jumpr re-test). Confirm the swap date. Decide how existing Player records get the new external ID (re-key, or match by email and update). Re-test the SLC and survey upserts after the swap."
VAR-061,V3,Medium,medium,confirmed,"Aug 25 client sync (after the Aug 18 cut) explicitly accepted the mockup ban reasons 'for player' as a starting list; Sep 1 Kobi told Taryn to build from mockup values; no later meeting reverses it (Sep 15/17 are internal open questions, Sep 23 banner drop does not address reasons); WAGR-156/154 Sep 3 comments still say no player ban reason, and WAGR-154's own description contradicts the comment.",Player,"Player ban: Jira says ban reason was cut, but the Aug 25 client meeting accepted player ban reasons",WAGR-156; WAGR-154,Jumpr Review; Jumpr Review,Taryn Reithofer; Taryn Reithofer,"No Ban Reason/Notes modal for Player — explicitly cut (""we don't need those restriction detail fields,"" reasoning inferred from flagged Sign Ups instead, just a banner).",Wagertech <> Jumpr: Weekly Sync,2026-08-25,Kobi Kunasekaran; Lina Ceniccola; Emily Vandenberg,00:17:10,https://docs.google.com/document/d/1hV8dTZ4odPgdD1SD-Y9NBFAVepAHPv1FtJHd8T20igo/edit,Lina Ceniccola: I think it looks fine. / Kobi Kunasekaran: Okay. So if these are good like we can start with these again like we can always change them up later too. / Emily Vandenberg: Perfect.,"2026-08-18 Wagertech <> Jumpr: Weekly Sync: Kobi Kunasekaran: ...So, the band status on the player is going to be manually done by somebody. / Kobi Kunasekaran: ...Like we don't necessarily need to automate or restrict creation of the signup or anything based off of the player status at least at this point. / Emily Vandenberg: Yeah, I don't think so. And it would be it would almost be / Kobi Kunasekaran: So those fields uh are we saying like we don't need those like restriction detail fields for / Joyce Kiddell: correct. it. / Joyce Kiddell: We should have some sort of like banner at the top though. || 2026-09-15 Wagertech Internal Sync: Taryn Reithofer: Some of it's very easy like just removing a field or whatever and some of it needs more of a discussion like she had mentioned on the um player record page under ban and reactivate reactivate button automation. She she asked you to refresh your memory. Did we land on no reason code for the button B which is / Kobi Kunasekaran: I don't remember. People have to check on the calls. / Taryn Reithofer: from from my notes it was it was we landed on no reason and I have that in in the writing too. / Kobi Kunasekaran: way I like I think either either direction is fine with me. I just I just don't remember. || 2026-09-17 Wagertech Internal Sync: Kobi Kunasekaran: if I'm not mistaken, like we decided on the ban and one of the banned reasons was fraud. / Taryn Reithofer: So I think for for refer we kept the uh ban reasons / Taryn Reithofer: and that one's confirmed fraud there. But for player we decided to keep it simple and not have the reasons and it was just a simple ban. / Kobi Kunasekaran: you can check let's check this like outside like let me know loop back around on this. || 2026-09-17 Wagertech Internal Sync: Kobi Kunasekaran: I wouldn't rely on it being the checkbox. If it if they're gonna ban players, 99% they're gonna need to know like why the player was banned. So, either we would have like a screen flow to drive that behavior and capture the reason or it was supposed to be tied to the uh the ban button along with the reason that comes with the ban. Um, and we just need to confirm either or.","The Sep 3 comments on WAGR-156/154 base 'no player ban reason' on the Aug 18 cut of restriction detail fields. On Aug 25 WagerTech accepted the player ban reasons from the mockup as a starting list, and on Sep 1 Kobi told Taryn to build them from the mockup values.","Suggestion: confirm with Emily (she asked on Sep 15) whether the Player Ban button captures a reason code. Then either add the reason picklist to the Player ban flow, or record the client's explicit decision on WAGR-156/154 with a transcript link."
VAR-059,V3,Low,high,downgraded,"Variance is real: all quotes verified and the 09-25 meeting decided player payouts need no separate workflow or batching (referrer payouts only), so WAGR-109's Payout-object list on the Player conflicts. But WAGR-109's custom Status field is already 'On Hold', it is XXS (1-2h), and its description already says it is prototype-only and unconfirmed. Little build risk, so Medium is too high.",Player,WAGR-109 Player Payouts related list assumes a player-level Payout object with batches; on 09-25 the team decided player payouts have no separate workflow,WAGR-109; WAGR-109,Open; Open,Taryn Reithofer; Taryn Reithofer,"Columns: Payout ID, Recipient, Type, Status, Amount, Period, Batch",Wagertech <> Jumpr: Referral and Payouts Discovery,2026-09-25,Kobi Kunasekaran; Joyce Kiddell,01:01:33,https://docs.google.com/document/d/1297TNkbv9TV2Gtwb8xsPXXRXjWqOHSzQdmnbXJgLrsw/edit,"Kobi Kunasekaran: Okay. But so for the player payouts, we don't need to track this separately, right? Uh outside of just on the signup records themselves. Okay. / Kobi Kunasekaran: okay just one to one okay / Joyce Kiddell: Yeah. No, no separate workflow required. It's more like just um pulling from the correct fields when we go to surface this in terms of reports","2026-09-25 Wagertech <> Jumpr: Referral and Payouts Discovery: Emily Vandenberg: just um more just like thinking through as a whole. So like when you're thinking of building out redeposits, you're going to be like bolting them on to the like if you look up player like at a player or like whatever refer you can kind of see all the redeposits and the different statuses that are sitting there for that player. So, / Kobi Kunasekaran: Yeah, like uh as long as there's like a lookup field or like we're relating something to another object, generally speaking, yeah, we can create that related list on either or, right? || 2026-09-25 Wagertech <> Jumpr: Referral and Payouts Discovery: Joyce Kiddell: directly but okay so for the purpose of what we need to build as part of this release um do we want to just focus on the refer payout batching process Emily? / Emily Vandenberg: I think so. And then yeah, just like the reporting to support like the yeah","WAGR-109 (Open, Phase 1, Should Have) plans a Payouts related list on the Player with Payout ID, Period and Batch columns. That design came from the prototype. On 09-25 the team decided that player payouts need no separate workflow or batching: the signup and redeposit records track them. The payout build covers referrer payments only.","Re-scope or cancel WAGR-109. If the client still wants to see player payout data on the Player, define it from signup and redeposit fields (for example in a report or the existing Sign-Ups related list), not from a Payout object."
VAR-060,V3,Low,medium,downgraded,"WAGR-28 is a stale umbrella ticket (E-Transfer Email retired via WAGR-163; unique email key already built per WAGR-92; referrer dedup split to WAGR-73, cross-link to WAGR-189, manual player dup to WAGR-40/WAGR-405), but the headline that dedup 'moved to the CMS' is overstated: 08-18 (L1992, 01:41) and 08-25 (L2093) both keep Salesforce duplicate blocking on manual Player/Referrer create, which matches WAGR-28's acceptance criteria. Ticket hygiene issue, not a scope conflict.",Player,WAGR-28 (BUILD-03) still plans Salesforce matching and duplicate rules across Primary/E-Transfer/Secondary email; later calls moved dedup to the CMS and retired E-Transfer Email,WAGR-28; WAGR-28; WAGR-163,Requirements; Requirements; Jumpr Review,Unassigned; Unassigned; Taryn Reithofer,Matching and duplicate rules scoped per record type across Primary/E-Transfer/Secondary email,Wagertech <> Jumpr: Weekly Sync,2026-08-18,Kobi Kunasekaran; Joyce Kiddell,01:08:40,https://docs.google.com/document/d/1SOoE_HqRKzBFtDRxNkR4kLvamf4T_r3bS_uem79bYi0/edit,"Kobi Kunasekaran: But like the primary and secondary email like uh based on what we just chatted like it's all going to be sent from the CMS, right? / Joyce Kiddell: Yes. / Kobi Kunasekaran: Like we're not trying to do any dduplication or managing players on the send. / Joyce Kiddell: No, no, no, no. Yeah.","2026-09-01 Wagertech <> Jumpr: Weekly Sync: So we put in like a hard lock um where uh there is a unique ID being created at the database level. / Kobi Kunasekaran: So it should prevent um any duplicate player from being created even if uh even if they get processed at the same time. || 2026-08-18 Wagertech <> Jumpr: Weekly Sync: Joyce Kiddell: and then this is like what you had before where it's like if they are a refer as well, then you would click this. / Kobi Kunasekaran: Right. || 2026-08-18 Wagertech <> Jumpr: Weekly Sync: Kobi Kunasekaran: But like the primary and secondary email like uh based on what we just chatted like it's all going to be sent from the CMS, right? / Joyce Kiddell: Yes. / Kobi Kunasekaran: Like we're not trying to do any dduplication or managing players on the send. / Joyce Kiddell: No, no, no, no. Yeah. || 2026-08-18 Wagertech <> Jumpr: Weekly Sync: Kobi Kunasekaran: Okay. Yeah, we we can start with like uh dduplication based on email. / Joyce Kiddell: Yeah. / Kobi Kunasekaran: So if it if it somebody tries to create a refer uh or with the same email address as one that already exists, then they'll just be blocked from doing that.","WAGR-28 (Requirements, Phase 1, Must Have, unassigned, a stated dependency of WAGR-5) plans Salesforce matching and duplicate rules across three emails, including E-Transfer, plus automatic cross-linking. On 08-18 the team agreed that the CMS sends the primary and secondary emails and that Salesforce does no deduplication. On 08-25 the team agreed on one player per email, with a duplicate rule only on the manual-create path. The per-record-type unique email key is already built under other work (WAGR-92 context), and WAGR-163 retired E-Transfer Email.","Re-scope WAGR-28 to what is still needed (the duplicate check on manual player creation, and whether cross-links are automatic or manual), or close it and link WAGR-92, WAGR-405 and WAGR-40. Remove E-Transfer Email from its scope."
VAR-062,V5,Low,high,downgraded,"Gap is real: 09-30 sync (01:40:46) agreed that players created in the VIP flow default to VIP and that converting an existing player is allowed; WAGR-432/433 (Open, unassigned, 0 comments) do not state either rule, and no later meeting changes it. Downgraded to Low because the impact is a field default and an edge-case path on a low-volume flow (~30 sign-ups); WAGR-432 already includes the VIP flag in the flow and an existing-player choice. Related: WAGR-160 still says 'VIP is manual-only ... hold before building: whether VIP should be auto-detected', which the 09-30 decision partly answers and which should also be updated.",Player,"VIP manual-entry tickets do not include the 09-30 rule that players created in the VIP flow default to VIP, or that converting an existing player is allowed",WAGR-432; WAGR-433,Open; Open,Unassigned; Unassigned,"All standard sign-up fields should be available, same as regular (non-VIP) intake, plus the VIP flag (see separate VIP flag/indicator ticket).",Wagertech <> Jumpr: Weekly Sync,2026-09-30,Joyce Kiddell; Kobi Kunasekaran,01:40:46,https://docs.google.com/document/d/1pc9pSc8tFg_8IuqTrOcRpNaRF9l8hiB6sjpqizzbqZo/edit,"Joyce Kiddell: That's what I understand it to be as well. Um, but I mean if there is the the odd edge case where they have to search for an existing player and then convert them to VIP, like I don't think it's a big deal if they are allowed to do that. / Kobi Kunasekaran: Okay. So, we're saying like any player that's created as part of this process though defaults to being a VIP player, right? / Joyce Kiddell: Craft field / Kobi Kunasekaran: Okay. And that we'll put that in.","2026-09-23 Wagertech <> Jumpr: Weekly Sync: Joyce Kiddell: So um we basically need to bring these signups in manually. / Joyce Kiddell: Yeah. It's not going to come in through the agency website automation. || 2026-09-30 Wagertech <> Jumpr: Weekly Sync: Emily Vandenberg: You would want Yeah. Like you would want a VIP tag at a player level. / Kobi Kunasekaran: yeah I think This VIP flag should already be there. I I think I don't think it like does any icons or anything right now. So, that's still like part of this build when you build this out.","On 09-30 the client confirmed that any player created in the VIP flow defaults to VIP, and that ops may convert an existing player to VIP in edge cases. Kobi said 'we'll put that in'. WAGR-432 and WAGR-433 (both Open, no comments) do not state the default or the conversion path.","Add an acceptance criterion to WAGR-432 or WAGR-433: the Player VIP flag is set to true by default when the VIP flow creates the player, and ops can set VIP on an existing player."
VAR-063,V1,Low,high,not in verification sample (Low),,Player,"No ticket for the field history tracking on Player (status, money, email, ban reason fields) or the Person Account History related list set up live on 09-02",,,,,Wagertech Internal Sync,2026-09-02,Taryn Reithofer; Kobi Kunasekaran,00:20:51,https://docs.google.com/document/d/1ud_G-gt2IDycO7KSx0bjhIM7CQwzRVuZ0a9NB80buiM/edit,"Taryn Reithofer: like a history record of who's been previously banned and then reactivated in a reporting / Kobi Kunasekaran: Yes. / Kobi Kunasekaran: And that's where we should turn on field history tracking for those fields if we don't already have it. / Taryn Reithofer: Probably all the financial ones too, like tied to money. / Kobi Kunasekaran: Uh yeah. Yeah. And like I would do the email too. / Kobi Kunasekaran: Um except I don't see Oh, there we go. Okay. This one we don't need to worry about the record type. I don't think we need to track the band reasons. Actually, you know what? Let's do it.","2026-09-02 Wagertech Internal Sync: Kobi Kunasekaran: Um, so there are some caveats with this. I think it there's a limited number of records it can store and I believe these get cleared after a year or two. Uh, so if they need like persistent tracking then it does need to be a separate custom object. But I think at this phase given like we're trying to keep the scope minimal this is good enough to start. || 2026-09-02 Wagertech Internal Sync: Cedrick Infantado: Yeah, of I think for the band notes um it is a long text. / Cedrick Infantado: So the history tracking couldn't um really capture what's the previous value in that / Kobi Kunasekaran: Yeah, I think that's okay. / Kobi Kunasekaran: Um, as long as like if we trap the statuses for now, that's probably okay. If they uh let them go through it and if they come back with feedback that they do want to see the uh the reasons changed too, then we can talk about adding a separate","On 09-02 the team decided to track field history on the Player for status, money, email and ban-reason fields, and Kobi turned it on live and added the Person Account History related list under More Info. Jira only records history tracking on Player_Status__c (WAGR-137).","Create a small ticket (or add a comment to WAGR-137) that lists the tracked Account fields and the related-list layout change, so they reach the deployment manifest and the requirements doc."
VAR-064,V3,Low,medium,confirmed,"WAGR-1 is still open in Requirements (Must Have, Phase 1). It still asks if fraud should auto-set a 'Flagged for Fraud' Player status. The 08-18 client meeting set the player statuses to pending/active/inactive/banned, with Banned set manually and fraud inferred from Sign-Ups. WAGR-196 records this decision, and the sibling DECISION-02 ticket (WAGR-295) was closed Done on 09-14. Nothing on WAGR-1 records that it is resolved. This is a ticket-hygiene item, so Low is correct.",Player,"WAGR-1 (DECISION-03) is still open and Must Have, waiting for an answer on a 'Flagged for Fraud' player status that later meetings removed",WAGR-1; WAGR-1; WAGR-410,Requirements; Requirements; Jumpr Review,Kobi Kunasekaran; Kobi Kunasekaran; Taryn Reithofer,Should flagging a Sign Up auto-set the Player's status to 'Flagged for Fraud' — and at which point (rep Suspected vs Ops Confirmed)?,Wagertech <> Jumpr: Weekly Sync,2026-08-18,Joyce Kiddell; Kobi Kunasekaran,01:23:07,https://docs.google.com/document/d/1SOoE_HqRKzBFtDRxNkR4kLvamf4T_r3bS_uem79bYi0/edit,"Joyce Kiddell: ...Um and then statuses for players would be pending, active, inactive, banned. / Kobi Kunasekaran: I think when the first lineup is completed uh that's related to the player, we can move them to active / Joyce Kiddell: Correct.","2026-09-17 Wagertech Internal Sync: Kobi Kunasekaran: Um, but then like you're going to have two banners, right? One that says a player is banned and then one that says uh the account is or the player is fraudulent. So that might be redundant. / Taryn Reithofer: Yeah, I agree. I agree. You know, maybe like I found where Joyce said, she said uh it would just be inferred from the signups that it was flagged for fraud. She said I think it just says banned and we just have a banner and then see signups for more details. / Kobi Kunasekaran: If we're going to infer from signup, then we need to define what that means. like what? So you you you're going to have multiple signups for a player, right? Um at what point does the player get marked as fraud and what implications does it have on the rest of the statuses on the player? || 2026-09-11 Wagertech <> Jumpr: Weekly Sync: Kobi Kunasekaran: … and then the ban automation, like if you ban somebody, uh, the signups will still flow through. / Kobi Kunasekaran: Uh, it none of that is going to get blocked, but it won't it won't necessarily move the player to an active status. So they'll still remain banned until they're manually unbanned. || 2026-09-17 Wagertech Internal Sync: Kobi Kunasekaran: Um, but then like you're going to have two banners, right? One that says a player is banned and then one that says uh the account is or the player is fraudulent. So that might be redundant. / Taryn Reithofer: Yeah, I agree. I agree. You know, maybe like I found where Joyce said, she said uh it would just be inferred from the signups that it was flagged for fraud. She said I think it just says banned and we just have a banner and then see signups for more details. / Kobi Kunasekaran: If we're going to infer from signup, then we need to define what that means. like what? So you you you're going to have multiple signups for a player, right? Um at what point does the player get marked as fraud and what implications does it have on the rest of the statuses on the player? || 2026-09-23 Wagertech Internal Sync: Taryn Reithofer: she kind of reverted on everything just saying, ""Okay, like we don't need this."" / Kobi Kunasekaran: Like so she said like we don't need the banner for fraud and she's good with not having one for the email because it's it should be a nonexistent case, right? / Taryn Reithofer: Yeah, non-issue.","On 08-18 the client set the player statuses to pending, active, inactive and banned (no 'Flagged for Fraud'). A person sets Banned manually, with no automation based on player status. On 09-23 the fraud banner was dropped, because the ban banner covers it. WAGR-1 still asks whether fraud should set a 'Flagged for Fraud' player status, is in Requirements as Must Have, and other tickets cite it as an open blocker.","Close WAGR-1 (and fix the WAGR-410 reference). Cite the 08-18 decision (four statuses, manual ban) and the 09-22/09-23 banner outcome. If ops still needs a rule for when a player is banned for fraud, open a new, narrower ticket."
VAR-065,V3,Low,medium,not in verification sample (Low),,Player,WAGR-148 records status-audit date fields added to the Player page; on 09-24 Kobi said to hide them,WAGR-148,Jumpr Review,Cedrick Infantado,"Player_Account_Page1 | Flexipage | Update Component | Add Account.Player_Status_Last_Updated_By\__c, Account.Player_Status_Set_Date_\_c",Wagertech Internal Sync,2026-09-24,Kobi Kunasekaran; Cedrick Infantado,00:19:22,https://docs.google.com/document/d/1bG4sajKiIDV5-jUptnq_81XPUowAMM4w3755UsBRfQQ/edit,Kobi Kunasekaran: I let's remove those and we'll add it back because the other fields they they were actually part of their / Kobi Kunasekaran: So like the status set date and all those things let's hide it for now. / Cedrick Infantado: I removed them.,,"The WAGR-148 change log says Status Set Date and Last Updated By were added to the Player record page. On 09-24 Kobi said to hide the date-tracking fields that Cedrick had added to the Player system tab, and Cedrick removed them during the call. No ticket or comment records this removal.","Add a comment to WAGR-148 (and WAGR-140, if its date fields were also removed) that lists the fields now hidden from Player_Account_Page1, so the deployment manifest and requirements doc match the sandbox."
VAR-066,V5,Low,medium,not in verification sample (Low),,Player,WAGR-413 does not record the accepted limitation that the custom Country/State fields will not re-sync if the address changes later,WAGR-413,Jumpr Review,Cedrick Infantado,Added mapping to the Player custom fields for country and state/province.,Wagertech Internal Sync,2026-09-23,Kobi Kunasekaran; Cedrick Infantado,00:43:33,https://docs.google.com/document/d/1JqbaHGeYiNWQ-O37-G7vWH8mfZ3r-I7d0pZ5ypAibNQ/edit,"Cedrick Infantado: the value here, it would not sync up. So that's the only catch for that. / Kobi Kunasekaran: Yeah, I think that's okay. You know what? / Kobi Kunasekaran: Let's do that. Let's do that. / Kobi Kunasekaran: Um let's keep it syncing to the original field. And these look like just text fields. So um can we just update that logic to set these fields as well?",,"On 09-23 the team kept the SLC mapping to the standard billing address and also set the custom country and state text fields, and accepted that later edits will not re-sync the custom fields. The WAGR-413 change log records the mapping but not the limitation.","Add the limitation to WAGR-413 (and to the requirements doc), so testers and the client know that the two address sets can differ after a manual edit. The currency formula reads the country value."
VAR-067,V8,Low,medium,not in verification sample (Low),,Player,Open question: will B2C (tech takes) subscription signups be tracked in Salesforce? The client said it would get back to Jumpr; no answer or ticket,,,,,Wagertech <> Jumpr: Redeposits Discovery Part 2,2026-09-21,Kobi Kunasekaran; Joyce Kiddell; Emily Vandenberg,00:57:26,https://docs.google.com/document/d/1yKF9Ti2Flmefnkog3nBkherM0g5KkkEdIJzoR6j6RxM/edit,Kobi Kunasekaran: Um is that something that we are planning on tracking in Salesforce as well as like a separate thing? / Joyce Kiddell: Let's get back to you on that. / Kobi Kunasekaran: Okay. / Lina Ceniccola: Yeah. / Emily Vandenberg: It's evolving in current time.,"2026-09-24 Wagertech Internal Sync: Kobi Kunasekaran: Uh honestly, just just close them off because it's no longer relevant. / Kobi Kunasekaran: Like affiliate link generation, subscription workflows, / Taryn Reithofer: So, that'll that was that's 14 tickets that are going to leave our backlog, which is nice. / Kobi Kunasekaran: if it asks for a message um just say removing it from the working board or something like that.","On 09-21 Kobi asked if B2C subscription signups will be tracked in Salesforce, and Joyce said WagerTech will get back on that. No later meeting answers it. WAGR-373 (subscription workflows) was closed as out of scope on 09-24 without capturing the question.","Add the question to the client open-questions doc or a Clarify ticket, and get an answer before redeposit and B2C compensation design is final."
VAR-069,V2,Medium,medium,confirmed,"Quotes are verbatim. On 28 Sep Emily directed that Supported Markets is a roll-up from Deals and is not set at operator creation. Taryn agreed to take it back to the team. On 29 Sep WAGR-408 closed Done with only 'Done!', and its AC still say 'picklist, not a rollup'. No later meeting and no Jira ticket records the roll-up or the Phase 1 question for Joyce. One wording change: 'decided' is too strong. Gemini lists it as 'Needs Further Discussion', pending a feasibility check and a possible Phase 1 deferral.",Operator & Partner,"Supported Markets on Operator: WAGR-408 closed as a manual multi-select picklist, but the client decided it is a roll-up from Deals",WAGR-408; WAGR-408,Done; Done,Taryn Reithofer; Taryn Reithofer,"2. Field is a picklist, not a rollup, and does not appear in the header or Highlights Panel.",Emily / Taryn - Operator: Supported Markets,2026-09-28,Emily Vandenberg; Taryn Reithofer,00:12:18,https://docs.google.com/document/d/1LPqdzNsbAqi3fQ8FP5n5c9cfc7EyBHYuBc0TilXshGs/edit,"Emily Vandenberg: Supported markets as like a rollup, but then um there wasn't any place here, right, where she was like doing a selection. Yeah. / Emily Vandenberg: but it would still just be a roll up. / Taryn Reithofer: Yes. / Emily Vandenberg: Okay. So, yeah, there's nothing in here that shows like at the operator creation that you would be setting the market / Taryn Reithofer: Okay. Roll it from the deals. Okay, cool. I think that makes sense. I'll take that back to the team.","2026-07-07 Wagertech <> Jumpr: Weekly Sync: Joyce Kiddell: Can we just have it broken down by deals? / Joyce Kiddell: So like whatever is like what I'm picturing, I don't know if this is possible, but it'd be like all the deals have markets associated with it. So like at a operator level, / Joyce Kiddell: it all just kind of rolls up where you can see based off deals where they service. / Kobi Kunasekaran: technically like you'll be able to see like the list of all the deals that are related to BMGm um as the operator and then we could from the deal we have the the market, the vertical, all those things and we can bring those fields in so you can see it all from one place. || 2026-09-28 Emily / Taryn - Operator: Supported Markets: I don't think they'll specifically train to go and like you know look for that information right there.","WAGR-408 says Supported Markets is a manually set multi-select picklist, 'not a rollup', and it was closed Done on 2026-09-29. On 2026-09-28 Emily confirmed that Supported Markets is a roll-up from Deals, not set at operator creation; Taryn agreed to take it to the team and to ask Joyce about Phase 1 if it is complex. No Jira ticket holds the roll-up build or the Phase 1 decision.","Reopen WAGR-408 or create a follow-up story for a deal-driven Supported Markets roll-up (string roll-up needs a Flow, not DLRS, per L2399). Record Joyce's answer on whether it is needed for Phase 1. WAGR-408 also sits under the Phase 2 epic WAGR-478 while marked Done in Sprint 1; make the phase explicit."
VAR-068,V1,Low,medium,downgraded,"Quote is verbatim and correctly attributed, but it is a hedged internal intent, not a decision. The 'confirm nothing else from the initial design is open' half is already tracked by WAGR-414 (Phase 1 Epic & review-queue cleanup, created by Kobi the same afternoon, In Progress, Taryn), and on 2026-09-23 Kobi asked the client to flag any missing major Phase 1 functionality and committed to an hours breakdown that splits original scope from enhancements. WAGR-475 (internal) tracks 'what we tell WagerTech' about scope. Only the explicit labelling of the WAGR-382 relationship work as an enhancement remains unrecorded.",Operator & Partner,"No ticket for telling the client the Operator-Partner relationship build is an enhancement to the original design, and for confirming nothing else is open",,,,,Wagertech Internal Sync,2026-09-21,Kobi Kunasekaran,00:20:18,https://docs.google.com/document/d/1_l8MYortzD4pYnKzsoFaq7WBdKkM7YnRj011wn2Uz_c/edit,"Kobi Kunasekaran: this whole like partner relationship even that's like I think technically is an like an enhancement to what the original designs were, but um like I I'll let them know about that and we'll close it off. Um, but I don't like I want to make sure that there's nothing else that's still waiting for us from our initial design or feedback.",,"Kobi said the partner relationship work is technically an enhancement to the original design, that he will tell the client and close it off, and that he wants to confirm nothing else from the initial design or feedback is still open. No Jira item or comment records this, and WAGR-382 does not label the work as an enhancement.",Record the enhancement status on WAGR-382 and track the client message and the 'nothing else open' check as a task for Kobi.
VAR-071,V1,Low,high,not in verification sample (Low),,Operator & Partner,No ticket for the open duplicate Tax/VAT field question (tax GST V ID vs tax VAT ID) or for Taryn's action to confirm with the client,,,,,Wagertech Internal Sync,2026-09-21,Kobi Kunasekaran; Taryn Reithofer,00:06:43,https://docs.google.com/document/d/1_l8MYortzD4pYnKzsoFaq7WBdKkM7YnRj011wn2Uz_c/edit,"Kobi Kunasekaran: So maybe like can we just shoot them a message? / Kobi Kunasekaran: Just do a quick confirm. But I don't see a reason why you wouldn't have the same field on both. / Taryn Reithofer: Okay, I can do that right now. Taryn,",,"On 2026-09-21 the team found two tax fields on the client mockup and did not know which to expose; Taryn agreed to message the client right away. No later meeting answers it, and no Jira description or comment mentions the duplicate field or the confirmation.","Add the question and the client's answer to WAGR-411 or WAGR-385 (or a small task), and remove or hide the field that is not used."
VAR-072,V1,Low,medium,downgraded,"Gap is real (no WAGR ticket or comment tracks the release note / client message about the partner-operator relationship work), but it is a conditional internal comms action that is not yet due (the partner-side items WAGR-364 and WAGR-388 are still in Jumpr Review), and the 2026-09-24 decision L3042 moved client comms for done features to a per-ticket Loom on Slack, so a separate Jira item is not clearly expected. Keep Low; lower confidence to medium.",Operator & Partner,No ticket for the release notes / client communication of the Operator-Partner relationship work,,,,,Wagertech Internal Sync,2026-09-21,Kobi Kunasekaran,00:08:49,https://docs.google.com/document/d/1_l8MYortzD4pYnKzsoFaq7WBdKkM7YnRj011wn2Uz_c/edit,"Kobi Kunasekaran: And then the relationships and everything that we built last week. Um so Taran like this week maybe uh you and I let's sync up and put together like a release notes for everything that uh Cedric worked on last week about like with related to the whole partner and operator. / Kobi Kunasekaran: Actually maybe we should wait until because you also have some action items from here, right? / Kobi Kunasekaran: So once those are done, um I'll leave it to you to like communicate the uh the changes to wager tech. So like you know what's been added um what that looks like and we can talk through what that messaging could look like before you send it out to them.",,"On 2026-09-21 Kobi decided that, after Taryn's partner-side items close, Taryn tells WagerTech what changed in the partner/operator relationship work (reviewed with Kobi first). No Jira item tracks this communication and no comment on the epic WAGR-382 records it.","Add a task (or a checklist item on WAGR-382) for the release note to WagerTech, owner Taryn, reviewer Kobi."
VAR-073,V1,Low,medium,not in verification sample (Low),,Operator & Partner,No ticket tracks Joyce's owed list of Partner Type picklist values,,,,,Wagertech <> Jumpr - 60 Min (Joyce Kiddell),2026-08-13,Joyce Kiddell,00:07:32,https://docs.google.com/document/d/1jcr9oC55uUZqovDGyI_odU0PSFQdavpADjF3c_R443s/edit,Joyce Kiddell: Yeah. Let let me get you an actual / ... / Joyce Kiddell: list.,,On 2026-08-13 Joyce said she would send the actual Partner Type list; Kobi started with Affiliate Network only. No later meeting says the list arrived. WAGR-206 builds one value and lists SaaS and influencer/publisher as deferred candidates; WAGR-146 removes Direct and Strategic. No ticket or comment tracks the client deliverable.,Add the owed list as an open client dependency on WAGR-206 (or a client-action task) and confirm the final values before UAT.
VAR-074,V1,Low,medium,not in verification sample (Low),,Operator & Partner,Deferred capability with no backlog ticket: Operator record as a sales pipeline for new contracts,,,,,Wagertech <> Jumpr: Weekly Sync,2026-07-07,Joyce Kiddell,00:17:05,https://docs.google.com/document/d/1Jvbrpe7dyAZDHPV8gh52rRuZr2INnHNwIrUxIvQ6Oxk/edit,"Joyce Kiddell: and then we can leverage the operator view a lot more when we start using this as more of like a sales pipeline for bringing on new contracts / Joyce Kiddell: Um, but it's like we won't use it as like maybe an active workflow management kind of thing until / Joyce Kiddell: we get closer to that point.",2026-07-08 Wagertech <> Jumpr: Onsite: Kobi Kunasekaran: we'll have like this as like an actual CRM pipeline to be like oh like you know this is warmly this like we're in contact negotiations here's like the primary contacts like being able to track the sales cycle got it with the operator discussions / Kobi Kunasekaran: So you're able to do all those rollups from either the operator level or even the partner level if you want to go into uh the partner.,"On 2026-07-07 Joyce deferred using the Operator record as a sales pipeline (negotiation stage, primary contacts) to later. No ticket exists in the Holding Pen (WAGR-443), the Phase 2 epic (WAGR-478) or with Phase = 2.",Add a Phase 2 / Holding Pen placeholder so the deferred ask is not lost.
VAR-075,V1,Low,low,not in verification sample (Low),,Operator & Partner,No ticket for Kobi's action to name the low-cost Salesforce-to-Postgres loader tool,,,,,Wagertech <> Jumpr: Weekly Sync,2026-06-23,Kobi Kunasekaran,00:24:53,https://docs.google.com/document/d/1idkBBrSaHwABogsxRl8pwwhqW6ZUBqZAKSG1x9ZqKnY/edit,Kobi Kunasekaran: I can't remember the name of it but I will find it for you,2026-06-23 Wagertech <> Jumpr: Weekly Sync: Emily Vandenberg: But I think um we kind of hear heard in a line that like our path forward with Postgress is not a blocker kind of foreseen um limitation as we get down the road here. / Kobi Kunasekaran: So I don't think this is going to make any difference in terms of the build or anything that we do on the Salesforce end as of now.,On 2026-06-23 Kobi said he would find the name of a low-cost tool to load Salesforce data into Postgres. No later meeting closes it and no Jira item mentions it; WAGR-468 holds the related open decision (Snowflake mirror vs BI reading the API) but not this action.,"Confirm with Kobi whether this action is still needed. If yes, add it to WAGR-468; if not, record it as closed."
VAR-076,V3,Low,medium,not in verification sample (Low),,Operator & Partner,WAGR-153 'Operator: Remove Currency field' is stale: 2026-09-21 decision shows standard Currency (and Payment Terms) on both Operator and Partner layouts,WAGR-153; WAGR-411,Jumpr Review; Jumpr Review,Taryn Reithofer; Cedrick Infantado,"Remove Currency field from Operator — currency lives at the Partner level, not Operator.",Wagertech Internal Sync,2026-09-21,Cedrick Infantado; Kobi Kunasekaran,00:04:10,https://docs.google.com/document/d/1_l8MYortzD4pYnKzsoFaq7WBdKkM7YnRj011wn2Uz_c/edit,Cedrick Infantado: I have 411. So um I I left a question last week about the format of the fields and um I think one of uh t uh tar confirm is that uh it should be the currency Io standard field uh that should be shown on the screen for the user. So um if that's not fixed I will um go on and replace that one and show it for both uh operator and partner or am I or is that right partner? / Kobi Kunasekaran: Mhm.,,"WAGR-153 (Jumpr Review) removes Currency from the Operator because 'currency lives at the Partner level'. On 2026-09-21 Kobi agreed that the standard Currency ISO field and Payment Terms display on both the Operator and Partner layouts for the WAGR-411 work. Invoicing Currency on Operator is the standard CurrencyIsoCode (WAGR-230), so these tickets point in opposite directions, and only a recommendation comment on WAGR-411 records the change.","Update WAGR-153 (or WAGR-411/WAGR-385) to record that CurrencyIsoCode stays on the Operator in Direct Billing Details, and tell Emily, because WAGR-153 came from her feedback."
VAR-077,V3,Low,medium,downgraded,"Quotes are real and the 09-28 decision stands, but WAGR-388 (Jumpr Review, created 09-14) already redefines the counts as active-only (DLRS Count on the relationship junction with Status__c = 'Active') and says it supersedes the old header rollups, and the WAGR-389 comment already records that help text does not show in the highlights panel. The only uncaptured items are the retitle to 'Active Operators' and the missing supersede links on WAGR-138/WAGR-389.",Operator & Partner,Header count tickets still define 'Associated Operators/Partners' as all-time distinct counts with help text; 09-28 decided active-only count retitled 'Active Operators',WAGR-389; WAGR-138; WAGR-389,Solution Review; Jumpr Review; Solution Review,Taryn Reithofer; Taryn Reithofer; Taryn Reithofer,Associated_Operators__c (Partner) — Description: Count of distinct Operators across this Partner's related Deals. Maintained by DLRS — do not edit directly.,Emily / Taryn - Operator: Supported Markets,2026-09-28,Taryn Reithofer; Emily Vandenberg,00:14:00,https://docs.google.com/document/d/1LPqdzNsbAqi3fQ8FP5n5c9cfc7EyBHYuBc0TilXshGs/edit,"Do you want it to be operators with active deals with the partner or all operators that have ever had a deal with the partner? / Emily Vandenberg: I would just do active but then like put active operators. / Taryn Reithofer: Yeah, I like changed the field title. / Emily Vandenberg: Mhm.",,"WAGR-389 (Solution Review) and WAGR-138/WAGR-134 (Jumpr Review) still describe 'Associated' counts of every distinct operator/partner across all Deals, and help text that says so. On 09-28 the client decided the count includes only operators with active deals and the field is retitled Active Operators; help text is not visible in the highlights panel.","Update or close WAGR-389 (rewrite the description/help text for the active-only definition, or cancel because help text does not render in the highlights panel). Link WAGR-134 and WAGR-138 to WAGR-388/WAGR-364 as superseded so client UAT does not review the old definition."
VAR-078,V4,Low,medium,not in verification sample (Low),,Operator & Partner,"WAGR-65 'Operator + Partner: Logo image field + Logo URL' is still Ready, but the logo fields exist and the logo process is closed",WAGR-65; WAGR-142; WAGR-290,Ready; Jumpr Review; Done,Kobi Kunasekaran; Taryn Reithofer; Unassigned,"CLIENT ACTION, still outstanding: WagerTech is sending the logo files. Joyce: 'why don't we send you the files, and then ideally it's not something we ever have to configure... anytime you have a new operator, it's part of setting up that operator.' Not received as of Aug 17.",Wagertech <> Jumpr - 60 Min (Joyce Kiddell),2026-08-13,Joyce Kiddell; Kobi Kunasekaran,00:09:39,https://docs.google.com/document/d/1jcr9oC55uUZqovDGyI_odU0PSFQdavpADjF3c_R443s/edit,Kobi Kunasekaran: there only some I only updated for I think a couple of uh operators specifically I think / Joyce Kiddell: if / Kobi Kunasekaran: VMGM and there was another one DraftKings that had a logo um that we use for testing but for everything else like I'll show you the process but um we may need your help to populate those logos when we're ready to go,,"Meetings show logos already render for test operators (2026-08-13) and the operator logo how-to process was tested and closed (2026-09-23, WAGR-417 Done). Jira comments on WAGR-142 and WAGR-290 confirm the Logo formula and Logo_URL__c exist. WAGR-65 is still 'Ready' (not started) and still says the client is sending logo files.","Move WAGR-65 to Jumpr Review or Done with a note that the client loads logos herself through the guide, and keep the go-live population in WAGR-125."
VAR-079,V5,Low,medium,not in verification sample (Low),,Operator & Partner,"Supported Markets value format: WAGR-408 still specifies 'CA-ON' codes; 2026-09-24 decision is Jumpr convention (US-NJ, bare province code, no multi-state)",WAGR-408,Done,Taryn Reithofer,"3. Format values as \[Country Code\]-\[State/Province Code\] (e.g. US-NJ, CA-ON) if straightforward to build; fall back to state/province code alone if not — pending dev confirmation.",Wagertech Internal Sync,2026-09-24,Kobi Kunasekaran,00:47:24,https://docs.google.com/document/d/1bG4sajKiIDV5-jUptnq_81XPUowAMM4w3755UsBRfQQ/edit,"Kobi Kunasekaran: the multi- saying is going away. Yeah, like the multisail is actually part of their initial thing, but this we we talked about yesterday. Uh we're going to get rid of that. / Kobi Kunasekaran: Technically, this should say US-CA-BMGm. / Kobi Kunasekaran: but if it's the Canadian province, we're just using a Canadian province like two-letter code. / Kobi Kunasekaran: We're not doing CA dash.",,"WAGR-408 leaves the value format open and gives 'CA-ON' as the preferred example. On 2026-09-24 Kobi decided the market codes follow Jumpr's convention (US- prefix for US states, the bare two-letter code for Canadian provinces, no 'CA-', and no 'multi-state' value). The ticket description and comments do not record this.",Add the decided code convention to WAGR-408 (or its follow-up roll-up story) and align it with the Region_Code__c pattern in WAGR-101.
VAR-080,V8,Low,medium,not in verification sample (Low),,Operator & Partner,Open question: does the CMS 'operators' tab retire now that Salesforce owns operators?,,,,,Wagertech <> Jumpr: Weekly Sync,2026-09-11,Strahinja Vladetic; Emily Vandenberg,00:49:17,https://docs.google.com/document/d/1JrZTaJQB49Swpnz3SjTb-o-E28mRHEmGWaQCU-TMm5c/edit,"Strahinja Vladetic: Yeah, the thing is right now we do have an operators tab in the CMS. / Strahinja Vladetic: moved. If if sales if Salesforce is going to be like the thing that manages that then we can just retire that in the CMS Yes. / Emily Vandenberg: … Although it's like labeled as operator, it's like and it's really because it's pulling in the full kind of like code like short code which like is actually deal like how we have CMS set up as like an operator perspective is really like the first version of like kind of like deal makeup.","2026-09-11 Wagertech <> Jumpr: Weekly Sync: Kobi Kunasekaran: … Is that going to be a new endpoint? How frequently does this happen to warrant a new endpoint or are we good with just sending it as part of the deal makeup / Strahinja Vladetic: … We just trust Salesforce completely and they send along the operator and partner along with their IDs and whatever information you guys want to keep in in the CMS and then the deal. / Strahinja Vladetic: We just overwrite whatever we have um existing. Yeah, in that scenario, this should never happen. / Kobi Kunasekaran: Okay. Okay. So, we can cross this one out.","Strahinja said the CMS operators tab could be retired if Salesforce manages operators; Emily noted the tab really holds the short code, an early form of deal makeup. No later meeting decides it and no Jira text mentions it.","Ask WagerTech (Strahinja/Emily) to decide and record the answer on WAGR-39, because the tab holds short-code data the integration may rely on."
VAR-081,V1,Medium,high,downgraded,"The data-model outcome is real and is not in Jira. But it is not a true no-ticket gap: WAGR-464 (Redeposits workflow - design and user stories, Requirements, Kobi, active Sprint 2) owns this scope. It lists 'Where does the budget live' and 'Batch level' as open decisions, and its Done-when already requires the client design review outcome on the ticket plus linked build stories. The variance is that the 2026-09-30 decision (4 days old) is not yet recorded on WAGR-464 and no build stories exist yet. This is a V2-style stale-ticket gap, so Medium, not a High V1.",Redeposits,No ticket for the redeposit data model: monthly redeposit budget per deal (manual input) with allocations directly under it,,,,,Wagertech <> Jumpr: Redeposits Discovery Part 2,2026-09-21,Joyce Kiddell; Kobi Kunasekaran; Emily Vandenberg,00:02:55,https://docs.google.com/document/d/1yKF9Ti2Flmefnkog3nBkherM0g5KkkEdIJzoR6j6RxM/edit,"Joyce Kiddell: I think the first piece, like you just said, is the budget. budget setting by deal and I don't think we're at a point to be able to automate that piece where it's like we where we understand exactly the correct amount to like start with and then splice out. / Kobi Kunasekaran: Mhm. / Joyce Kiddell: So if to start if we can just like solution for being like a field or like something that we can input ourselves um and then Alli's process will take over. / Kobi Kunasekaran: Yes. / Emily Vandenberg: Yep.",2026-09-30 Wagertech <> Jumpr: Weekly Sync: Kobi Kunasekaran: Um and the budget is essentially set up as a container for um the redeposit entries. / Kobi Kunasekaran: Um so every month there is a separate budget. || 2026-09-30 Wagertech <> Jumpr: Weekly Sync: Kobi Kunasekaran: So the budget is per deal per month. So there's going to be like uh budget entries for each month for a deal. And then within the budget you have budget entries.,"Meetings decided that WagerTech enters a monthly redeposit budget per deal manually, and on 2026-09-30 removed the budget-entry layer so allocations sit directly under the monthly budget. No Jira ticket defines these objects; WAGR-464 still lists 'Where does the budget live, and in what unit?' and 'Batch level' as open decisions, and WAGR-108 says the Redeposit object is not ticketed.","Suggestion: record the 2026-09-30 data-model outcome on WAGR-464 (close the 'budget location' and 'batch level' open decisions) and create build stories for the Monthly Redeposit Budget and Redeposit Allocation objects, under a Redeposits epic."
VAR-083,V1,Medium,medium,confirmed,"All quotes exist verbatim in the 30 Sep 2026 Weekly Sync doc. In context the team agreed (Joyce: 'That's smart'; Gemini summary: 'The team agreed to save start and end dates for eligible signups on the redeposit allocation record, with a default value pre-populated at the deal level') and Kobi committed to add it. No later meeting exists in the ledger (30 Sep is the latest). No WAGR ticket states the eligibility date range, the player-picker filter or the deal default; WAGR-464 says only 'A BA assigns slots to eligible players' and has 0 comments.",Redeposits,"No ticket for the eligible-signup date range on each allocation (ops-set, with a deal default)",,,,,Wagertech <> Jumpr: Weekly Sync,2026-09-30,Kobi Kunasekaran; Emily Vandenberg; Joyce Kiddell,03:02:50,https://docs.google.com/document/d/1pc9pSc8tFg_8IuqTrOcRpNaRF9l8hiB6sjpqizzbqZo/edit,"Kobi Kunasekaran: Like start date, end date for eligible signups. And then that gets saved in the redeposit allocation record. So when they try to choose a player uh to allocate it to, it only displays anybody that had a sign up in those in those dates. / Kobi Kunasekaran: Maybe we can have like a default one on the deal that gets that pre-populates that field and then if / Joyce Kiddell: Yeah. Yes. Yeah. That's smart.","2026-09-30 Wagertech <> Jumpr: Weekly Sync: Emily Vandenberg: in midmon if Jess opens up more budget, he might be like, you can go and you can there's an extended window. Maybe it's like 3 months, maybe it's four. / Emily Vandenberg: It's not global at a deal level. || 2026-09-21 Wagertech <> Jumpr: Redeposits Discovery Part 2: Lina Ceniccola: But the problem with that is they are allowed to read up outside of that window. / Ali Nawaz: Yes. / Lina Ceniccola: I think this goes back to like those specific guard rails. we we're going to leave open-ended and / Emily Vandenberg: to start. / Lina Ceniccola: like we'll we'll determine what it is, / Emily Vandenberg: Yeah. / Lina Ceniccola: but you'll have to Still. monitor that uh process. / Lina Ceniccola: also given like our our timeline here for launch to set up these guard / Lina Ceniccola: rails but then actually have to go back and be like well actually we let people go against these all the time so doesn't really make sense to set it up. We just have to manage it internally.","On 2026-09-30 the team decided that each redeposit allocation stores start/end dates for eligible signups, set by ops and pre-populated from a default on the deal, and that reps can select only players with signups in that range. WAGR-464 says only 'A BA assigns slots to eligible players'; no ticket states the date-range rule or the deal default.","Suggestion: add the eligibility date-range rule (allocation-level start/end, deal default, player picker filter) to WAGR-464 and to the allocation build story."
VAR-086,V1,Medium,high,confirmed,"On 21 Sep, Lina (client) decided that BAs must not change assigned redeposits and that changes go through Ops; Kobi agreed. Meetings on 30 Sep refine this rule and do not reverse it. WAGR-464 (0 comments) does not state the rule; it lists only 'Can BAs create their own redeposit rows' as open. The WAGR-449 access epic says to record access rules on the feature ticket, and no ticket has this one yet.",Redeposits,No ticket for the BA edit restriction on assigned redeposits (notes only; ops makes changes),,,,,Wagertech <> Jumpr: Redeposits Discovery Part 2,2026-09-21,Ali Nawaz,00:52:37,https://docs.google.com/document/d/1yKF9Ti2Flmefnkog3nBkherM0g5KkkEdIJzoR6j6RxM/edit,Ali Nawaz: So I think that's kind of the one main part that we need to make sure they they use the notes section and that they're not able to add any other like touches to it themselves because the tech takes part we they manually were typing it in in the past it but they were typing it in into whether the name section or into the book section instead of the notes and so I guess as long as the note makes it clear we're good. / Ali Nawaz: I don't think there's anything else extra that they need to that they have access to to touch or tweak when it comes to the assigned readups. And uh I think that's all from that side.,"2026-09-21 Wagertech <> Jumpr: Redeposits Discovery Part 2: Ali Nawaz: So right now the assigned readab should not be touched uh other than how it's already already assigned to them or added to the sheets. / Kobi Kunasekaran: Okay. / Lina Ceniccola: I think if we if ops is able to go in and change it, / Kobi Kunasekaran: Yeah. / Lina Ceniccola: that's fine. If they want to request a change, / Kobi Kunasekaran: Yeah. / Ali Nawaz: Yeah, exactly. / Lina Ceniccola: they can just request it through ops and we'll change it. But let's let's not allow BAS to change the assigned / Kobi Kunasekaran: Perfect. / Kobi Kunasekaran: I mean with Salesforce like we can do hard lots right","WagerTech decided that BAs may only use the notes field on assigned redeposits and must not edit name, book, amount or slot fields; changes go through ops. No ticket states this permission rule; WAGR-464 still lists 'Can BAs create their own redeposit rows, or only Ops?' as open.",Suggestion: record the BA edit restriction on WAGR-464 and include field-level security or locking in the redeposit build stories.
VAR-087,V1,Medium,high,confirmed,"Quotes exist in the 2026-09-25 doc; in context the team agreed to mark incomplete redeposits at the redeposit level, roll amounts up to the payout, and not return funds to the pool. The 2026-09-30 sync restates this as not built yet ('can't complete' option, reasons TBD, write-offs not added), so nothing reverses it. No WAGR ticket captures the incomplete outcomes: WAGR-464 still lists 'Cancelled or Archived?' as open, WAGR-465 says Payout status follows its redeposits, and WAGR-466 covers paid Sign-Up write-offs only.",Redeposits,"No ticket for incomplete-redeposit outcomes at the redeposit level (cancel, write-off/erosion, funds returned)",,,,,Wagertech <> Jumpr: Referral and Payouts Discovery,2026-09-25,Joyce Kiddell; Lina Ceniccola; Kobi Kunasekaran; Emily Vandenberg,01:17:22,https://docs.google.com/document/d/1297TNkbv9TV2Gtwb8xsPXXRXjWqOHSzQdmnbXJgLrsw/edit,"Joyce Kiddell: But if um a redeposit does not end the way that we want it to and we get the money back, then we need a status on a payout level / Lina Ceniccola: I would just say have the ability to cancel or like either write it off or if they get the funds back then they can just cancel it. / Kobi Kunasekaran: should we track this at the red deposit level then and then maybe roll up any amounts that was like not completed uh to the payout as opposed to changing the payout status? / Joyce Kiddell: Yes. / Joyce Kiddell: I think it doesn't have to go back to the pool cuz if in the scenario of them going to jail, you're just like not going to continue to pay them. / Kobi Kunasekaran: maybe we'll we'll start with that and then if we do need to add additional layers and complexities around like how to handle the payout with incomplete redeposits, maybe you can come back around to that later.","2026-09-30 Wagertech <> Jumpr: Weekly Sync: Kobi Kunasekaran: Um we did talk about like fraud flags and stuff or write offs. I haven't uh that's not incorporated in yet. So, um I will let you know once that's added. || 2026-09-30 Wagertech <> Jumpr: Weekly Sync: Kobi Kunasekaran: Um they will have a way to say that can't be completed. Um reasons are TBD.","On 2026-09-25 the team decided that a redeposit that cannot complete is marked on the redeposit record (cancel or write off; cancel if funds come back), amounts roll up to the payout, and money does not return to the pool; Emily asked for two separate incomplete statuses. WAGR-464 still lists 'Cancelled or Archived?' as open, and WAGR-466 covers write-offs only for paid Sign-Ups.","Suggestion: add the incomplete outcomes (status values, no return to pool, roll-up to payout) to WAGR-464 and WAGR-465, and close the 'Cancelled or Archived?' open decision."
VAR-088,V3,Medium,medium,confirmed,"Both quotes exist in the 2026-09-30 transcript. In context, Emily (client) says redeposit requirements change over the deal's life and that a deal can have first and secondary immediate requirements with different thresholds (80%/90%, 50%) that must be reportable. No meeting after 2026-09-30 is in the ledger. No live Jira ticket records multiple requirements, thresholds or a per-requirement lifecycle. WAGR-213/107 still hold one set of deal-level fields. WAGR-462 covers only dated 'redeposit required'. WAGR-464 already plans to repurpose or close 107/213, which partly lowers the build risk.",Redeposits,WAGR-213 (built) and WAGR-107 model one deal-level redeposit requirement; 2026-09-30 decided requirements need their own lifecycle and multiple thresholds,WAGR-213; WAGR-107; WAGR-462,Jumpr Review; Ready; Requirements,Kobi Kunasekaran; Taryn Reithofer; Kobi Kunasekaran,"Capture whether a redeposit is required, which type(s), and — only when Immediate applies — the redeposit range.",Wagertech <> Jumpr: Weekly Sync,2026-09-30,Kobi Kunasekaran; Emily Vandenberg,01:26:10,https://docs.google.com/document/d/1pc9pSc8tFg_8IuqTrOcRpNaRF9l8hiB6sjpqizzbqZo/edit,"Kobi Kunasekaran: but veposit requirement, is this something that could also change similar to commercial terms that we might have to keep track of over time? / Emily Vandenberg: Yeah, we should. / Kobi Kunasekaran: Okay. So, it does sound like we need to keep track of this separately as well and like they kind of have their own life cycles and effective dates.","2026-08-11 Wagertech <> Jumpr: Weekly Sync: Joyce Kiddell: ... if there is a redeposit required like some books will have that as part of like our deal with them um then you have to say yes. / Joyce Kiddell: And then this would be like a pick list ideally that you can choose like do I need just sorry it shouldn't be standard it should be assigned do we need an assigned redeposit and an immediate redeposit um and if so then like if immediate redeposit selected at all then this uh range similar to deposit should appear and we can specify min and max values ... / Kobi Kunasekaran: I'll update the fields. I think those are pretty straightforward. || 2026-08-11 Wagertech <> Jumpr: Weekly Sync: Joyce Kiddell: ... we need to specify at a deal level if um we require both I think we call them like immediate and uh what was the other word Emily assigned um redeposits / Emily Vandenberg: Yes. / Joyce Kiddell: ... if we do require an immediate, then that's when redeposits require a range. But if there is no immediate, then you don't actually need to attach a range to redeposit","WAGR-213 (Jumpr Review) and WAGR-107 (Ready) hold single deal fields: Redeposit Required, Redeposit Type and one Immediate range. On 2026-09-30 the client decided redeposit requirements change over a deal's life with their own effective dates, and a deal can have first and secondary immediate requirements with different thresholds (80%/90% and 50%) that must be reportable. WAGR-462 covers dated history of 'redeposit required' but no ticket covers multiple requirements or thresholds.","Suggestion: hold WAGR-213 and WAGR-107 before release; fold redeposit requirements into the WAGR-462 dated-terms design (or a child object) with threshold fields, then repurpose or close WAGR-107/213 as WAGR-464's 'Done when' requires."
VAR-082,V1,Low,high,downgraded,"Quotes are verbatim and in context, and no later meeting reverses them. But WAGR-464 (the Redeposits design/requirements umbrella, status Requirements) already partly covers this: it lists Ops exception handling, mid-month re-runs, and open decisions on 'Batch level', 'Can BAs create their own redeposit rows, or only Ops?' and 'Custom upload screen, or Data Loader?'. So this is a V2 (ticket incomplete), not V1 (no ticket). The missing parts are the 30 Sep specifics: entry lines of rep + amount + volume with automation that creates the individual records, and the manual-first, CSV-later build order. Build stories do not exist yet, by design of WAGR-464.",Redeposits,"No ticket for manual and bulk allocation entry (rep + amount + volume, multiple batches per month)",,,,,Wagertech <> Jumpr: Redeposits Discovery Part 2,2026-09-21,Lina Ceniccola; Kobi Kunasekaran,00:29:54,https://docs.google.com/document/d/1yKF9Ti2Flmefnkog3nBkherM0g5KkkEdIJzoR6j6RxM/edit,"Lina Ceniccola: so, as long as we have the ability to also create manual redeposit records, that's really important. / Kobi Kunasekaran: Yeah. I mean that that's what Salesforce is going to give you, right? like you do have the ability to um like the interface that we talked about last week um where you can add additional uh additional allocations for redeposits in bulk to deals to people.","2026-09-30 Wagertech <> Jumpr: Weekly Sync: Kobi Kunasekaran: So then I I would even like say like let's not spend time on the upload CSV because this is going to take time. / Joyce Kiddell: Yeah. / Kobi Kunasekaran: Yeah, we we can like so like we always need a manual way so that we're going to have to build anyways and this is going to establish the guard rails, the rules, the fields that we we need and everything. / Kobi Kunasekaran: And then we can bolt on the CSV option afterwards.","WagerTech needs to create manual redeposit allocations in several batches per month, entered as rep + amount + volume with automation creating the individual records, and on 2026-09-30 the manual path was set to be built before the CSV upload. WAGR-464 describes only 'Ops uploads the monthly allocation from Jay's tool' and 'Ops handles exceptions'; no ticket states the manual/bulk entry or its build order.","Suggestion: add the manual bulk-allocation requirement (rep, amount, volume; repeatable batches) and the manual-first build order to WAGR-464, then create a build story."
VAR-084,V1,Low,medium,downgraded,"The quotes exist and no Jira ticket states the rep-queue actions. But WAGR-464 (Redeposits design card, Requirements, Kobi) already plans to record the client design review outcome and create the build stories. The 30 Sep meeting is that review, 4 days old. Emily also said the rep options are still to be checked with Lena. This is a pending documentation step on WAGR-464, not an untracked scope gap.",Redeposits,"No ticket for rep queue actions: 'try a different player' (stamped history) and 'request reallocation' (mandatory notes, ops review)",WAGR-381,Cancelled,,Out of scope for Phase 1 (per SOW). Planned Phase 2.,Wagertech <> Jumpr: Weekly Sync,2026-09-30,Emily Vandenberg; Kobi Kunasekaran,02:02:43,https://docs.google.com/document/d/1pc9pSc8tFg_8IuqTrOcRpNaRF9l8hiB6sjpqizzbqZo/edit,Emily Vandenberg: Try different player just like stamps that what we try you stamps that they tried / Kobi Kunasekaran: Makes sense. / Kobi Kunasekaran: This could just be your view or we leave it for the reps. It's up to you.,,"The 2026-09-30 review decided the rep queue actions: reps cannot return an allocation, can release it to try a different player (the attempt is stamped against the prior player), and can 'request reallocation', which ops reviews and which needs mandatory notes. The only rep-queue ticket, WAGR-381, is Cancelled as out of scope, and WAGR-464 does not state these actions.",Suggestion: add the rep-queue actions and their note rules to WAGR-464 and create a build story for the rep redeposit queue; leave WAGR-381 closed with a link to the new story.
VAR-085,V1,Low,medium,downgraded,"The quotes exist and no later meeting reverses them. No WAGR ticket has the actual-amount field or the post-completion lock for redeposits. But WAGR-464, the open Redeposits design card in Requirements, already covers 'logs proof for each one', and its Done-when requires the build stories. The 'decision' was mainly Kobi showing his prototype: Emily confirmed the completion fields, but nobody answered the lock statement. 'Date auto-populates' is not supported by the transcript.",Redeposits,"No ticket for redeposit completion: proof + actual amount, auto-populated player/book/date/region, locked completed queue",,,,,Wagertech <> Jumpr: Weekly Sync,2026-09-30,Kobi Kunasekaran; Emily Vandenberg,01:57:28,https://docs.google.com/document/d/1pc9pSc8tFg_8IuqTrOcRpNaRF9l8hiB6sjpqizzbqZo/edit,"Kobi Kunasekaran: And I I need to go back on the call, but I I think the completion for redeposits, it's like we still want a proof um and the actual red deposit amount. And that's it, right? / Emily Vandenberg: Okay, so you have the player's name, you have the book, you have the redeposit amount, you have the redeposit date, you have the region, which it's automatically going to pull in from, and then just your proof. Yeah. / Kobi Kunasekaran: I can see the details but everything's locked away not editable once it's been completed.","2026-05-28 Jumpr: Discovery (WagerTech end-user process walkthrough): The ones that are highlighted yellow are are done. There's a video attached and they've been moved to our master sheet. It basically means it's been approved. It's been checked and approved. / Jay: correct. And then when the proof comes in, I remove the scent. I take I take the link. Uh, I uploaded the Dropbox. I take the link. I put uh I put the date. And then what will happen is tomorrow um a very uh great man uh will come on the sheet. Um he's in charge of the redeposits. he will confirm this redeposit and then he'll be like, ""Okay, I'm going to change this."" Uh, it gets moved. It gets moved to a master sheet. When it gets moved, it gets turned yellow like that. And now John knows he no longer needs to worry about this because it's yellow.","On 2026-09-30 the team decided that a rep completes a redeposit by entering proof and the actual amount, other details auto-populate, and completed records move to a locked, non-editable completed queue. WAGR-464 states only that a BA 'logs proof for each one'; the actual-amount field, auto-population and the lock are not in any ticket.",Suggestion: add the completion field set and the post-completion lock to WAGR-464 and to the completion build story.
VAR-089,V8,Low,medium,downgraded,"Quote is verbatim and is a real open item (Kobi: 'we'll have to kind of figure that out'), and no later meeting closes it. But the same meeting decided that Salesforce reports will feed the tool's inputs (L2817) and WagerTech took the action to break down the tool inputs with Jay (L2825). WAGR-464 already lists mid-month re-runs. So the gap is narrow and partly covered: only the explicit return path for manual Salesforce additions is missing from WAGR-464.",Redeposits,Open: how manual/additional redeposits added in Salesforce feed back into the allocation tool for the next month,,,,,Wagertech <> Jumpr: Redeposits Discovery Part 2,2026-09-21,Kobi Kunasekaran,00:30:51,https://docs.google.com/document/d/1yKF9Ti2Flmefnkog3nBkherM0g5KkkEdIJzoR6j6RxM/edit,Kobi Kunasekaran: and then we we'll have to figure out how we can get that back into this tool in case you know you're adding a new Ruby deposit and you need to factor those previous decisions for the next month. So we'll have to kind of figure that out.,"2026-09-30 Wagertech <> Jumpr: Weekly Sync: Kobi Kunasekaran: So then I I would even like say like let's not spend time on the upload CSV because this is going to take time. / Joyce Kiddell: Yeah. / Kobi Kunasekaran: Yeah, we we can like so like we always need a manual way so that we're going to have to build anyways and this is going to establish the guard rails, the rules, the fields that we we need and everything. / Kobi Kunasekaran: And then we can bolt on the CSV option afterwards.","Kobi said the team must work out how manual allocations made in Salesforce get back into Jay's allocation tool so next month's run factors them. No later meeting answers this, and WAGR-464 lists only 're-runs in the middle of the month', not the return path to the tool.",Suggestion: add this as an open decision on WAGR-464 and raise it with WagerTech with the tool inputs/outputs request.
VAR-090,V1,Low,high,not in verification sample (Low),,Redeposits,No ticket for the exact-amount rule and the 'amount differs' checkbox with notes,,,,,Wagertech <> Jumpr: Redeposits Discovery Part 2,2026-09-21,Kobi Kunasekaran; Ali Nawaz,00:49:32,https://docs.google.com/document/d/1yKF9Ti2Flmefnkog3nBkherM0g5KkkEdIJzoR6j6RxM/edit,"Kobi Kunasekaran: it like is there is it a different status because like they didn't do the full amount. / Ali Nawaz: Well, no, it it has to be the exact amount assigned. And if it's not, / Kobi Kunasekaran: Okay. / Ali Nawaz: that that's where this notes part is important.","2026-09-30 Wagertech <> Jumpr: Weekly Sync: Kobi Kunasekaran: And I I need to go back on the call, but I I think the completion for redeposits, it's like we still want a proof um and the actual red deposit amount. And that's it, right? / Emily Vandenberg: Okay, so you have the player's name, you have the book, you have the redeposit amount, you have the redeposit date, you have the region, which it's automatically going to pull in from, and then just your proof. Yeah. / Kobi Kunasekaran: I can see the details but everything's locked away not editable once it's been completed.","Discovery part 2 decided that a redeposit must match the assigned amount (no partial status), and that a checkbox flags when the actual deposit differs, with context in notes and a possible notification to ops. No ticket states this rule or the flag.",Suggestion: add the exact-amount rule and the 'amount differs' flag (plus the open question on ops notification) to WAGR-464.
VAR-091,V1,Low,medium,downgraded,"No WAGR ticket lists the allocation type values, so the gap is real. But the 30 Sep value set is not final: Kobi said the picklist values are informational and 'we can make that decision later'. Joyce proposed a Wager Winner type, and Emily will get back to Kobi on it (L3348, open action). The quote also joins lines that are 27 lines apart and leaves out the debate about Additional.",Redeposits,"No ticket for the allocation type values (Assigned, Personal; keep Additional), informational only",,,,,Wagertech <> Jumpr: Redeposits Discovery Part 2,2026-09-21,Ali Nawaz; Lina Ceniccola; Emily Vandenberg,01:00:25,https://docs.google.com/document/d/1yKF9Ti2Flmefnkog3nBkherM0g5KkkEdIJzoR6j6RxM/edit,"Ali Nawaz: I would say I would say that the same option of just being able to add additional readups throughout the month. That's that's same that's the step we would use for the personal readup because we don't we don't decide our personal readup like the budget that each BA is uh assigned until the middle of the month like around this time and that's when it's added. Right. remember usually I have to get Jess to approve some and maybe not as much uh in the near / Lina Ceniccola: can I just interject here for a second? I think for personal redeposits, it would fall under assigned, manual, and tagged as personal. / Ali Nawaz: Yeah, that that makes sense. / Emily Vandenberg: and and then um okay assigned manual tagged as personal. So we would need another kind of like identifier and then would you want any linkage in terms of where the redeposit actually went to at a like alternate player level if it's applicable?","2026-09-21 Wagertech <> Jumpr: Redeposits Discovery Part 2: Joyce Kiddell: the one thing I wanted to kind of uh anchor this back to is the idea of like having those three flows like and just double checking that we're not changing our minds from it, but like basically in terms of like the user journeys that we could take, it's broken down into assigned um what do we call it? assigned uh manual manual and then the third one would be like automated or / Lina Ceniccola: additional / Joyce Kiddell: immediate like the ones that are triggered based off the sign up. So I think everything that Ally was describing can still kind of fit in that context but Okay. All right.","Meetings decided that personal redeposits are assigned, manual and tagged personal, and on 2026-09-30 that allocation types are Assigned and Personal, with Additional kept for now and no logic attached. No ticket lists these allocation type values; WAGR-464 mentions only 'personal redeposit linking'.",Suggestion: add the allocation type picklist values and the 'informational only' rule to WAGR-464.
VAR-092,V1,Low,high,not in verification sample (Low),,Redeposits,No ticket states that automated/immediate redeposit requirements are tracked outside the monthly budget,WAGR-464,Requirements,Kobi Kunasekaran,Automated redeposits are a placeholder only for now.,Wagertech <> Jumpr: Weekly Sync,2026-09-30,Joyce Kiddell; Kobi Kunasekaran,02:35:08,https://docs.google.com/document/d/1pc9pSc8tFg_8IuqTrOcRpNaRF9l8hiB6sjpqizzbqZo/edit,"Joyce Kiddell: Because you're not you're not tracking the automated redeposit requirements against budget entries, right? / Kobi Kunasekaran: Yes, those I don't think we're tracking them under under like a monthly budget, right? That's just automatic independent redeposit.","2026-09-21 Wagertech <> Jumpr: Redeposits Discovery Part 2: Joyce Kiddell: the one thing I wanted to kind of uh anchor this back to is the idea of like having those three flows like and just double checking that we're not changing our minds from it, but like basically in terms of like the user journeys that we could take, it's broken down into assigned um what do we call it? assigned uh manual manual and then the third one would be like automated or / Lina Ceniccola: additional / Joyce Kiddell: immediate like the ones that are triggered based off the sign up. So I think everything that Ally was describing can still kind of fit in that context but Okay. All right.",On 2026-09-30 the team decided that automated redeposit requirements (for example a redeposit due days after signup) are independent and not tracked under the monthly budget. WAGR-464 holds automated redeposits as a placeholder and does not state the budget separation.,Suggestion: add the 'automated redeposits are outside the monthly budget' rule to WAGR-464 so the budget model and later reporting do not count them.
VAR-093,V1,Low,high,not in verification sample (Low),,Redeposits,No ticket states that a redeposit uses the deal's currency,,,,,Emily / Kobi (client working session),2026-08-27,Emily Vandenberg; Kobi Kunasekaran,00:15:01,https://docs.google.com/document/d/1LL6tMq9tPMMnfKLg5AGRRz9ps6Tk6Yt6-3uqWMW3Cn0/edit,"Emily Vandenberg: deal cuz like at the redeposit / Kobi Kunasekaran: Yeah, / Emily Vandenberg: level you're just going back you're just redepositing against a deal right and so then you would assume the same currency. / Kobi Kunasekaran: correct. Yeah. / Emily Vandenberg: So like the redeposit will follow the deal / Kobi Kunasekaran: Yeah, that that makes sense. / Emily Vandenberg: country.",,Emily and Kobi agreed that a redeposit is made against a deal and so uses the deal's currency (follows the deal country). No redeposit ticket states currency; WAGR-462 asks only about the currency of copied CPA and deposit amounts.,Suggestion: add 'redeposit currency = deal currency' to WAGR-464 and to the redeposit object story.
VAR-094,V1,Low,medium,not in verification sample (Low),,Redeposits,No ticket states that VIP players must stay searchable in redeposit eligibility lists,,,,,Wagertech <> Jumpr: Weekly Sync,2026-09-23,Joyce Kiddell; Kobi Kunasekaran,01:02:50,https://docs.google.com/document/d/14qj2c7XQWrT1KJJhEV34u7rF5KBJU6xMUIPWNfyNDVk/edit,"Joyce Kiddell: like when we look up like players who are eligible for redeposits for example, like we would still want VIPs like in that list like they should be searchable. / Kobi Kunasekaran: Yeah, as of now, no, I think the external ID is it's just purely for CMS integration. So, / Kobi Kunasekaran: we shouldn't need it.",,"Joyce required that VIP players still appear and are searchable in lists such as redeposit eligibility, and Kobi confirmed the external ID would not block this. The VIP tickets (WAGR-420 cluster) and WAGR-464 do not state it.",Suggestion: add the VIP visibility rule as acceptance criteria on the redeposit player-selection story and cross-reference it in WAGR-420.
VAR-095,V1,Low,medium,not in verification sample (Low),,Redeposits,No ticket for the rule that any off-slot amount is additional budget and needs approval first,,,,,Wagertech <> Jumpr: Redeposits Discovery Part 2,2026-09-21,Ali Nawaz,00:46:25,https://docs.google.com/document/d/1yKF9Ti2Flmefnkog3nBkherM0g5KkkEdIJzoR6j6RxM/edit,"Ali Nawaz: but if they need to add an amount, it should it's always an additional budget and it has to be approved in the first place",2026-09-21 Wagertech <> Jumpr: Redeposits Discovery Part 2: Lina Ceniccola: I think I lean more towards leave it open and / Ali Nawaz: Yeah. / Kobi Kunasekaran: Okay. / Lina Ceniccola: adjust later and see how it goes. Like we have people to manage the system. So I'm not overly concerned about people going rogue or anything like that. / Kobi Kunasekaran: Okay. / Lina Ceniccola: Let's leave it open and adjust later.,"Ali stated that if a BA needs an amount outside the assigned slots, it is always additional budget and must be approved first. No ticket records this rule or how an additional allocation is requested and approved.",Suggestion: record the rule on WAGR-464 and confirm whether Salesforce enforces it (ops-created additional allocation) or it stays a manual process.
VAR-096,V1,Low,low,downgraded,"Quote is real and the deferral is real, and no Jira ticket records partner filtering of signups. But Kobi said 'We don't need a solution for it' and that it will likely live 'a different place'; the 30 Sep sync then revisited rep filtering in the redeposit design (V1 = standard predefined list views, region views, allocation-based rep queue), so the open item is now a minor list-view config detail, not a lost requirement.",Redeposits,"Deferred item not tracked: rep filtering of signups by partner, to revisit after redeposit design",,,,,Wagertech <> Jumpr: Weekly Sync,2026-09-23,Kobi Kunasekaran; Emily Vandenberg,01:19:54,https://docs.google.com/document/d/14qj2c7XQWrT1KJJhEV34u7rF5KBJU6xMUIPWNfyNDVk/edit,Kobi Kunasekaran: Okay. Uh Okay. Let's let let's come back to it. Uh maybe like we we'll build out the redeposits and then depending on what the workflows look like / Kobi Kunasekaran: But I think I think you're right like let's let's get the solutioning for redeposits and then uh make sure that we have a way to optimize from that from those workflows.,,"Kobi and Emily agreed to revisit a partner filter for reps' redeposit work once the redeposit workflows are designed. No ticket or WAGR-464 line records this follow-up, so it can be lost.",Suggestion: add a follow-up line to WAGR-464 (or a backlog story) to revisit partner filtering after the redeposit design.
VAR-097,V1,Low,medium,not in verification sample (Low),,Redeposits,"WagerTech-owned redeposit action items not tracked (tool inputs/outputs, September export, tool rename, wager-winner type, product redeposit flow)",,,,,Wagertech <> Jumpr: Redeposits Discovery Part 2,2026-09-21,Lina Ceniccola; Emily Vandenberg; Kobi Kunasekaran,00:58:28,https://docs.google.com/document/d/1yKF9Ti2Flmefnkog3nBkherM0g5KkkEdIJzoR6j6RxM/edit,"Lina Ceniccola: And can you I think we need to provide some additional info on our redeposit tool. / Emily Vandenberg: Yes. / Kobi Kunasekaran: Yeah, / Lina Ceniccola: So just we can get ahead of that or you can send us specific questions / Kobi Kunasekaran: like yeah, / Lina Ceniccola: whatever is easier. / Kobi Kunasekaran: I think the key thing is like just understanding what the inputs and outputs are. Um, so that we can make sure that, you know, when we move over to Salesforce, the tool still works, right? Or we have alternate inputs. Um because I'm assuming it's being driven by the spreadsheets right now and I'm curious about how manual it is and",,"Five WagerTech action items from the 2026-09-21 and 2026-09-30 meetings have no tracking item: provide the payment-tracker tool's inputs/outputs, share the September export, rename the tool, confirm a wager-winner allocation type, and send the product redeposit flow. The tool inputs/outputs and export are needed to design the CSV mapping (L2824).",Suggestion: add these as a 'Waiting on WagerTech' checklist on WAGR-464 (or internal tasks) and confirm in the next sync which are done.
VAR-098,V3,Low,high,not in verification sample (Low),,Redeposits,WAGR-62 (Ready) still lists the redeposit type value 'Standard Redeposit'; the client renamed it 'Assigned' on 2026-08-11,WAGR-62; WAGR-213,Ready; Jumpr Review,Kobi Kunasekaran; Kobi Kunasekaran,R: Redeposit Type (multi-select: Standard Redeposit; Immediate Redeposit),Wagertech <> Jumpr: Weekly Sync,2026-08-11,Joyce Kiddell; Kobi Kunasekaran,00:51:28,https://docs.google.com/document/d/1Qw_rUiBDniWRNlPQ1St7C7VbJ5rCPriZCrMoUeCHGV8/edit,Joyce Kiddell: ... if there is a redeposit required like some books will have that as part of like our deal with them um then you have to say yes. / Joyce Kiddell: And then this would be like a pick list ideally that you can choose like do I need just sorry it shouldn't be standard it should be assigned do we need an assigned redeposit and an immediate redeposit um and if so then like if immediate redeposit selected at all then this uh range similar to deposit should appear and we can specify min and max values ... / Kobi Kunasekaran: I'll update the fields. I think those are pretty straightforward.,,"WAGR-62, the Ready deal layout story, still specifies 'Standard Redeposit' as a Redeposit Type value. Joyce corrected the label to 'Assigned' on 2026-08-11, and WAGR-213 itself notes WAGR-62 needs fixing; WAGR-62 has no comment or update that does so.",Suggestion: update the WAGR-62 Section 3 text to 'Assigned; Immediate' (or point it at WAGR-213) before it is built.
VAR-099,V8,Low,high,not in verification sample (Low),,Redeposits,Open: reasons for the rep 'can't complete' option are TBD,,,,,Wagertech <> Jumpr: Weekly Sync,2026-09-30,Kobi Kunasekaran,01:59:31,https://docs.google.com/document/d/1pc9pSc8tFg_8IuqTrOcRpNaRF9l8hiB6sjpqizzbqZo/edit,Kobi Kunasekaran: Um they will have a way to say that can't be completed. Um reasons are TBD.,"2026-09-30 Wagertech <> Jumpr: Weekly Sync: Kobi Kunasekaran: Um we did talk about like fraud flags and stuff or write offs. I haven't uh that's not incorporated in yet. So, um I will let you know once that's added.",On 2026-09-30 Kobi said reps will have a 'can't complete' option and the reasons are TBD. No later meeting sets them and no ticket lists them (WAGR-464 asks only about a shared fraud-reason value set).,Suggestion: add 'can't-complete reason values' as an open decision on WAGR-464 and agree them with WagerTech.
VAR-100,V8,Low,high,not in verification sample (Low),,Redeposits,Open: whether redeposit requirement terms must block overlapping effective dates,,,,,Wagertech <> Jumpr: Weekly Sync,2026-09-30,Kobi Kunasekaran,01:28:45,https://docs.google.com/document/d/1pc9pSc8tFg_8IuqTrOcRpNaRF9l8hiB6sjpqizzbqZo/edit,"Kobi Kunasekaran: But are we good with like using a similar like framework of commercial terms where uh you know you can create a new term. Um maybe we're not we don't necessarily need to enforce / Kobi Kunasekaran: like no overlaps. Um, but I I come back and confirm if if that needs to be there or not, depending on how those gets assigned to the signups.","2026-09-30 Wagertech <> Jumpr: Weekly Sync: Kobi Kunasekaran: but veposit requirement, is this something that could also change similar to commercial terms that we might have to keep track of over time? / Emily Vandenberg: Yeah, we should. / Kobi Kunasekaran: Okay. So, it does sound like we need to keep track of this separately as well and like they kind of have their own life cycles and effective dates.",Kobi proposed a commercial-terms-like framework for redeposit requirements and said he will confirm whether no-overlap must be enforced. Not answered later; WAGR-462 does not cover redeposit requirement overlaps.,Suggestion: add the overlap question to WAGR-462 or WAGR-464 and decide it in the requirement-terms design.
VAR-101,V8,Low,high,confirmed,"Quote is verbatim in the re-fetched 30 Sep 2026 Weekly Sync doc; context and the meeting's own Gemini notes show the personal redeposit eligibility window was deferred pending Emily's check with Owen; no later meeting exists in the ledger; no WAGR ticket captures the window or the 6-month cap (WAGR-464 only lists personal redeposit linking). Low is right because the system design (start/end eligible-signup dates on the allocation, deal default) was decided later in the same meeting, so only the business cap is open.",Redeposits,Open: eligibility window for personal redeposits (Emily to confirm with Owen; Joyce suggested a 6-month maximum),,,,,Wagertech <> Jumpr: Weekly Sync,2026-09-30,Emily Vandenberg; Joyce Kiddell,02:47:53,https://docs.google.com/document/d/1pc9pSc8tFg_8IuqTrOcRpNaRF9l8hiB6sjpqizzbqZo/edit,"Emily Vandenberg: That was my understanding, but we c I can confirm with Owen. / Joyce Kiddell: Can we just make it so like personal redeposits are like maxed at 6 months always","2026-09-30 Wagertech <> Jumpr: Weekly Sync: Emily Vandenberg: in midmon if Jess opens up more budget, he might be like, you can go and you can there's an extended window. Maybe it's like 3 months, maybe it's four. / Emily Vandenberg: It's not global at a deal level.",Personal redeposits may allow a longer look-back; Emily will confirm with Owen and Joyce suggested a universal 6-month maximum. Not answered later and not in any ticket.,Suggestion: add as an open decision on WAGR-464 with Emily as the owner.
VAR-102,V8,Low,high,not in verification sample (Low),,Redeposits,Open: whether 'request reallocation' is gated (time or failed attempts); to validate with Lena,,,,,Wagertech <> Jumpr: Weekly Sync,2026-09-30,Emily Vandenberg; Kobi Kunasekaran,02:01:47,https://docs.google.com/document/d/1pc9pSc8tFg_8IuqTrOcRpNaRF9l8hiB6sjpqizzbqZo/edit,"Emily Vandenberg: Um, I don't know. Maybe we like you can leave it. We can validate with Lena what she kind of wants them to be able to do. / Kobi Kunasekaran: We can gate it like if you know they can't push it back to operations uh in the first seven days it's been allocated or 30 days something we can time gate it or other gates so that this option only becomes available after they've tried like maybe they tried assigning to three different people","2026-09-30 Wagertech <> Jumpr: Weekly Sync: Joyce Kiddell: And I wonder if it's like we just phrase it instead of saying return cuz that implies that like you don't need to worry about anymore. It's like maybe it's more of like request reallocation or / Kobi Kunasekaran: Okay. Yeah, actually that's a good idea. I like that instead of return to Russian. / Joyce Kiddell: notes mandatory um I don't know if it is right now but like that way they have to kind of explain if they're trying to send it back / Emily Vandenberg: No, not for a different pair player.","Emily said they will validate with Lena what reps can do, and Kobi proposed time-gating the send-back option or unlocking it after several failed player assignments. Not answered later and not in any ticket.",Suggestion: add as an open decision on WAGR-464 and confirm with Lena.
VAR-107,V5,Medium,high,confirmed,"All three Sep 30 quotes exist verbatim in the re-fetched transcript. In context, Jumpr accepted each point: Kobi agreed to a separate streamlined referral-redeposit queue ('Yeah, we can do that'), conceded no deal-level budget entries for referral bet credit (later the whole budget-entry layer was removed), and confirmed bet credit goes to the referrer inside the payout flow. No later meeting exists (ledger and transcripts end Sep 30). WAGR-465 and WAGR-464 were last updated Sep 28, have 0 comments, and do not hold these decisions. WAGR-465 still says referral redeposits 'follow the redeposit proof process', and WAGR-464 still lists 'Where does the budget live' as open. No other WAGR ticket covers them.",Referral and Payouts,"Sep 30 bet-credit decisions (separate referral queue, no deal-level budget entries, allocation to referrer inside payout flow) are not in WAGR-465 or WAGR-464",WAGR-465; WAGR-464; WAGR-464,Requirements; Requirements; Requirements,Kobi Kunasekaran; Kobi Kunasekaran; Kobi Kunasekaran,**Bet credit:** the rep splits the total into smaller redeposit records for the referrer. These follow the redeposit proof process. The Payout status follows the status of its redeposits.,Wagertech <> Jumpr: Weekly Sync,2026-09-30,Emily Vandenberg; Kobi Kunasekaran,03:19:31,https://docs.google.com/document/d/1pc9pSc8tFg_8IuqTrOcRpNaRF9l8hiB6sjpqizzbqZo/edit,"Emily Vandenberg: Can you can we create a separate although it still would be a redeposit like I agree it follows it but like a separate um drop down for it so it doesn't go right into redeposit it goes into referral payments / Kobi Kunasekaran: Um but for the redeposit records um instead of going through the same flow that we had for the regular redeposits like this queue um we just want a separate queue that's maybe like streamlined / Kobi Kunasekaran: Yeah. Yeah, we can do that. Yeah.","2026-09-30 Wagertech <> Jumpr: Weekly Sync: Kobi Kunasekaran: Uh when it comes for payouts, um instead of the payout creating like a like a budget entry, um I will think through the best way to relate these redeposit allocations to the bet credit payout. || 2026-09-30 Wagertech <> Jumpr: Weekly Sync: Kobi Kunasekaran: I didn't add the payout that becomes a redeposit uh, here yet, so that's still uh, TBD.","On Sep 30 the team decided that referral bet-credit redeposits get their own streamlined queue/tab (no player selection), are not tracked as deal-level budget entries, and are allocated to the referrer inside the payout flow. WAGR-464 and WAGR-465 were last updated Sep 28 and do not contain these decisions; WAGR-464 still lists budget location as open.",Add the Sep 30 decisions to WAGR-465 (referral side) and WAGR-464 (redeposit side) and record the open follow-up L3373 (how allocations relate to the bet credit payout) on one of them.
VAR-108,V8,Medium,high,confirmed,"Both quotes exist verbatim in the re-fetched Gemini docs. In context, Kobi restated the default (only books where the referrer's player record has completed signups), Emily said she sometimes plays through other people's books, was unsure how strict launch must be, and said 'let me get back to you on that'. No ledger rows exist after 2026-09-30. WAGR-465 and WAGR-464 (0 comments each) do not mention book eligibility or the strictness of the check.",Referral and Payouts,Open: how strictly referral bet credit must be limited to books the referrer signed up for at launch,,,,,Wagertech <> Jumpr: Weekly Sync,2026-09-30,Joyce Kiddell; Kobi Kunasekaran; Emily Vandenberg,03:15:49,https://docs.google.com/document/d/1pc9pSc8tFg_8IuqTrOcRpNaRF9l8hiB6sjpqizzbqZo/edit,"Joyce Kiddell: Uh it's if that specific referral has signed up for that book or not. / Emily Vandenberg: sometimes I'll find other people's books to play through. So, I don't know how hard like I don't know how hard we need to be on this for launch otherwise.",,"Joyce wants the system to check that the referrer is signed up with the book before a bet-credit split is logged; Emily said referrers sometimes play through other books and was unsure how strict this must be for launch. No later meeting answers it, and WAGR-465/WAGR-464 do not mention book eligibility.","Add this as an open question on WAGR-465 with Emily as owner, and decide before the bet-credit allocation story is written (hard block, warning, or no check)."
VAR-103,V1,Low,high,downgraded,"The Sep 1 agreement is real and no build story exists. But the item is already tracked in Jira: WAGR-465 (High, Requirements, Kobi, Sprint 2) lists it as an open question and cites the Sep 1 sync as a source. WAGR-465 is not done until the build stories exist. So this is partial coverage, and the real gap is smaller: a firm agreement was logged as an open question. The L2277 read-only check is a small internal action that happened before the client ask.",Referral and Payouts,No ticket for the agreed Ops override of the matrix payout amount ('payout amount differs' / new payout amount) on the Sign-Up,,,,,Wagertech <> Jumpr: Weekly Sync,2026-09-01,Lina Ceniccola; Emily Vandenberg; Kobi Kunasekaran,00:37:17,https://docs.google.com/document/d/1wmGMiVLLsLjkMh9s3WRUNqJd5AxHlqXEO6Ll8rL1_uo/edit,"Lina Ceniccola: Um I'm just thinking we if we could have it as ops first. / Lina Ceniccola: payout amount differs, new payout amount, / Kobi Kunasekaran: Yeah. Okay. Yeah, we can do","2026-09-01 Wagertech <> Jumpr: Weekly Sync: Kobi Kunasekaran: Uh the payout amount is getting auto set based on like the referral that's chosen and the referral type that's chosen, right? / Kobi Kunasekaran: It's it comes from that matrix.","On Sep 1 Lina asked for, and Kobi agreed to, an Ops-first override of the matrix payout amount using a 'payout amount differs' / new payout amount pattern (like Deposit Amount Differs, WAGR-266). No build ticket exists; WAGR-465 lists it only as an open question ('Can Ops override a Sign-Up's payout amount? (Lina, Sep 1)'). The related internal check that Payout Amount is read-only for reps (L2277) is also not tracked.","Create a Sign-Up story for the Ops payout amount override (checkbox + override amount, Ops-only FLS, payout batch uses the override) and include the rep read-only check; or confirm with Lina whether the Sep 25 payout design replaces it."
VAR-104,V2,Low,high,downgraded,"The WAGR-159 text does conflict with the Aug 18 'no restriction' decision. But later meetings show the build does not block: on Sep 11 Kobi told the client that referrer ban/pause logic does not stop signups, and on Sep 24 he said a banned referrer can already be selected at signup. So this is a stale ticket description, not a build defect. The reason-list gap is also smaller than claimed. WAGR-178 already holds the reasons the client confirmed on Aug 25. Only 'Referrer Request' is unconfirmed. 'Other' looks wanted (Lina: 'as long as we have the reasons and when we have other').",Referral and Payouts,WAGR-159 Pause Automation says a paused referrer 'blocks new attribution' and uses the unconfirmed prototype reason list; meetings decided no restriction and a different reason list,WAGR-159; WAGR-159; WAGR-159; WAGR-178,Jumpr Review; Jumpr Review; Jumpr Review; Jumpr Review,Taryn Reithofer; Taryn Reithofer; Taryn Reithofer; Taryn Reithofer,Reversible; blocks new attribution only,Wagertech <> Jumpr: Weekly Sync,2026-08-18,Kobi Kunasekaran; Lina Ceniccola,01:34:45,https://docs.google.com/document/d/1SOoE_HqRKzBFtDRxNkR4kLvamf4T_r3bS_uem79bYi0/edit,"Kobi Kunasekaran: ...So, are we saying that for paused and banned, we're not going to restrict signups from being uh or reps from being uh adding referers or signups, even if they're banned or paused. / Lina Ceniccola: Yeah, that works.","2026-09-24 Wagertech Internal Sync: Kobi Kunasekaran: the followup is potentially creating a report or a way for them to see a list of um, signups with banned referers. Um, I would dep prioritize this / Taryn Reithofer: deep part 75. / Kobi Kunasekaran: really we just need to surface a way for them to see signups against uh bad referers / Kobi Kunasekaran: let's rework the ticket so that it doesn't seem like we have to do anything in the signup flow for now. / Kobi Kunasekaran: No, Let's just put it in the back hog for now. We we'll categorize it later.","On Aug 18 the client agreed that paused or banned referrers do not restrict signups (reconfirmed internally Sep 24, and WAGR-75 was rescoped to a report). WAGR-159, created Aug 20 from the prototype and marked built and tested, still says Pause 'blocks new attribution' and lists six prototype reasons, while WAGR-178 holds the four reasons the client confirmed on Aug 25.",Check the built Pause flow in the sandbox: confirm it does not block attribution and uses the WAGR-178 reason values; then correct the WAGR-159 description (or close it as superseded by WAGR-178/WAGR-75).
VAR-105,V3,Low,medium,downgraded,"Real naming mismatch (WAGR-191 Default Payout Type built as Cash/Redeposit; Sep 25 WagerTech decided to keep 'bet credit'; Sign-Up/matrix use bet credit), with no later reversal. But WAGR-465 already lists this exact naming question as open, so Jira partially covers it, and the fix is a small picklist rename/mapping before WAGR-428 defaulting is built. Lower to Low.",Referral and Payouts,"Referrer Default Payout Type values are 'Cash, Redeposit' while the Sign-Up type and the decided term are 'Bet Credit'",WAGR-191; WAGR-428; WAGR-465,Jumpr Review; Open; Requirements,Taryn Reithofer; Unassigned; Kobi Kunasekaran,"Default Payout Type — Picklist: Cash, Redeposit; overridable at the Sign Up level",Wagertech <> Jumpr: Referral and Payouts Discovery,2026-09-25,Joyce Kiddell; Lina Ceniccola,00:18:49,https://docs.google.com/document/d/1297TNkbv9TV2Gtwb8xsPXXRXjWqOHSzQdmnbXJgLrsw/edit,"Joyce Kiddell: like are are we still clinging at credit because it's like technically a redeposit. / Lina Ceniccola: We do internally. We call it bad credit for referral payments. / Joyce Kiddell: Just keep it like that. / Lina Ceniccola: Yeah, I say keep it consistent.","2026-08-18 Wagertech <> Jumpr: Weekly Sync: Joyce Kiddell: Um the default payout type, remember it's like cash or redeposit. / Joyce Kiddell: Make that a note. move at the bottom. || 2026-08-18 Wagertech <> Jumpr: Weekly Sync: Joyce Kiddell: Um the default payout type, remember it's like cash or redeposit. / Joyce Kiddell: Make that a note. move at the bottom.","WAGR-191 built the referrer Default Payout Type with the Aug 18 wording (Cash, Redeposit). On Sep 25 WagerTech decided to keep the term 'bet credit', and the signup payout type must default from the referrer default. The Sign-Up Referral Type and payout matrix use Cash/Bet Credit (WAGR-289), so the default cannot map cleanly; WAGR-465 still lists the naming as open.","Rename the WAGR-191 picklist value Redeposit to Bet Credit (or add an explicit mapping) as part of WAGR-428, and close the naming question on WAGR-465."
VAR-106,V5,Low,medium,downgraded,"All nine Sep 25 quotes exist and no later meeting reverses them, but the claim overstates the gap. WAGR-465 already covers fraud queue handling (flagged visible but not selectable, confirmed fraud not in queue), removing a Sign-Up from an unpaid batch, rep override of payout type per Sign-Up (mixed types per referrer), and the one-time secondary bonus after 10. Still missing: no mixing of cash and bet credit in one payout (the ticket only says one currency), separate primary and secondary payouts, the split paid flag (a soft Kobi proposal), one-to-one payment, cancel/delete of an unpaid payout, and confirmed fraud shown on the referral record. The bonus amount (100 cash / 200 bet credit) is supported by Lina, but keeping it open against the conflicting Jul 17 $250 figure is defensible. This is a Requirements-stage design ticket with no build stories yet, and the assignee (Kobi) led the call.",Referral and Payouts,WAGR-465 (referral payout design) is missing several payout rules decided on Sep 25 and still lists the decided secondary bonus amount as open,WAGR-465; WAGR-465,Requirements; Requirements,Kobi Kunasekaran; Kobi Kunasekaran,A batch holds one currency only.,Wagertech <> Jumpr: Referral and Payouts Discovery,2026-09-25,Joyce Kiddell; Lina Ceniccola,00:21:29,https://docs.google.com/document/d/1297TNkbv9TV2Gtwb8xsPXXRXjWqOHSzQdmnbXJgLrsw/edit,"Joyce Kiddell: but I I wouldn't like within a single payout record if we are creating a separate record type or object type whatever it's called. Um I would not combine cash and redeposit into one, right? / Lina Ceniccola: You would have to then create like two different payout records. / Lina Ceniccola: you can only batch one of the same kind of touch.",,"The Sep 25 discovery decided that one payout cannot mix cash and bet credit, that primary and secondary signups go in separate payouts, that the signup paid flag is split primary/secondary, that one-to-one payment, mixed types per referrer and cancel/delete of an unpaid payout must be possible, that confirmed fraud shows on the referrer record, that primary referrers have no minimum threshold, and that the secondary bonus is a one-time 200 bet credit / 100 cash. WAGR-465 states only the single-currency rule for batches and lists the bonus amount as an open question; the other rules are not in its description, and it has no comments.","Add these rules to WAGR-465 as acceptance criteria (or to the build stories when they are created), and move the secondary bonus amount from Open questions to Requirements after a quick confirmation with Lina."
VAR-109,V1,Low,medium,not in verification sample (Low),,Referral and Payouts,No ticket for Kobi's Sep 25 action to diagram the referral payout currency flow for Emily,,,,,Wagertech <> Jumpr: Referral and Payouts Discovery,2026-09-25,Emily Vandenberg; Kobi Kunasekaran,00:33:10,https://docs.google.com/document/d/1297TNkbv9TV2Gtwb8xsPXXRXjWqOHSzQdmnbXJgLrsw/edit,Emily Vandenberg: What do you think? I It's kind of confusing and I'm like wondering if / Kobi Kunasekaran: I'll I'll I'll draw it out. I'll draw it out.,,"Emily found the two-currency explanation confusing and Kobi committed to draw it out. No Jira item or WAGR-465 'Done when' line tracks this, and no later meeting records it as delivered.",Add the diagram as a Done-when item on WAGR-465 (or a Confluence task per the Sep 29 lean-Jira decision) and confirm delivery to Emily.
VAR-110,V1,Low,low,not in verification sample (Low),,Referral and Payouts,"No ticket for the agreed recorded demo of WagerTech's current reconciliation process (client action, Jun 17)",,,,,WAGR: Jumpr <> Wagertech — Discovery Session 1: End-User Workflows,2026-06-17,Kobi Kunasekaran; Emily Vandenberg,01:02:16,https://docs.google.com/document/d/1lK3FxzUuwQFuSN3sTU7vF4ooq8CbZK8Qt2Yp7gldCxg/edit,"Kobi Kunasekaran: ... but it could just be like a recorded video or something, but to actually see what the, uh, what that reconciliation process looks like in practice / Emily Vandenberg: we can definitely get that. Get that for",,Kobi asked for a recorded video of the current reconciliation process and Emily agreed. No Jira item tracks it and no later meeting mentions receiving it.,"Confirm with Emily whether the video was sent; if not and it is still useful for the payout/write-off design, track it as a client dependency on WAGR-465 or WAGR-466."
VAR-111,V2,Low,medium,not in verification sample (Low),,Referral and Payouts,WAGR-191 built Default Referrer Role although Aug 18 sync said to take the referrer role out of the referrer defaults,WAGR-191; WAGR-191,Jumpr Review; Jumpr Review,Taryn Reithofer; Taryn Reithofer,Default Referrer Role — pre-fill only; the Sign Up holds the final value,Wagertech <> Jumpr: Weekly Sync,2026-08-18,Joyce Kiddell,01:34:45,https://docs.google.com/document/d/1SOoE_HqRKzBFtDRxNkR4kLvamf4T_r3bS_uem79bYi0/edit,Joyce Kiddell: ...I think we would take out referral ro.,,"Joyce said 'we would take out referral ro[le] ... because like they're only secondary referrers on specific signups', i.e. role is set per sign-up, not as a referrer default. The ticket recorded this as 'unresolved which field' but the field was built.","Suggest confirming with Joyce that 'referral ro' meant Default Referrer Role; if yes, hide or remove the field from the Referrer layout and update WAGR-191."
VAR-112,V3,Low,medium,confirmed,"Sep 2 internal sync quotes exist verbatim (filler only). Kobi and Taryn agreed to swap Operator for Deal Name, keep Proof Status and Payment Sent, keep Payout Type, and show signup Status instead of a completion column. No later meeting reverses this. Live WAGR-161 and WAGR-77 (and WAGR-89) still record only the Aug 24 set (Sign Up, Player, Operator, Proof Status, Payout Type), and WAGR-161's description is older still. Low severity because this is ticket hygiene on internal tickets in Jumpr Review, and the column set still waits on client review.",Referral and Payouts,Referrer primary/secondary related-list columns in WAGR-161/WAGR-77 do not reflect the Sep 2 column decision,WAGR-161; WAGR-77,Jumpr Review; Jumpr Review,Taryn Reithofer; Taryn Reithofer,"Keep the confirmed columns only: Sign Up, Player, Operator, Proof Status, Payout Type.",Wagertech Internal Sync,2026-09-02,Kobi Kunasekaran; Taryn Reithofer,00:16:37,https://docs.google.com/document/d/1ud_G-gt2IDycO7KSx0bjhIM7CQwzRVuZ0a9NB80buiM/edit,"Kobi Kunasekaran: ... So instead of operator this could be the deal name because that has the entire string. Uh proof status is fine. Uh this is payment sent. Payment sent is probably fine too. Uh we can always swap it out later. Uh we could add payout type. We don't have payout code, so we can leave that one out. Um there's no roll, so we can leave that one out because we just have two separate lists to show the uh show the role. / Taryn Reithofer: Okay. So, pretty much just operator deal / Kobi Kunasekaran: Yeah. Yeah, I just swap this out with for deal. / Kobi Kunasekaran: I guess that's the only one that and add payout type. Yeah. And then you already added the status.",,"On Sep 2 Kobi and Taryn decided to replace Operator with Deal Name, keep Payment Sent, add Payout Type, and show signup Status (instead of a completion column). Both tickets still record the Aug 24 set with Operator and without Payment Sent or Status.","Update WAGR-161 and WAGR-77 with the Sep 2 column set (or confirm the build already matches and note it), before Emily's referral page review closes."
VAR-113,V4,Low,medium,not in verification sample (Low),,Referral and Payouts,Jun 3 commitment to research a bank API connection and report back to Lina was closed in Jira with no recorded outcome,WAGR-376; WAGR-376,Cancelled; Cancelled,Unassigned; Unassigned,Out of scope for Phase 1 (per SOW). Feasibility assessment only; not committed.,Jumpr - Wagertech Next Steps,2026-06-03,Waleed Alasadi,00:17:15,https://docs.google.com/document/d/1CiCF1Kmv2QPJOeKn7mRRoUY1G-tldtZ1rdeomsW_Cp8/edit,"Waleed Alasadi: Okay. Let's uh we can do some research and get back to you, Lena, on what we know.","2026-09-25 Wagertech <> Jumpr: Referral and Payouts Discovery: Emily Vandenberg: I'm just thinking through like what we said from like a payout like Salesforce just being able to kind of like report and then obviously mark as paid here. So just like for scoping of phase one, right? / Emily Vandenberg: they take it from there. They they handle it and they and then it just marks as complete. Okay. / Kobi Kunasekaran: Yeah.","Jumpr told Lina it would research a Salesforce-to-bank API connection and get back to her. The only matching ticket (WAGR-376) was cancelled on Sep 25 with no feasibility finding, and no later meeting records a report-back. Sep 25 set Phase 1 payouts as mark-paid only, so the build need is gone, but the client commitment is still open.","Close the loop with Lina in writing (short note: not in launch scope; feasibility to be revisited later), and record that on WAGR-376."
VAR-116,V2,Medium,medium,confirmed,"Quotes verified in both transcripts and both Jira descriptions. On 2026-09-29 Kobi told Cedrick the Flow vs Apex choice was his (Apex only if payload size or batching is a problem). On 2026-09-28 Cedrick took a Flow POC action. The WAGR-454 changelog shows that on the evening of 2026-09-29 Kobi removed the earlier note 'This differs from Cedrick's Sep 11 flow-callout plan. Decide it with Cedrick' and renamed the ticket 'Queueable Apex Deal sync service'. On 2026-09-30 he added 'Queueable Apex is the single outbound sender'. On 2026-10-02 WAGR-463 listed it under 'Resolved elsewhere'. No later meeting (the ledger ends 2026-09-30) records a POC result or a Cedrick decision. No Jira comments exist. Mitigating point: Kobi's own criterion (batching of 200 Deals) and the old Jira rationale both point to Apex, so the outcome can be correct, but the decision record is missing.",CMS Integration,Jira locks Queueable Apex as the outbound sender; latest meeting left Flow vs Apex to Cedrick,WAGR-454; WAGR-454; WAGR-463,Requirements; Requirements; Requirements,Unassigned; Unassigned; Kobi Kunasekaran,* **Queueable Apex is the single outbound sender.**,Kobi <> Cedrick - Wagertech Deal and CMS Integration Walkthrough,2026-09-29,Kobi Kunasekaran,01:10:01,https://docs.google.com/document/d/12vbA9gL7ne04yz4gZ5SbVjVMHLY5uy-gO4k2gUV29qQ/edit,Kobi Kunasekaran: And then flow versus Apex. I'm going to leave this up to you. … if that's going to be a problem then it might make sense to work uh go with Apex.,,"The 2026-09-29 walkthrough left the Flow vs Apex choice to Cedrick (Apex only if payload size or batching is a problem), and on 2026-09-28 Cedrick took an action to prove a Flow-based callout with retries. Jira (updated 2026-10-02) states Queueable Apex is the single sender and lists it as resolved, with no meeting record of that decision or of the Flow POC result.","Suggestion only: confirm with Cedrick and Kobi that the Flow POC (L3179) concluded in favour of Queueable Apex, and record the rationale in WAGR-454 or WAGR-463 so the build follows one agreed approach before the October 9 target."
VAR-114,V1,Low,medium,downgraded,"The quote exists and no WAGR ticket covers postbacks. But the 2026-07-08 statement describes a WagerTech pilot, not a decided Phase 1 requirement: routing stayed open in the same meeting, and on 2026-07-17 (L1069, client meeting) WagerTech called automated postback data an 'ideal state' and said reps must progress leads manually for now. It is a tracking gap for a future-phase item (parking ticket), not a Medium delivery variance.",CMS Integration,"Postback events stored against the Sign-Up: decided on 2026-07-08, no Jira ticket anywhere (incl. Holding Pen / Phase 2)",,,,,Wagertech <> Jumpr: Onsite,2026-07-08,Kobi Kunasekaran,00:17:04,https://docs.google.com/document/d/1NwBfx21p4Y0Vd04q67s2NgssudX_-XnjuktiXh0JreI/edit,Kobi Kunasekaran: we're also piloting these like uh postbacks server store postbacks. So we're going to get like uh URLs click IDs associated with it / Kobi Kunasekaran: So those events firing back to us we need to be able to store against the signup.,"2026-07-08 Wagertech <> Jumpr: Onsite: Kobi Kunasekaran: So I figured like it it makes more sense to go into play kind of like the back end first because you already have all that information there to map it, right? / Kobi Kunasekaran: But like I said, like if you do have all that information from the postback already to map it to sign up, then yeah, we can skip the middleman and do it directly. / Kobi Kunasekaran: But I don't know I don't know enough about it to say confident. || 2026-07-13 Meeting started 2026/07/13 11:50 EDT - Notes by Gemini: Waleed Alasadi: ... What about the API work? um the postback stuff that they were talking about that one like I don't think we're going to be able to scope that in or space. So it's probably going to be in post like what || 2026-07-08 Wagertech <> Jumpr: Onsite: Kobi Kunasekaran: So I figured like it it makes more sense to go into play kind of like the back end first because you already have all that information there to map it, right? / Kobi Kunasekaran: But like I said, like if you do have all that information from the postback already to map it to sign up, then yeah, we can skip the middleman and do it directly. / Kobi Kunasekaran: But I don't know I don't know enough about it to say confident. || 2026-07-13 Meeting started 2026/07/13 11:50 EDT - Notes by Gemini: Waleed Alasadi: ... What about the API work? um the postback stuff that they were talking about that one like I don't think we're going to be able to scope that in or space. So it's probably going to be in post like what","The 2026-07-08 onsite stated that postback events (URLs, click IDs) from WagerTech's server-to-server pilot must be stored against the Sign-Up. No WAGR issue mentions postbacks in summary, description or comments, and the routing question (backend first or direct to Salesforce) was never answered later.","Suggestion only: create a parked ticket (Holding Pen WAGR-443 or Phase 2 WAGR-478) for postback ingestion that records the open routing question (L0869), and confirm the phase with WagerTech. Jumpr's internal 2026-07-13 view (L0956, tier2) was 'probably after go-live' but no client agreement is recorded."
VAR-115,V1,Low,medium,downgraded,"Quotes are verbatim and no later meeting reverses them, but the core item (CMS-side SLC reprocess/resync) is already named in Jira: WAGR-460 'CMS Sync - Production cutover' lists 'CMS-side SLC reprocess capability required for production support' under Dependencies, and its Hypercare step says 'agree who monitors Salesforce/CMS failure alerts'. What is still untracked is narrower: no owner/test checkpoint for the CMS button, and the Slack connector and stored-SF-ID items, which are WagerTech-internal engineering choices with soft commitment.",CMS Integration,"WagerTech-owned CMS-side commitments (manual push/reprocess, Slack error alerts, store SF record ID) are not tracked as dependencies in WAGR",,,,,Wagertech <> Jumpr: Weekly Sync,2026-08-25,Kobi Kunasekaran; Emily Vandenberg,00:37:34,https://docs.google.com/document/d/1hV8dTZ4odPgdD1SD-Y9NBFAVepAHPv1FtJHd8T20igo/edit,"Kobi Kunasekaran: So um it would be good to have something like that on the CMS side that you know an admin can do. So it doesn't need to be a developer. / Kobi Kunasekaran: But it's always good to have a way to manually push / Emily Vandenberg: Yeah, he hasn't built that yet. I was checking in yesterday, but we will add it to the backlog.","2026-09-01 Wagertech <> Jumpr: Weekly Sync: Kobi Kunasekaran: Okay. Yeah. I think the pushing is something to have ready before we go into production so we have it tested / So the better option is uh from the CMS side have a have a button on the SLC level to reync to Salesforce. / Emily Vandenberg: Okay. Yeah, I just I just kind of backlogged it for the week, but we can pull it in before || 2026-09-01 Wagertech <> Jumpr: Weekly Sync: Emily Vandenberg: Yeah, and I talked to Straw like we can he can re like write a script to repush anything that we need, but right now we don't have the functionality like reprocess from the CMS. || 2026-09-01 Wagertech <> Jumpr: Weekly Sync: Kobi Kunasekaran: Okay. Yeah. I think the pushing is something to have ready before we go into production so we have it tested / So the better option is uh from the CMS side have a have a button on the SLC level to reync to Salesforce. / Emily Vandenberg: Okay. Yeah, I just I just kind of backlogged it for the week, but we can pull it in before","WagerTech agreed to add an admin-usable manual push/reprocess on the CMS side (backlog), a Slack connector for queue errors, and to store the Salesforce click record ID for two-way troubleshooting. On 2026-09-01 the CMS still had no reprocess function and Kobi wanted it tested before production. No WAGR ticket tracks these client-side dependencies; WAGR-265 is the Salesforce-side SLC reprocess button only.","Suggestion only: add one client-dependency ticket (owner WagerTech) for CMS-side resend/reprocess and error alerting, with a pre-production test checkpoint, so the go-live readiness review can see it."
VAR-118,V2,Low,medium,downgraded,"Quote is verbatim and the client did steer to archive-only links on Sep 30, but Jira already tracks Link Archived as an open WagerTech decision (WAGR-509, WAGR-463 item 3) and WAGR-491 says to revisit its delete rules if Link Archived is adopted. Kobi, who was in the meeting, wrote these on Oct 2. The only gap left is that the client's Sep 30 direction is not recorded as the baseline. Deletion of never-published links was not discussed directly.",CMS Integration,Client decided archive-only for Affiliate Links (Sep 30); WAGR-491 keeps a delete path and WAGR-509 still treats Link Archived as undecided,WAGR-491; WAGR-509,Requirements; Open,; ,Never-published Link may be deleted through the guided confirmation path. ... Whether Affiliate Links themselves gain an explicit **Archived** status is intentionally **out of scope here** and tracked in the separate Link Archive follow-up.,Wagertech <> Jumpr: Weekly Sync,2026-09-30,Joyce Kiddell; Kobi Kunasekaran,00:41:45,https://docs.google.com/document/d/1pc9pSc8tFg_8IuqTrOcRpNaRF9l8hiB6sjpqizzbqZo/edit,"Joyce Kiddell: Uh why don't we just only give the user the ability to archive links and then we would always have some sort of trail of what the links are within Salesforce and then we don't need any sort of log or history of links in the CMS, right? / Kobi Kunasekaran: that I think that's fine with me. That works.","2026-09-30 Wagertech <> Jumpr: Weekly Sync: Kobi Kunasekaran: Okay. Um, okay. For for the links, let me know if we need more than just active uh inactive though. / Emily Vandenberg: I think that that yeah, I think that would be sufficient because it's just like you're saying it's within the list or like you're kind of adding and removing and it can be dynamic. || 2026-09-30 Wagertech <> Jumpr: Weekly Sync: Kobi Kunasekaran: The I think the one thing that I wanted to just make sure and like confirm with straw is that if we send a payload without a link that it's not going to assume that it's automatically deleted. / Kobi Kunasekaran: But if we remove from the payload as the API endpoint set up today, it'll remove that link from the CMS. || 2026-09-30 Wagertech <> Jumpr: Weekly Sync: Kobi Kunasekaran: So when you close a deal or um retire or archive a deal, um do we need to set any statuses on the links and DRAs associated to the deal? / Emily Vandenberg: They would just need to be pushed to inactive, right? Or archived, / Kobi Kunasekaran: That's what I would think. Yes.","On Sep 30 Joyce asked that users only be able to archive links (so Salesforce keeps a trail) and Kobi agreed. WAGR-491 (updated Oct 2) still lets users delete never-published Links, and WAGR-509 frames Link Archived as an open question without recording the client decision.","Suggestion only: record the Sep 30 archive-only decision in WAGR-509 as the baseline, and confirm with WagerTech whether deleting never-published Links is still allowed before WAGR-491 is built. Keep the CMS omission question (Stra) open as WAGR-509 already does."
VAR-119,V3,Low,high,downgraded,"The 2026-09-30 decisions (rename Retire to Archive, remove Review Required) are real and WAGR-39, WAGR-498 and WAGR-489 still use the old names. But WAGR-458 is already covered: on 2026-10-02 it got a 'v0.13.1 staging amendment' that says Archive replaces Retire, uses Draft, and drops Review Required. The final status set is also recorded in WAGR-506 (deployed with Draft/Archived, in Jumpr Review) and WAGR-463 ('Review Required removed'), and WAGR-492 is Cancelled. What is left is text drift in 3 tickets, and the intended behavior does not change. Low severity.",CMS Integration,"WAGR-39 epic and stories WAGR-498, WAGR-489, WAGR-458 still use superseded Deal statuses (Review Required, Retired, New)",WAGR-39; WAGR-39; WAGR-498; WAGR-489; WAGR-458,Requirements; Requirements; Requirements; Requirements; Requirements,Unassigned; Unassigned; Unassigned; Unassigned; Unassigned,"* Retired, not Replaced, is terminal for normal users.",Wagertech <> Jumpr: Weekly Sync,2026-09-30,Joyce Kiddell; Kobi Kunasekaran,00:47:25,https://docs.google.com/document/d/1pc9pSc8tFg_8IuqTrOcRpNaRF9l8hiB6sjpqizzbqZo/edit,Joyce Kiddell: Can we maybe rename it to archive and that way it's like / Kobi Kunasekaran: consistent. / Joyce Kiddell: yeah / Kobi Kunasekaran: Yeah. Yeah. We can do that.,"2026-09-29 Kobi <> Cedrick - Wagertech Deal and CMS Integration Walkthrough: Kobi Kunasekaran: essentially only the fields that are part of the payload that we're sending to CMS should trigger another sync. … they could move it to paused, inactive, closed, review acquired, retired. All of these should trigger a CMS sync with the latest makeup of the deal information. / Kobi Kunasekaran: every status change gets synced to CMS. || 2026-09-29 Kobi <> Cedrick - Wagertech Deal and CMS Integration Walkthrough: Kobi Kunasekaran: The only thing is the new and retired need to be added as new statuses. Um there should be us stories for that.","On 2026-09-30 WagerTech and Jumpr agreed to rename Retired to Archive and to remove Review Required. The WAGR-39 epic (baseline v0.12, last updated before that meeting) and the build stories WAGR-498, WAGR-489 and WAGR-458 still name Retired, Review Required and New in their rules and acceptance criteria, while WAGR-506/485/486/454 already use Draft/Archived.","Suggestion only: update the WAGR-39 outbound-scope and identity-rule sections to the v0.13.1 status set, and replace Retired/Review Required/New in WAGR-498 (rule list and AC 8), WAGR-489 and WAGR-458 with Archived/Draft. Also confirm with WagerTech the 'Draft' label: the last meeting record (L3302, 2026-09-29) says 'New', and no meeting records the rename to Draft."
VAR-120,V5,Low,medium,downgraded,"The quote is real and the Gemini summary records 'participants agreed to allow users to archive links'. No later meeting changes it. But the variance is weaker than claimed: (a) the agreement was in principle, with Joyce hedging ('I don't know if that list will get too unruly') and Kobi saying the payload/CMS nuances still need work with Stra; (b) WAGR-509 (created 2 Oct by Kobi, who was in the meeting) and WAGR-463 #3/#4 already track the Link Archived decision and ask follow-up questions (terminal? restore? payload treatment?) that the 30 Sep exchange did not answer; (c) the WAGR-491 'never-published delete' conflict is inferred. In the same meeting Kobi demoed pre-sync link deletion without objection, and Joyce's proposal was about keeping history instead of a CMS log. Net: this is a documentation gap (the 30 Sep agreement in principle is not recorded on WAGR-509/463). The scope is not missing or contradicted.",CMS Integration,Client-agreed 'archive links only' rule (2026-09-30) is not in Jira; WAGR-509/463 still frame Link Archived as undecided and WAGR-491 allows deletes,WAGR-509; WAGR-491; WAGR-463,Open; Requirements; Requirements,Unassigned; Unassigned; Kobi Kunasekaran,Capture the explicit follow-up for tomorrow's WagerTech review: decide whether Affiliate Links need their own terminal **Archived** state rather than relying only on Active/Inactive + Exclude from CMS.,Wagertech <> Jumpr: Weekly Sync,2026-09-30,Joyce Kiddell; Kobi Kunasekaran,00:41:45,https://docs.google.com/document/d/1pc9pSc8tFg_8IuqTrOcRpNaRF9l8hiB6sjpqizzbqZo/edit,"Joyce Kiddell: Uh why don't we just only give the user the ability to archive links and then we would always have some sort of trail of what the links are within Salesforce and then we don't need any sort of log or history of links in the CMS, right? / Kobi Kunasekaran: that I think that's fine with me. That works.","2026-09-30 Wagertech <> Jumpr: Weekly Sync: Kobi Kunasekaran: But once I save this and it's in in the database, we um we won't be able to delete it once the deal is activated and it's synced to C uh CMS. / Kobi Kunasekaran: Um but basically uh what what we're doing is once once the deal is synced we can't delete uh the link but you can deactivate it. || 2026-09-30 Wagertech <> Jumpr: Weekly Sync: Kobi Kunasekaran: The I think the one thing that I wanted to just make sure and like confirm with straw is that if we send a payload without a link that it's not going to assume that it's automatically deleted. / Kobi Kunasekaran: But if we remove from the payload as the API endpoint set up today, it'll remove that link from the CMS.","On 2026-09-30 Joyce proposed that users only get the ability to archive links, so Salesforce keeps the trail and the CMS needs no link history, and Kobi agreed. Jira (WAGR-509 created 2026-10-02, WAGR-463) still lists this as a question for WagerTech, and WAGR-491 keeps a delete path for never-published links.","Suggestion only: record the 2026-09-30 agreement on WAGR-509 (and the Confluence decision log), then confirm in the planned WagerTech review whether 'archive only' also removes the never-published delete path in WAGR-491. The CMS omission question (L3401) stays open as tracked."
VAR-121,V5,Low,medium,downgraded,"Quote and context hold and no later meeting reverses it, but Jira partly covers the gap: Archived is the only new value CMS would receive (Draft is never sent; Review Required/Replaced are only dropped), WAGR-463 item 1 already tracks confirming CMS acceptance of Archived, and WAGR-458 requires staging lifecycle tests including Archived, forwarding unexplained 4xx to Strah, and Strah/WagerTech sign-off. Only the explicit 'send final list to Strahinja' hand-off is untracked.",CMS Integration,CMS keeps a fixed Deal Status validation until Jumpr sends final values (2026-09-23); no ticket carries this hand-off,WAGR-506; WAGR-454; WAGR-463,Jumpr Review; Requirements; Requirements,Cedrick Infantado; Unassigned; Kobi Kunasekaran,This story defines values only; behavior belongs to lifecycle action stories.,Wagertech <> Jumpr: Weekly Sync,2026-09-23,Strahinja Vladetic; Kobi Kunasekaran,00:12:13,https://docs.google.com/document/d/14qj2c7XQWrT1KJJhEV34u7rF5KBJU6xMUIPWNfyNDVk/edit,"Strahinja Vladetic: but uh I can open it up just so that it's free form for the for the most part just until we agree on whatever the the pick lists are / Kobi Kunasekaran: Okay. I mean, leave it as it is. I I'll get back to you. I'll confirm once we finalize and then if changes are needed,",,"Strahinja offered to make the CMS deal-status validation free form; Kobi asked him to keep it and said he would confirm the final values. Jira changed the value set (Draft and Archived added, Review Required and Retired obsolete) but no ticket records sending the final list to Strahinja or checking that the CMS validation accepts it; WAGR-463 covers only Archived behaviour.","Suggestion only: add an AC to WAGR-454 or WAGR-458 (staging verification) that the CMS deal-status validation is updated to Active/Paused/Inactive/Closed/Archived after Jumpr sends the final list, so staging sends do not fail with 4xx on status."
VAR-122,V1,Low,medium,not in verification sample (Low),,CMS Integration,Player email-address change via CMS API: client-agreed deferral (2026-08-18) not parked in any ticket,,,,,Wagertech <> Jumpr: Weekly Sync,2026-08-18,Kobi Kunasekaran; Emily Vandenberg,00:07:25,https://docs.google.com/document/d/1SOoE_HqRKzBFtDRxNkR4kLvamf4T_r3bS_uem79bYi0/edit,"Kobi Kunasekaran: Um, but I think like we can cross that bridge when we get there. It's it's not that complicated. / Emily Vandenberg: Yeah. / Kobi Kunasekaran: ...It would be the same API endpoint for you to, you know, look up a player ID or player optional ID and update the email address.",,"The 2026-08-18 weekly sync agreed to defer player email-address updates from the CMS until needed, reusing the player-update endpoint used for survey completion. No ticket records this future capability; WAGR-46 covers only survey completion and WAGR-40 mentions email changes only as a duplicate cause.",Suggestion only: add a Holding Pen or Phase 2 ticket 'CMS to SF player email update via player-update endpoint' so the deferred ask stays visible.
VAR-123,V1,Low,medium,not in verification sample (Low),,CMS Integration,Action to find the maximum Affiliate Links per Deal from Airtable data (payload sizing) has no ticket,,,,,Kobi <> Cedrick - Wagertech Deal and CMS Integration Walkthrough,2026-09-29,Kobi Kunasekaran,01:02:22,https://docs.google.com/document/d/12vbA9gL7ne04yz4gZ5SbVjVMHLY5uy-gO4k2gUV29qQ/edit,Kobi Kunasekaran: So I'm going to try to see if we can find that out from the air table uh data that we have right now.,"2026-09-29 Kobi <> Cedrick - Wagertech Deal and CMS Integration Walkthrough: Kobi Kunasekaran: the API spec, I think it says like it can accept up to like 200 deals per call, but it doesn't say if there was any limits to the number of affiliate links per deals or like the total number of characters that we can send in the JSON payload. / Kobi Kunasekaran: keep that in mind in terms of like how much how many characters we can store for like uh an API call because that might change flow versus","On 2026-09-29 Kobi took an action to find the upper limit of Affiliate Links per Deal from the current Airtable data, because the CMS spec gives no per-Deal link limit. WAGR-454 sets deal-count and byte batching limits but no ticket records the per-Deal link count check or its result.",Suggestion only: record the check and its result on WAGR-454 or WAGR-463 (single-Deal payload that cannot fit is already a failure case in WAGR-454).
VAR-124,V1,Low,medium,not in verification sample (Low),,CMS Integration,Promised future-enhancement card (stop re-sending Affiliate Links already synced as Closed) was not created,,,,,Kobi <> Cedrick - Wagertech Deal and CMS Integration Walkthrough,2026-09-29,Kobi Kunasekaran,01:04:35,https://docs.google.com/document/d/12vbA9gL7ne04yz4gZ5SbVjVMHLY5uy-gO4k2gUV29qQ/edit,"Kobi Kunasekaran: maybe this warrants another bure ticket to not sync an affiliate link once it's already been sent to the CMS in a closed status … But we also need to make sure that they interpret that same behavior uh and don't assume that if a affiliate link is no longer in the payload that is deleted / Kobi Kunasekaran: So for current design, I don't think it should matter but uh I'm I will take this away as a card for uh future enhancement.",,"Kobi said he would take away a card for a future enhancement that stops syncing links already sent to the CMS in a closed status, to control payload growth. WAGR-509 and WAGR-463 track Archived-link and omission semantics, but no ticket states the payload-growth enhancement.",Suggestion only: create the future-enhancement card in Phase 2 (WAGR-478) and link it to WAGR-509 so the payload-growth reason is not lost.
VAR-125,V4,Low,low,downgraded,"The quotes are real and the workflow status of WAGR-46 is stale (Requirements, no assignee). But Jira already records most of this. WAGR-46 has its secondary 'Status' custom field set to 'Awaiting Client Feedback', and its 2026-08-10 comment says the item sits with WagerTech to test. WAGR-441 (In Progress, Kobi) names WAGR-46 as a dependency, and its AC 4 owns the end-to-end retest ('last test was on a few records, before the SLC and API changes'). The remaining gap is board hygiene on one workflow status field only.",CMS Integration,WAGR-46 survey-completion inbound event sits in Requirements although the callout was built and tested in August,WAGR-46; WAGR-46; WAGR-441,Requirements; Requirements; In Progress,Unassigned; Unassigned; Kobi Kunasekaran,Objective: replace click-inference with an explicit CMS→SF survey-completion event.,Wagertech <> Jumpr: Weekly Sync,2026-08-11,Kobi Kunasekaran; Emily Vandenberg,00:06:08,https://docs.google.com/document/d/1Qw_rUiBDniWRNlPQ1St7C7VbJ5rCPriZCrMoUeCHGV8/edit,Kobi Kunasekaran: ... I did take a look at the uh survey completion for the test integration that uh uh Strad did and it looks like it did come through. ... / Emily Vandenberg: Not after you like unblocked him this last whatnot. / Kobi Kunasekaran: ... the survey completion uh check box and the dates are filled in. So it looks like it's good. ...,"2026-09-23 Wagertech <> Jumpr: Weekly Sync: Kobi Kunasekaran: So then yeah the existing field we'll just re label them like survey one um and like I'll send over like the updated API names for those um and then we'll create same fields for survey 2 / Emily Vandenberg: Perfect. Can we do that this week? / Kobi Kunasekaran: Yeah, we can get the fields up and running like today.","On 2026-08-11 Kobi confirmed the CMS survey-completion test populated the checkbox and dates through the integration user; on 2026-09-23 he said it was tested on a couple of records and not since. WAGR-46 is still in Requirements (not started) with no assignee, and its single-survey field contract was replaced by the Survey 1/Survey 2 design now tracked in WAGR-441.","Suggestion only: move WAGR-46 to a status that reflects 'built, awaiting retest' (or close it as superseded and link it to WAGR-441, whose AC 4 already owns the end-to-end retest), so the board does not show survey completion as unstarted."
VAR-126,V5,Low,medium,not in verification sample (Low),,CMS Integration,WAGR-464 (Redeposits workflow) lacks the 2026-09-21 path: WagerTech to scope moving the allocation tool into the CMS to reuse Salesforce hooks,WAGR-464,Requirements,Kobi Kunasekaran,* Ops uploads the monthly allocation from Jay's tool.,Wagertech <> Jumpr: Redeposits Discovery Part 2,2026-09-21,Emily Vandenberg,01:08:32,https://docs.google.com/document/d/1yKF9Ti2Flmefnkog3nBkherM0g5KkkEdIJzoR6j6RxM/edit,Emily Vandenberg: And then we'll get a bit closer to on the inputs and uh from Jay. So we'll we'll break that down and then we can loop back. But agreed we need to kind of then scope out the integration and the and how we pull it into the CMS. So leave that with us. Um I ping Joyce on the side as well for that. So,"2026-09-21 Wagertech <> Jumpr: Redeposits Discovery Part 2: Joyce Kiddell: Yeah, like I I think the only way it works um to integrate would be like if we can move this into the CMS and then recreate a similar flow to what we're doing on like the deal assignment. / Kobi Kunasekaran: I think seeing what that is like through what Joyce was saying like if it makes sense to move that over to CMS so that we can leverage uh the existing hooks and everything we have with Salesforce / Lina Ceniccola: For sure. / Kobi Kunasekaran: And yeah, / Lina Ceniccola: I think it definitely that's the move.","At Redeposits Discovery Part 2, Emily said WagerTech will break down the tool inputs with Jay and scope the integration and how it is pulled into the CMS. WAGR-464 still describes an Ops upload from Jay's tool and asks 'Custom upload screen, or Data Loader?' with no mention of the CMS integration path or the pending WagerTech scoping.",Suggestion only: add the CMS-integration option and the WagerTech scoping dependency to WAGR-464's open questions.
VAR-127,V5,Low,medium,not in verification sample (Low),,CMS Integration,WAGR-472 spike says no cause was recorded for lost clicks; 09-01 client sync recorded the Sep 1 cause,WAGR-472,Open,Kobi Kunasekaran,"The Sep 1 and Sep 10 checks found 178 clicks that did not arrive, and a Hard Rock rep ID error. Nobody recorded a cause. The high-volume rep test status is also unclear.",Wagertech <> Jumpr: Weekly Sync,2026-09-01,Kobi Kunasekaran,00:02:35,https://docs.google.com/document/d/1wmGMiVLLsLjkMh9s3WRUNqJd5AxHlqXEO6Ll8rL1_uo/edit,"Kobi Kunasekaran: Um, but the main thing is the click pipeline is back up and running again.",,"The ticket says nobody recorded a cause. On 09-01 Kobi told the client that clicks were missing because the flow matched deals by makeup and failed when country/state were missing, and an unhandled error path rolled back SLC creation (transcript lines ~141-150); he removed makeup matching and added retry.","Add the 09-01 root cause to WAGR-472 so the 4-hour spike starts from it and focuses on the Sep 10 losses, the Hard Rock rep ID error and UTC timestamps."
VAR-131,V2,Medium,high,confirmed,"All four transcript quotes exist verbatim in the 09-23 doc. In context, Kobi's 51:08 list 'operator, partner, market, country, state, vertical, and status' comes after Lina asked to 'go back to the signup screen' and discussed the record header (partner short code, source, deal name, mobile order). For the table view, Emily said at 45:44 that she would work with Joyce and Lina on the exact layout. Later meetings (09-30 L3318/L3319) show the table view is being built from Emily's spreadsheet under Taryn and is not complete. WAGR-424 (live: Open, unassigned, 0 comments) still says 'Final column order agreed on the call', and WAGR-423 comments do not correct it.",Ops list views / Console UX,WAGR-424 records a 'final' table-view column order that the meeting did not agree; the column layout was left to Emily,WAGR-424; WAGR-423,Open; Requirements,Unassigned; Taryn Reithofer,"Final column order agreed on the call: Operator, Partner, Market, Country, State, Vertical, Status (plus any others needed).",Wagertech <> Jumpr: Weekly Sync,2026-09-23,Emily Vandenberg; Lina Ceniccola,00:42:37,https://docs.google.com/document/d/14qj2c7XQWrT1KJJhEV34u7rF5KBJU6xMUIPWNfyNDVk/edit,"Emily Vandenberg: So my kind of take then is that if we're going to provide them the table view, it should match kind of as close to the spreadsheet flow that we currently have for kind of like easier adoption. / Lina Ceniccola: Yeah.","2026-09-23 Wagertech <> Jumpr: Weekly Sync: Kobi Kunasekaran: So, we'll add source. We'll add the deal name uh in the details tab. Um and then proof status and completion will move to the far right. Um and the the columns will be like operator, partner, market, country, state, vertical, and status. || 2026-09-30 Wagertech <> Jumpr: Weekly Sync: Taryn Reithofer: The ones that I got to yesterday was that table view where now we're, you know, that providing that um spreadsheet is really helpful, Emily, for us to speed that up. And then the response about the Canva view. || 2026-09-30 Wagertech <> Jumpr: Weekly Sync: Taryn Reithofer: The ones that I got to yesterday was that table view where now we're, you know, that providing that um spreadsheet is really helpful, Emily, for us to speed that up. And then the response about the Canva view.","In the 09-23 transcript the column list 'operator, partner, market, country, state, vertical, and status' is Kobi's recap of the sign-up header discussion, not the table view. For the table view, Emily said she would work with Joyce and Lina on 'exactly how I want it laid out'. The actual table-view work is under WAGR-423 (Taryn) and uses Emily's spreadsheet with a different first-four set. WAGR-424 is still Open and unassigned, although the 09-30 meeting says Taryn is already working on the table view.","Remove the 'final column order' line from WAGR-424 (or mark it as the header recap) and point it to Emily's column template. Then merge WAGR-424 into WAGR-423, or assign WAGR-424 to Taryn and limit it to the freeze/inline-edit/CSV investigations, so that the table view has one ticket and one owner."
VAR-128,V1,Low,medium,downgraded,"The gap is real: no WAGR ticket records the standard (non-console) comparison app, and no later meeting changes it. But it is a soft offer ('what we can do is...') for a small config demo. The Gemini next-steps list does not include it. Kobi framed per-role apps as a post-launch UX layer, and Emily wants reps to choose. So Medium is too high.",Ops list views / Console UX,No ticket for the standard (non-console) app Kobi committed to build so WagerTech can compare console and non-console,,,,,Wagertech <> Jumpr: Weekly Sync,2026-09-30,Emily Vandenberg; Kobi Kunasekaran; Joyce Kiddell,02:14:47,https://docs.google.com/document/d/1pc9pSc8tFg_8IuqTrOcRpNaRF9l8hiB6sjpqizzbqZo/edit,Emily Vandenberg: So I if you give me a couple if you can share me with like just to kind of play around with that a bit / Kobi Kunasekaran: we can what we can do is like uh we can create a like a widget widget uh standard app with the same uh same objects that we have here. So you can kind of see what the console versus non-console looks like. / Joyce Kiddell: Excellent.,"2026-08-11 Wagertech <> Jumpr: Weekly Sync: Kobi Kunasekaran: ... you were looking at the uh the sales view, we removed that so that there's no more like confusion. People don't accidentally land there. So the main app that everybody uh would have access to is Wagertech console. ... || 2026-09-30 Wagertech <> Jumpr: Weekly Sync: Kobi Kunasekaran: Um the trade-off is I believe the split view I don't think it works there and because our like for the entire like signup experience we set it up so that split view is how they operate. || 2026-09-30 Wagertech <> Jumpr: Weekly Sync: Kobi Kunasekaran: we could have we could have multiple apps. So it is very common uh to have one app that's configured for / Kobi Kunasekaran: like reps um that have a specific working style and then another one that's more admins or managers um which is like more tab / Joyce Kiddell: We should do that.","On 2026-09-30 Kobi told Emily and Joyce he would create a standard app with the same objects so they can compare console and non-console, and Joyce endorsed separate apps per role. No Jira issue records the comparison app, the role-based app option, or the known risk that the tab view may lose split view.","Create a Jira story (WAGR-305 epic) for the comparison app with scope (objects, profiles, who reviews), note the split-view risk (L3331), and record the outcome of the per-role app decision. Suggestion only."
VAR-129,V1,Low,medium,downgraded,"Quote is real and Jumpr accepted the ask (Kobi: 'We can do that'). No WAGR ticket gives Deals an 'Active' default or pinned working list view. But the claim is weaker than stated: (1) WAGR-307 (Done) already built an 'Active Deals by Partner' list view in the POC; (2) Inactive later became an automated, informational, self-reactivating status (WAGR-506, WAGR-487, L3406, L3310), so 'exclude Inactive' is no longer obviously right; 'old' deals now map to Closed/Archived; (3) the import of legacy inactive deals that caused the ask was parked (L1627); (4) Salesforce cannot set a default list for all users (L2916), so the fix is one list view plus a pin step at onboarding (L2918). This is a small config gap (XXS), not Medium.",Ops list views / Console UX,No ticket to keep Inactive/old Deals out of the default Deal working list views,,,,,Wagertech <> Jumpr: Weekly Sync,2026-08-11,Kobi Kunasekaran; Joyce Kiddell,00:12:35,https://docs.google.com/document/d/1Qw_rUiBDniWRNlPQ1St7C7VbJ5rCPriZCrMoUeCHGV8/edit,"Kobi Kunasekaran: ... We could add another status that'll like help hide it away if if that'll be helpful. / Joyce Kiddell: Yeah. / Kobi Kunasekaran: Yeah. Like we can create something that's like circle or something. / Joyce Kiddell: Or in inactive. Inactive is fine. ... / Joyce Kiddell: or we make the pin list the active ones like whatever you think is the best in terms of / Joyce Kiddell: like engineering the structure. I just don't want it to clutter kind of the default / Kobi Kunasekaran: Yeah. Yeah, that's there. We can do",,"Joyce asked that inactive/old deals not clutter the default view and left the mechanism (status or a pinned active list view) to Jumpr; Kobi said ""We can do"". WAGR-61 sets Deal list columns only, WAGR-480 keeps the All list as is, and WAGR-487/WAGR-506 create the Inactive status but no ticket filters Inactive deals out of the default working list.","Add an acceptance criterion to WAGR-61 or a new story: an ""Active Deals"" (or All Active) Deal list view as the working default, with Inactive/Closed/Archived excluded, and onboarding guidance to pin it. Suggestion only."
VAR-130,V2,Low,medium,downgraded,"Real variance: on 09-23 the client asked to hide Kanban for Phase 1, and the WAGR-430 comment of 09-29 now keeps it visible at go-live. But Jira records the change and the reason openly (no native hide setting). On 09-30 Taryn told the client she had sent 'the response about the Canva view' and Emily said 'Okay. Yeah.' The impact is cosmetic, so the open point is written client sign-off, not a hidden scope gap.",Ops list views / Console UX,Kanban: client asked that it not be an option at Phase 1 launch; Jira now says Kanban stays visible at go-live,WAGR-430; WAGR-430,In Progress; In Progress,Taryn Reithofer; Taryn Reithofer,Hide/disable the Kanban view option for Sign-Ups for the Phase 1 launch (don't leave a half-functional view available to reps).,Wagertech <> Jumpr: Weekly Sync,2026-09-23,Emily Vandenberg; Lina Ceniccola; Kobi Kunasekaran,00:52:11,https://docs.google.com/document/d/14qj2c7XQWrT1KJJhEV34u7rF5KBJU6xMUIPWNfyNDVk/edit,"Emily Vandenberg: for phase one like just don't have it as an option. / Lina Ceniccola: Yeah, I just think in the essence of time, let's save it not for launch, / Lina Ceniccola: but maybe once we gather feedback on the two workflows we already have, like the table and then the other, / Kobi Kunasekaran: okay. Yeah, I like that.","2026-09-30 Wagertech <> Jumpr: Weekly Sync: Taryn Reithofer: The ones that I got to yesterday was that table view where now we're, you know, that providing that um spreadsheet is really helpful, Emily, for us to speed that up. And then the response about the Canva view. || 2026-09-30 Wagertech <> Jumpr: Weekly Sync: Taryn Reithofer: The ones that I got to yesterday was that table view where now we're, you know, that providing that um spreadsheet is really helpful, Emily, for us to speed that up. And then the response about the Canva view. || 2026-09-30 Wagertech <> Jumpr: Weekly Sync: Taryn Reithofer: The ones that I got to yesterday was that table view where now we're, you know, that providing that um spreadsheet is really helpful, Emily, for us to speed that up. And then the response about the Canva view.","On 2026-09-23 Emily said ""for phase one like just don't have it as an option"" and Kobi agreed. The 09-29 Jira comment reverses this (no native setting to hide Kanban) so Kanban stays visible at go-live; the comment says Emily confirmed the deferral, but no later meeting records the client accepting a visible Kanban. The ticket is also In Progress while parented to the Phase 2 epic WAGR-478.",Confirm in writing with Emily that Kanban will remain visible at go-live (and whether rep onboarding should tell reps to ignore it); then move WAGR-430 out of In Progress to match its Phase 2 placement. Suggestion only.
VAR-132,V1,Low,high,not in verification sample (Low),,Ops list views / Console UX,No ticket for the Brand Ambassador navigation tab Kobi asked to log as low priority,,,,,Wagertech Internal Sync,2026-09-23,Kobi Kunasekaran; Taryn Reithofer,00:23:38,https://docs.google.com/document/d/1JqbaHGeYiNWQ-O37-G7vWH8mfZ3r-I7d0pZ5ypAibNQ/edit,Kobi Kunasekaran: I don't I don't think we have like a V8 tab. / Kobi Kunasekaran: Um maybe we can create a let's create a J ticket to like add it. Um low priority like we don't need to spend too much time.,"2026-07-07 Wagertech <> Jumpr: Weekly Sync: Kobi Kunasekaran: So what you're looking at right now is it called the sales console. We we'll rename this. / Kobi Kunasekaran: Um and the account object is what's going to hold both players, referers, your operators, and partners. And they're differentiated by record types in Salesforce. So, um we for now we created list, but we're going to create additional tabs so that you can go through and click on like a like a operators and see the full list of operators, for example.",On 2026-09-23 Kobi said there is no BA tab and asked for a low-priority Jira ticket to add one. No issue adds a Brand Ambassador tab to the WagerTech Console navigation; WAGR-307 lists navigation items without BA and WAGR-310 was closed on 07-29.,Create the low-priority story Kobi asked for (add Brand Ambassador object tab to the WagerTech Console navigation for the relevant profiles). Suggestion only.
VAR-133,V1,Low,low,not in verification sample (Low),,Ops list views / Console UX,No ticket for the hidden admin-only tab to hold helper fields not called out in tickets,,,,,Wagertech Internal Sync,2026-09-24,Kobi Kunasekaran,00:18:20,https://docs.google.com/document/d/1bG4sajKiIDV5-jUptnq_81XPUowAMM4w3755UsBRfQQ/edit,Kobi Kunasekaran: So if it's not called out in the ticket um but the field is necessary for functionality generally just keep it behind the scenes. / Kobi Kunasekaran: maybe create a new tab hidden just for like our system admin user and then you can dump all the fields that we want in there.,,"Kobi set a convention that functional fields not called out in a ticket stay behind the scenes, with a hidden tab visible only to the system admin for troubleshooting. Existing tickets create an SLC ""API Data"" tab (WAGR-48) and Ops ""More Info"" tabs (WAGR-278, WAGR-200, WAGR-233), but no ticket creates an admin-only tab.","Confirm whether the admin-only tab is wanted; if yes, add one story covering which record pages get it and its visibility rule. Suggestion only."
VAR-134,V2,Low,low,confirmed,"Quote is verbatim in the 7/7 client sync (Kobi: 'we're going to create additional tabs so that you can ... click on ... operators'). WAGR-310 was closed with no tabs ('acceptable for Phase 1 on the standard console'), and the only deprioritization record is an internal Gemini note (L0935). No later client meeting walks back the 7/7 statement. The variance is weak: it was a passing remark in a demo, the client did not ask for it or respond, and per-type list views and record pages were delivered. Low/low is correct.",Ops list views / Console UX,Console tabs per account type: Jumpr told the client on 7/7 they would be built; the spike was closed internally with no tabs,WAGR-310,Done,,Closing for now per 2026-07-29 reconciliation — rep console navigation acceptable for Phase 1 on the standard console. Reopen if navigation becomes an issue in UAT or Phase 2.,Wagertech <> Jumpr: Weekly Sync,2026-07-07,Kobi Kunasekaran,00:09:57,https://docs.google.com/document/d/1Jvbrpe7dyAZDHPV8gh52rRuZr2INnHNwIrUxIvQ6Oxk/edit,"Kobi Kunasekaran: So what you're looking at right now is it called the sales console. We we'll rename this. / Kobi Kunasekaran: Um and the account object is what's going to hold both players, referers, your operators, and partners. And they're differentiated by record types in Salesforce. So, um we for now we created list, but we're going to create additional tabs so that you can go through and click on like a like a operators and see the full list of operators, for example.","2026-07-09 Marc / Kobi - 2026/07/09 10:00 EDT - Notes by Gemini: The team decided to deprioritize the request for separate console tabs for each account list view. || 2026-09-30 Wagertech <> Jumpr: Weekly Sync: Emily Vandenberg: you need quick buttons for like my signups like my redeposits versus that drop down / Emily Vandenberg: So like getting out of the gate, we would preconfigure October and then like we could do October Ontario, October Alberta.","On 7/7 Kobi told WagerTech that Jumpr would add console tabs so users could click into, for example, a full list of Operators. Jira closed the navigation spike on 7/29 with the standard console and no tabs. The only record of the deprioritization is an internal Gemini note, and no client meeting confirms it.","Suggestion only: confirm in a weekly sync that the record-type list views meet the 7/7 'Operators tab' expectation, or reopen WAGR-310 / WAGR-38. Emily's 9/30 ask for quick navigation buttons (L3330) shows navigation is still a live topic."
VAR-135,V3,Low,high,not in verification sample (Low),,Ops list views / Console UX,WAGR-389 still targets highlights-panel help text after the team found it does not display and chose documentation/training instead,WAGR-389; WAGR-389,Solution Review; Solution Review,Taryn Reithofer; Taryn Reithofer,Hovering the info icon on Associated Partners and Associated Sources in the Operator Highlights Panel shows the help text above.,Wagertech Internal Sync,2026-09-14,Taryn Reithofer,00:36:33,https://docs.google.com/document/d/1L-0V5h2VXU_6WRkO_IDZDjrMtsu15cuOk6AM0dHTUuk/edit,"Taryn Reithofer: Oh, and I need to I need to create a ticket for um putting that help text for in the highlights panel for the associated sources rollups that I did. So, I'll need to create that.",2026-09-15 Wagertech Internal Sync: Taryn Reithofer: Um so so we'll just have to highlight it in / Kobi Kunasekaran: that's fine. / Taryn Reithofer: um whoseever training um on how to use uh you know how to read and how to use the record pages that is just highlighted in some documentation on what those specific fields are actually for.,"The 09-15 meeting accepted that help text does not show in a dynamic highlights panel and that the field purpose will be covered in record page documentation and training. WAGR-389 is still in Solution Review with acceptance criteria that cannot pass, and no ticket (the Training epic WAGR-22 has no child issues) captures the documentation fallback.","Rewrite WAGR-389 acceptance criteria to ""description/help text set; purpose documented in record page guide"" and close it, or close it and add a training/documentation task under WAGR-22. Suggestion only."
VAR-136,V3,Low,high,not in verification sample (Low),,Ops list views / Console UX,WAGR-355 / WAGR-356 still 'Requirements / ON HOLD' although the flag-next-to-name was decided and built in WAGR-227/WAGR-226,WAGR-355; WAGR-356; WAGR-227,Requirements; Requirements; Jumpr Review,Unassigned; Unassigned; Kobi Kunasekaran,"ON HOLD (Kobi, 2026-07-29): parked as an idea — wait for Wagertech's final feedback on the overall Sign-Up logging experience before building",Wagertech <> Jumpr: Weekly Sync,2026-07-28,Waleed Alasadi; Emily Vandenberg; Lina Ceniccola; Kobi Kunasekaran,00:18:57,https://docs.google.com/document/d/1IRZzgP5B3QjwnTr22i8LH2sceGC_oIm41z0cpTw9YDk/edit,"Waleed Alasadi: but can we add the flag next to the name like E2E tester like Canada? / Emily Vandenberg: Yeah. / Kobi Kunasekaran: that's something we can do. Like next to like Jake Morrison, it will just be either the Canadian flag or the US flag.","2026-07-28 Wagertech <> Jumpr: Weekly Sync: Waleed Alasadi: If I may suggest you guys take like a day to look at it. / Emily Vandenberg: Yeah, we can kind of sit with / Lina Ceniccola: And then we'll we'll nail it down how we just want it to look || 2026-08-11 Wagertech (Kobi/Waleed internal, before client sync) - Transcript: Kobi Kunasekaran: And I think in terms of feedbacks too, last week we said my understanding was that they were going to take away the signup UI and come back with okay, this is the final set of changes we want. And then after I shared the running list of all of the open items and everything, Emily basically asked are the updates ready? I'm like what updates? you're supposed to get back to me with the changes. So I preemptively made some of the things that we discussed didn't finalize… / Kobi Kunasekaran: what we discussed about moving around the icons and stuff. But I think today maybe we just need to be clear from here it's up to you. You tell us what it is because the back and… / Waleed Alasadi: That's on the list view. / Kobi Kunasekaran: Remember last time we talked about the icons were being cluttered and everything. We talked about a few options and I thought we came out of it with playing around with it, trying a few things out and then getting back to us with yeah,… / Kobi Kunasekaran: but I think that was not clear. So I went out and made some changes and I shared the video for it. But I think today I want to say there's nothing else on our plate. If you want more changes, we need a list.","The meeting on 07-28 decided the country flag goes next to the player name ('it will just be either the Canadian flag or the US flag'), and Kobi agreed to move the red fraud flag to the right of the name. WAGR-227 (BUILD-124) and WAGR-226 (BUILD-125), both in Jumpr Review, built this. WAGR-355 still calls it a 'parked idea', and the 'NOW' part of WAGR-356 is done, but both tickets stay in 'Requirements'.","Close WAGR-355 as a duplicate of WAGR-227. Cut WAGR-356 down to the still-gated items only (proof-status circles, combined format, dropping the status text) or close it, and link both tickets to WAGR-226/WAGR-227."
VAR-137,V3,Low,medium,not in verification sample (Low),,Ops list views / Console UX,BUILD-112 (WAGR-52 + sub-tasks WAGR-53–58) duplicates the newer Recently Viewed tickets created from the 09-23/09-29 meetings,WAGR-52; WAGR-480; WAGR-481; WAGR-483; WAGR-423,Ready; Open; Open; Open; Requirements,Unassigned; Taryn Reithofer; Taryn Reithofer; Taryn Reithofer; Taryn Reithofer,Update the Search Layouts so Recently Viewed shows the same key fields as the curated Console list views.,Wagertech Internal Sync,2026-09-23,Kobi Kunasekaran,00:23:38,https://docs.google.com/document/d/1JqbaHGeYiNWQ-O37-G7vWH8mfZ3r-I7d0pZ5ypAibNQ/edit,Kobi Kunasekaran: We also should update these like recently viewed columns so it's a bit more / Kobi Kunasekaran: relevant. Also a ticket to add to the backlog.,,"The 09-23 meetings asked for Recently Viewed to show the same columns as the other lists, and this is now in WAGR-423 (Sign-Up), WAGR-480 (Deal), WAGR-481 (DRA) and WAGR-483 (Account). The older WAGR-52 and its sub-tasks (Ready/Open, unassigned) cover the same search layouts with a different rule set (profile-specific sets that exclude Partner). Only the SLC sub-task (WAGR-57) has no newer equivalent.","Close WAGR-52 and sub-tasks WAGR-53/54/55/56/58 as superseded by WAGR-423/480/481/483, and keep WAGR-57 (SLC) as the only open item, or move it under WAGR-305."
VAR-140,V5,Low,medium,not in verification sample (Low),,Ops list views / Console UX,Sign-Up list sort tickets omit the agreed option for reps to sort the queue by player name,WAGR-423; WAGR-338,Requirements; Done,Taryn Reithofer; Unassigned,All list views should sort by Created Date descending (newest at the top) — this was inconsistent/buggy as of 09/22.,Wagertech <> Jumpr: Weekly Sync,2026-07-22,Joyce Kiddell; Kobi Kunasekaran,00:35:07,https://docs.google.com/document/d/1BRZjXegzlnfZl33fIRA1KbnDiGYIpBts2oh3IO0U45k/edit,"Joyce Kiddell: Can you still sort by player name though? / Kobi Kunasekaran: we could have it sorted by the player / Joyce Kiddell: Just to give them the option to sort by player name. Like I think having it still default um by like most recent makes sense, / Kobi Kunasekaran: Yeah.","2026-09-23 Wagertech <> Jumpr: Weekly Sync: Emily Vandenberg: we should default to all and but I think like all active. So, if it's already been archived or it's already been kind of like flagged as fraud, it shouldn't like list in that kind of all active / Joyce Kiddell: Yes. Yeah. / Joyce Kiddell: Like it should be their queue to get through for like the day or whatever.","On 07-22 Joyce asked that reps keep the option to sort by player name while the default stays most recent, and Kobi agreed. WAGR-423 and WAGR-338 define the default sort and columns but no ticket states that the player column must stay sortable; the player column is now the Player_Display__c HYPERLINK formula (WAGR-227).","Add an acceptance criterion to WAGR-423: reps can sort each Sign-Up list view by player name (verify that the Player_Display__c column is sortable; if not, keep a sortable Player Name column). Suggestion only."
VAR-141,V8,Low,medium,not in verification sample (Low),,Ops list views / Console UX,Open question: how reps filter Sign-Ups by market in split view was left for WagerTech to discuss and never answered,,,,,Wagertech <> Jumpr: Weekly Sync,2026-07-28,Emily Vandenberg; Kobi Kunasekaran,00:27:23,https://docs.google.com/document/d/1IRZzgP5B3QjwnTr22i8LH2sceGC_oIm41z0cpTw9YDk/edit,"Emily Vandenberg: And then Kobe, just to confirm, there's no like way that we'll be able to filter outside of creating a separate list view within like the different markets. / Kobi Kunasekaran: Like there's no concept of like quick filters. That that's the whole point of these lists. / Emily Vandenberg: Okay, we can talk about that internally.",,"On 07-28 Emily confirmed there are no quick filters in split view and said WagerTech would talk about market filtering internally; Joyce had rejected market-specific list views, and a sort by country was floated but not confirmed. No later meeting answers the question and no Jira issue records it (WAGR-227 only shows the country flag).","Ask WagerTech for a decision (market list views, sort by country column, or table-view filters) and capture it on WAGR-423 or WAGR-424. Suggestion only."
VAR-142,V8,Low,medium,not in verification sample (Low),,Ops list views / Console UX,Open question: can the console navigation dropdown / quick nav buttons be configured (Kobi to check),,,,,Wagertech <> Jumpr: Weekly Sync,2026-09-30,Kobi Kunasekaran,02:16:41,https://docs.google.com/document/d/1pc9pSc8tFg_8IuqTrOcRpNaRF9l8hiB6sjpqizzbqZo/edit,"Kobi Kunasekaran: Um, well, yeah, I I will have to look it. I don't think we can actually customize here. I think this is just what's standard.",,"Emily asked for quick navigation buttons (my signups, my redeposits) and preset views; Kobi said he will check but thinks the navigation dropdown contents are standard. No Jira issue records the question or the answer.","Log the check (and its answer) on the comparison-app story or a small spike, and reply to Emily. Suggestion only."
VAR-143,V1,Low,medium,downgraded,"Quote is real (Kobi, Jul 7 dry-run demo, line 542) and no ticket asks for fraud/review/duplicate REPORTS, but the 'see anything flagged for fraud / waiting for review' need is partly met by shipped list views (WAGR-338 BUILD-17 Queue/Overdue/Fraudulent Sign Ups; WAGR-270 BUILD-48 Fraud=True view) and the WAGR-285 status dashboard; the Sep 25 ops-report ask was only acknowledged ('that'll be separate'), not committed, and is not in WAGR-465. Real but smaller gap: a fraud-review (Suspected/Confirmed) and duplicate report for ops.",Reporting & Dashboards,"No ticket for the committed reports on fraud-flagged, waiting-for-review and duplicate sign-ups; client asked again on Sep 25",,,,,Wagertech <> Jumpr: Weekly Sync,2026-07-07,Kobi Kunasekaran,00:43:57,https://docs.google.com/document/d/1Jvbrpe7dyAZDHPV8gh52rRuZr2INnHNwIrUxIvQ6Oxk/edit,"Kobi Kunasekaran: and we'll also create some like reports so you can see like anything that's been flagged for fraud. Um anything that's waiting for review for whatever reason. Maybe there's a duplicate. Um, all of those things. U, we'll create those reports as well and kind of show you what that looks like in Salesforce.","2026-09-25 Wagertech <> Jumpr: Referral and Payouts Discovery: Emily Vandenberg: definitely want like a report where ops is kind of like managing that to like confirm them. / Kobi Kunasekaran: Yeah, that'll be separate.","Jumpr said it would create reports for sign-ups flagged for fraud, sign-ups waiting for review and duplicates. Jira has a fraud list view (WAGR-270) and a status dashboard (WAGR-285, which covers the four core statuses, not fraud or duplicates), and the fraud epic was closed with no fraud-specific reporting scoped.","Suggest a story under WAGR-24 for ops reports (fraud flagged / Fraud Review Status, review queue, duplicates), and link the Sep 25 ask from Emily. Confirm with ops whether the existing list view is enough."
VAR-144,V1,Low,medium,downgraded,"Quote is verbatim, but it is a client 'ideal state' wish, not a decided requirement. The later L0889 remark is about manager visibility and privacy (record ownership), not a reporting deliverable. Jira partly covers it: WAGR-468 (Open) is the open vehicle that captures reporting asks (commission per manager) and requires a story for each agreed report. WAGR-37 gives 'manager sees team' access. WAGR-391 and WAGR-176 already plan for BM roll-up reporting. The real gap is that WAGR-468 does not list team-performance rollups. Add the item to WAGR-468 instead of opening a new story.",Reporting & Dashboards,No ticket for brand-manager team rollup reporting,,,,,WAGR: Jumpr <> Wagertech — Discovery Session 1: End-User Workflows,2026-06-17,Emily Vandenberg; Lina Ceniccola,00:16:47,https://docs.google.com/document/d/1lK3FxzUuwQFuSN3sTU7vF4ooq8CbZK8Qt2Yp7gldCxg/edit,"Emily Vandenberg: but I think like an ideal state would be that we're looking at brand manager rollups as well more easily. / Lina Ceniccola: Yeah, like a team view, how each team is doing, how that brand manager is managing their team and the numbers and","2026-07-08 Wagertech <> Jumpr: Onsite: Kobi Kunasekaran: we do have a concept of brand manager here where we will have reporting for the people within their teams. Yeah, but it's not going to be like full on back end access to everybody like we'll have to figure out like what kind of data || 2026-09-01 Wagertech <> Jumpr: Weekly Sync: Kobi Kunasekaran: And then we can add a section that captures the or displays the brand manager / Kobi Kunasekaran: tied to the brand ambassador at the time of the sign up. / Kobi Kunasekaran: Um and this is something that won't change when you change the manager on the brand","The client's ideal state is easier brand-manager rollups (a team view of each brand manager's team), and Jumpr later said managers will get reporting on their teams. Jira has the Brand Manager object and visibility tickets (WAGR-391, WAGR-392) and WAGR-468 lists commission per manager, but no ticket for the team rollup reports.","Suggest a story under WAGR-24 for brand-manager team reports (metrics, data scope per L0889), dependent on WAGR-391."
VAR-145,V3,Low,medium,downgraded,"The variance is real: WAGR-44 is stale (last updated Sep 14, 0 comments, no issue links) and does not record the Sep 1 TAC definition or the Sep 25 decision to keep commissions outside Salesforce. But Jira partly covers it. WAGR-467 says 'Related: WAGR-44' and records the Sep 25 decision, and WAGR-468 records the commission reporting asks. WAGR-44's custom Status is 'On Hold' and its Size is XS. The Sep 1 TAC formula also does not fully remove the block, because the commission matrix is still owed (WAGR-467 says this).",Reporting & Dashboards,"WAGR-44 (TAC / Commission Cost auto-calc, Phase 1) still waits on Lina's formulas and plans in-Salesforce commission cost; Sep 1 gave the TAC formula and Sep 25 moved commission calculation outside Salesforce",WAGR-44; WAGR-44; WAGR-467,Open; Open; Open,Unassigned; Unassigned; Kobi Kunasekaran,"Deposit Cost, Commission Cost, Total Acquisition Cost (incl. redeposit concept)",Wagertech <> Jumpr: Weekly Sync,2026-09-01,Lina Ceniccola; Kobi Kunasekaran,00:43:23,https://docs.google.com/document/d/1wmGMiVLLsLjkMh9s3WRUNqJd5AxHlqXEO6Ll8rL1_uo/edit,"Lina Ceniccola: But I think like basically if we start doing the signup flow and we want to download the data, it's important the total acquisition cost is the deposit amount plus the commission amount plus the equals the total acquisition. / Kobi Kunasekaran: Yeah, that's 100% doable.","2026-09-25 Wagertech <> Jumpr: Referral and Payouts Discovery: Kobi Kunasekaran: Is the intention that like all of these are calculated within Salesforce or Salesforce provides the the data to calculate these outside of Salesforce? / Emily Vandenberg: So Lena, the way I would kind of see that is like an integration with um Jay's tool where now just like the data would be coming from like kind of Salesforce and then his tool still kind of doing the the magic in like the first phase. / Lina Ceniccola: Yeah, let's set it up that way because we do have a lot of nuances there. / Lina Ceniccola: So I would rather spend less time configuring everything / Lina Ceniccola: on that because it's we have a system for it internally anyway. So that can be a later thing. || 2026-09-25 Wagertech <> Jumpr: Referral and Payouts Discovery: Joyce Kiddell: Um, so I mean we talked about the other streams not really being needed as like a separate workflow in Salesforce. So for player payouts, um I think all we'll need is to be able to see how much uh they have gotten in terms of like signups and then do we want to include any sort of like the payment matrix uh within Salesforce or just like handle that outside of the system for this phase? / Emily Vandenberg: Yeah, my gut is sorry. I'm like feeling like for this phase it's handled after. But what are you thinking? / Joyce Kiddell: Sorry. I was thinking commission already. I was jumping straight to the bottom. Um yeah, I have a baby so I'm very tired. Um but the uh so what I said apply that to VAcommission. / Kobi Kunasekaran: we're not doing commissions right now. What's that?","WAGR-44 (Open, Phase 1, last updated Sep 14) plans in-Salesforce Commission Cost and TAC fields and is blocked on formulas. On Sep 1 the client defined TAC as deposit plus commission for P&L reporting, and on Sep 25 the team decided that BA commission calculation stays outside Salesforce at launch, so the commission part of TAC has no Salesforce source yet.","Suggest re-grooming WAGR-44: record the Sep 1 TAC definition, decide whether TAC is computed in Salesforce (with commission data coming back from Jay's tool) or in the BI layer, and link WAGR-467/WAGR-468. Also remove the 'redeposit workflow out of Phase 1' line if redeposits are now in scope (see WAGR-464)."
VAR-146,V5,Low,medium,downgraded,"The quote exists and WAGR-464 does not mention outbound input reports to Jay's tool. But the transcript shows a tentative direction, not a firm decision. Kobi says 'I'm imagining'. Lina only answers 'Yep'. Kobi also says the inputs and outputs are still to be understood. At the end of the meeting, WagerTech (Emily) took the action to break down the tool inputs with Jay and scope the integration into the CMS ('leave that with us'). Kobi then said the inputs are 'not as worried right now'. The input feed is an open item that WagerTech owns. It should go on WAGR-464 as an open decision or dependency, not as a missing decided requirement.",Reporting & Dashboards,Redeposits design card (WAGR-464) has only the inbound allocation upload; it lacks the decided Salesforce reports that feed sign-up and player inputs to the payment tool,WAGR-464; WAGR-464,Requirements; Requirements,Kobi Kunasekaran; Kobi Kunasekaran,"Each month, Ops receives an allocation from Jay's tool.",Wagertech <> Jumpr: Redeposits Discovery Part 2,2026-09-21,Kobi Kunasekaran; Lina Ceniccola,00:59:17,https://docs.google.com/document/d/1yKF9Ti2Flmefnkog3nBkherM0g5KkkEdIJzoR6j6RxM/edit,"Kobi Kunasekaran: like I'm imagining like we'll we'll have equivalent reports built in Salesforce to feed the input data like the signups, the player information and everything. And then the actual logic of the allocation will still remain with this payment tool for now. And then it would spin out either the CSV or be able to talk directly in Salesforce to create the uh the allocation records. / Lina Ceniccola: Yep.",,"The Sep 21 discovery decided that Salesforce will have equivalent reports to feed input data (sign-ups, player information) to the allocation tool, and Lina agreed. WAGR-464 (description; no comments) lists only the upload of the tool's allocation into Salesforce, not the outbound input reports.","Suggest adding the outbound input reports (fields, grain, cadence) to WAGR-464's requirements, or a child story under WAGR-24, and align with the CSV mapping work decided on Sep 30 (L3338/L3339)."
VAR-147,V5,Low,medium,downgraded,"All quotes exist and WAGR-468 has 0 comments, but only the actual-else-expected deposit rule (L3144) is a firm reporting rule that is missing. Redeposit progress is partly covered by 'Redeposit budget use and pacing'. Budget alerts were explicitly deferred to the reporting session that this card exists for. Joyce's 'Yes' to bet credit as redeposit spend was distracted ('Sorry, I got distracted... what was that?'), and WAGR-464 already records that bet credit creates redeposit records. The Sep 30 items came after the card was created on Sep 25. This is a backlog-hygiene gap on an open capture card, not a Medium variance.",Reporting & Dashboards,"Financial reporting capture card (WAGR-468) misses decided reporting rules: actual-else-expected deposit, redeposit progress, budget alerts and spend by type, bet credit as redeposit spend",WAGR-468; WAGR-468; WAGR-468,Open; Open; Open,Kobi Kunasekaran; Kobi Kunasekaran; Kobi Kunasekaran,Redeposit budget use and pacing.,Wagertech <> Jumpr: Referral and Payouts Discovery,2026-09-25,Joyce Kiddell,01:00:32,https://docs.google.com/document/d/1297TNkbv9TV2Gtwb8xsPXXRXjWqOHSzQdmnbXJgLrsw/edit,"Joyce Kiddell: I think when we're going to make the report, Kobe, it would just be like a requirement of um pulling from that field um if it's completed. / Joyce Kiddell: And if it's not, then you can default to the deposit amounts for both signups and redeposits.","2026-09-30 Wagertech <> Jumpr: Weekly Sync: Kobi Kunasekaran: You're just talking about like, you know, outside of Salesforce when you're doing the reporting, you're seeing how the redeposit allocations are being uh spent against like what you're budgeting as a company. / Emily Vandenberg: Yes.","WAGR-468 (created Sep 25, no comments, not updated) lists five asks. It does not state the payout-report rule from the same Sep 25 call (use actual deposit if completed, else expected), redeposit progress reporting (percent complete, player lists), over-budget alerts and total redeposit spend by type (assigned, immediate, personal), or that bet credit payouts count as redeposit spend by period and deal. It also does not say that company budget versus spend is reported outside Salesforce (L3349).",Suggest adding these items to WAGR-468's 'Requirements captured' list (with sources) so the financial reporting session starts from the full set.
VAR-148,V1,Low,low,not in verification sample (Low),,Reporting & Dashboards,No ticket records the rule that rep reporting must not count a later conversion as not converted,,,,,Wagertech <> Jumpr: Weekly Sync,2026-06-23,Joyce Kiddell; Waleed Alasadi,00:49:42,https://docs.google.com/document/d/1idkBBrSaHwABogsxRl8pwwhqW6ZUBqZAKSG1x9ZqKnY/edit,"Joyce Kiddell: under the bucket of like didn't convert? So like I'm even though it did, right? But like just later on. So like I don't want to hold you accountable for something that didn't / Waleed Alasadi: Yes. Yeah. I agree with Joyce completely on that one. / Waleed Alasadi: Like a signup has a life cycle, right?",,Joyce and Waleed agreed that rep reporting must not count a first-click sign-up as not converted when the player converts later. No Jira ticket states this reporting rule; there is no rep-performance report ticket.,"Suggest adding the rule as acceptance criteria on a future rep-performance report story (WAGR-24), and checking it against the repeat-click rule in WAGR-473."
VAR-149,V1,Low,low,downgraded,"Quote is verbatim, but the 'reporting feed into Google Sheets' is the July 8 plan to keep unmigrated sheets fed during coexistence (worst case a Sheets add-on export, L0903; same meeting line 474 'signups added into the existing Google sheets'). WAGR-470 and WAGR-477 already list this as an open decision: 'whether the legacy Google Sheets keep getting data during the switch-over'. The only gap left is that no ticket names the feed mechanism or a scoping task, and that scoping depends on the WAGR-470 decision. The variance's reading that WAGR-470 'asks only' a different question is wrong.",Reporting & Dashboards,No ticket for scoping the reporting feed into Google Sheets,,,,,Wagertech <> Jumpr - Weekly Sync,2026-07-15,Kobi Kunasekaran,00:09:16,https://docs.google.com/document/d/1Grl2_TpsgmgP8a-4GCRLXkKYQukPwldrg22d_gmRiWQ/edit,Kobi Kunasekaran: So we did talk about like uh a reporting feed into Google Sheets. / Kobi Kunasekaran: Um so I'll I'll scope this out. This probably not going to be for this week. Maybe next week. Um I'll I'll work on this. I think right now we're trying to finalize the actual build itself.,,"Kobi said he would scope a reporting feed into Google Sheets. WAGR-470 asks only whether legacy sheets keep getting data during the switch-over (a decision), and no ticket holds the feed scoping. No later meeting reports the outcome.","Suggest confirming whether the feed is still needed; if yes, add it to WAGR-470's decision or open a scoping task under WAGR-24."
VAR-150,V1,Low,medium,not in verification sample (Low),,Reporting & Dashboards,Client action not tracked: Joyce to email the ideal-state executive reporting mockups,,,,,WAGR: Jumpr <> Wagertech — Discovery Session 1: End-User Workflows,2026-06-17,Emily Vandenberg; Joyce Kiddell,01:21:10,https://docs.google.com/document/d/1lK3FxzUuwQFuSN3sTU7vF4ooq8CbZK8Qt2Yp7gldCxg/edit,"Emily Vandenberg: Yeah, Joyce, you pull we pulled together some mockups of ideal state, right, for the executive. / Joyce Kiddell: Yeah, I'll shoot that over via email.",2026-07-15 Wagertech <> Jumpr - Weekly Sync: Miko Sumagang: maybe like Emily the best way to properly like know whether or not like do we have like the right like info is like maybe like help us like visualize like what you're thinking about like the reporting,"Joyce agreed to email the executive mockups. No Jira item tracks receipt, and the Reporting epic (WAGR-24) has no description; WAGR-468 does not list executive reporting.",Suggest asking whether the mockups were received and attaching them to WAGR-468 as input for the reporting session.
VAR-151,V1,Low,medium,not in verification sample (Low),,Reporting & Dashboards,Client action not tracked: Joyce to check the DataBox agreement (possible end reporting tool),,,,,Wagertech <> Jumpr: Weekly Sync,2026-06-23,Joyce Kiddell,00:18:07,https://docs.google.com/document/d/1idkBBrSaHwABogsxRl8pwwhqW6ZUBqZAKSG1x9ZqKnY/edit,"Joyce Kiddell: Yeah, if we if we don't like that as like a end solution, / Joyce Kiddell: I'm happy to revisit it. It's just like I don't I need to check what kind of agreement we have sign with them, too.",,Joyce agreed to check WagerTech's DataBox agreement and was open to it as the end solution. No Jira item mentions DataBox; WAGR-468 has only the Snowflake-versus-API open decision. No later meeting reports the outcome.,Suggest adding the DataBox question to WAGR-468's open decisions.
VAR-152,V3,Low,high,not in verification sample (Low),,Reporting & Dashboards,WAGR-384 description still specifies the weekly email automation that the Sep 17 sync replaced with a report,WAGR-384; WAGR-384; WAGR-384,Jumpr Review; Jumpr Review; Jumpr Review,Cedrick Infantado; Cedrick Infantado; Cedrick Infantado,"Steps: Collect the Deals, email Kobi one message listing them with links.",Wagertech Internal Sync,2026-09-17,Cedrick Infantado; Kobi Kunasekaran,00:40:50,https://docs.google.com/document/d/1JzKAc6xwUbUl7jkoyv983-oBUwMPPrxYruTRkc0mRB4/edit,"Cedrick Infantado: Okay. Okay. for that report. Should I include that in my story or no / Kobi Kunasekaran: Um yeah, like maybe just replace it. / Kobi Kunasekaran: So, we just create a report to flag the deal uh sorry flag the accounts or the deals like the deals the deals yeah deals without partners or relationship / Kobi Kunasekaran: IDs and then we'll call it a day simple","2026-09-17 Wagertech Internal Sync: Kobi Kunasekaran: Uh, you know what? Let's let's let's skip that one. Let's skip that. I think what we can do instead of like a flow is just build a report where the relationship or partner info is blank and then set a scheduled report to send that out. / Kobi Kunasekaran: So we can catch it in a report. So we can cancel that uh that requirement. We'll keep it simple.","The build follows the meeting (Cedrick's comment lists a Deals_Missing_Relationship report and no scheduled email flow), but the description and acceptance criteria still describe Automation 4 as a weekly email. Reviewers testing against the description may flag the missing email.","Suggest editing WAGR-384 to replace Automation 4 with the report (and a report subscription if wanted), citing the Sep 17 internal sync."
VAR-153,V2,High,medium,confirmed,"The 2026-07-22 transcript has Lina saying reps must not unarchive, because they could reactivate customers who are now ineligible, and Kobi agreeing that only Ops can unarchive. The 07-28 demo repeats that archived records must be unlocked by the Ops team. WAGR-271 (Done) says 'Let Reps pull an archived Sign-Up back' and has no Ops-only restriction. No later meeting or Jira ticket reverses this or covers it. Confidence stays medium because no one has checked whether the built button is visible to Reps.",Access & Permissions / Org Setup,"WAGR-271 (Done) lets Reps reactivate archived Sign-Ups, but the client decided that only Ops can unarchive",WAGR-271; WAGR-271,Done; Done,Unassigned; Unassigned,Let Reps pull an archived Sign-Up back into the working queue.,Wagertech <> Jumpr: Weekly Sync,2026-07-22,Lina Ceniccola; Kobi Kunasekaran,00:56:15,https://docs.google.com/document/d/1BRZjXegzlnfZl33fIRA1KbnDiGYIpBts2oh3IO0U45k/edit,"Lina Ceniccola: I just want to make sure that once they archive it they can't unarchchive / Kobi Kunasekaran: Yeah, like we can restrict that. So only like ops can unarchive something. / Kobi Kunasekaran: you can still go in and you can move the status to in progress","2026-07-28 Wagertech <> Jumpr: Weekly Sync: Kobi Kunasekaran: And then for archive records we added the reactivate button. So, um, if I click on reactivate, um, it'll bring it back to in progress. ... Um, and for archive and fraud, we have the, uh, the new reasons that you provided in the open questions lock. / Kobi Kunasekaran: Um, and if they choose other, they'll need to provide the additional information.","On 2026-07-22 Lina asked that reps cannot unarchive a sign-up and Kobi agreed that only Ops can unarchive. WAGR-271, created 2026-07-28 and closed as Done, states the objective as letting Reps reactivate archived Sign-Ups and has no Ops-only restriction in its description or comments.","Check in PartialSB, logged in as a Rep (WT Rep PSG), whether the Reactivate button on an Archived Sign-Up is visible. If it is, restrict the button/flow to Ops (for example with a custom permission or a permission set, the same pattern as the Referrer Reactivate in WAGR-158) and add the rule to WAGR-271 or to the access matrix in WAGR-495."
VAR-157,V5,Medium,medium,confirmed,"The 21 Sep quote exists verbatim (lines 649-662). It is a real client decision: Lina says BAs must not change assigned redeposits and Ops makes changes, and Ali agrees. No later meeting reverses it; the 30 Sep 'request reallocation' change fits the rule. WAGR-464 (0 comments) and WAGR-495 do not record it.",Access & Permissions / Org Setup,Redeposits design card WAGR-464 does not record the decided rule that BAs cannot change assigned redeposits (Ops makes changes),WAGR-464,Requirements,Kobi Kunasekaran,"Can BAs create their own redeposit rows, or only Ops?",Wagertech <> Jumpr: Redeposits Discovery Part 2,2026-09-21,Ali Nawaz; Lina Ceniccola; Kobi Kunasekaran,00:47:31,https://docs.google.com/document/d/1yKF9Ti2Flmefnkog3nBkherM0g5KkkEdIJzoR6j6RxM/edit,"Ali Nawaz: So right now the assigned readab should not be touched uh other than how it's already already assigned to them or added to the sheets. / Kobi Kunasekaran: Okay. / Lina Ceniccola: I think if we if ops is able to go in and change it, / Kobi Kunasekaran: Yeah. / Lina Ceniccola: that's fine. If they want to request a change, / Kobi Kunasekaran: Yeah. / Ali Nawaz: Yeah, exactly. / Lina Ceniccola: they can just request it through ops and we'll change it. But let's let's not allow BAS to change the assigned / Kobi Kunasekaran: Perfect. / Kobi Kunasekaran: I mean with Salesforce like we can do hard lots right",,"On 2026-09-21 the client decided that BAs must not change assigned redeposit amounts or slots; changes are requested through Ops and Ops makes them, and Kobi noted Salesforce can hard-lock this. WAGR-464 lists BA create rights as an open decision but does not state the edit lock rule.",Add the access rule to WAGR-464 (and later to the Redeposit build stories and the WAGR-495 matrix): Rep/BA read-only on assigned redeposit amount and slot fields; Ops edit.
VAR-158,V8,Medium,high,confirmed,"All four quotes exist verbatim in the re-fetched Google Docs; context shows the assistant login model (shared BA login vs unique lower-permission login for audit) was left open on 2026-06-17 (Kobi: no decision needed on the call) and again on 2026-07-07 (Joyce: unique is ideal but depends on license count); no later meeting decides it, and no WAGR ticket mentions assistants (JQL 'assistant' returns 0).",Access & Permissions / Org Setup,BA sales-assistant (and hybrid BA/Ops) login and audit model is unresolved and not in Jira,,,,,WAGR: Jumpr <> Wagertech — Discovery Session 1: End-User Workflows,2026-06-17,Lina Ceniccola,00:14:30,https://docs.google.com/document/d/1lK3FxzUuwQFuSN3sTU7vF4ooq8CbZK8Qt2Yp7gldCxg/edit,Lina Ceniccola: would be I mean I can go top down. So like you have operations team then you have the sales / Lina Ceniccola: manager then the brand ambassador that falls under the sales manager and then their sales assistant if they have one. So it's also like if they have a manager and if they have a sales assistant but if they are a brand ambassador they would be using Salesforce regardless.,,"Discovery named the BA's sales assistant as a Salesforce user group and Jay as an Ops/BA hybrid who logs sign-ups for a BA. Whether assistants get unique lower-permission logins (for audit) or share the BA login was left open on 2026-06-17 and again on 2026-07-07, pending license counts. No later meeting answers it, and no Jira ticket mentions assistants; WAGR-495 covers only Rep, Manager, Ops and Admin.","Add the question to WAGR-495 as an open persona decision (assistant: unique login vs shared; hybrid BA/Ops users: PSG combination) and ask WagerTech to decide before go-live user activation, since it affects license count and the audit trail."
VAR-154,V3,Low,medium,downgraded,"Real wording conflict: WAGR-37 still says 'No profile-based access', but WAGR-427 (comment 2026-09-28) moved record-type assignment onto the WagerTech Sales Rep profile and WAGR-505 records that model. But the reconciliation is already planned in Jira: epic WAGR-449 says the Profile/PS/PSG design 'will be reconciled from the full requirement set', and WAGR-495 lists WAGR-37 as an input and says to flag conflicts with older proposals. Also, 'profile per role at go-live' was a tentative idea ('I think the best way...'), and in the same meeting Kobi said to keep using permission sets for now. What is left is a stale ticket text in the active sprint.",Access & Permissions / Org Setup,"WAGR-37 still specifies 'No profile-based access', but later decisions put record-type access on the Rep profile and plan a profile-per-role cleanup at go-live",WAGR-37; WAGR-427,In Progress; Jumpr Review,Unassigned; Cedrick Infantado,"Deliver all access through Permission Sets and Permission Set Groups across four tiers: Rep, Manager, Ops, Admin. No profile-based access.",Wagertech Internal Sync,2026-09-24,Taryn Reithofer; Kobi Kunasekaran,00:24:29,https://docs.google.com/document/d/1bG4sajKiIDV5-jUptnq_81XPUowAMM4w3755UsBRfQQ/edit,Taryn Reithofer: I was just doing if the profile profile name does not equal Wagertechsales / Kobi Kunasekaran: So for visibility perspective like leave it as it is for now. / Kobi Kunasekaran: we just have to remember that when we start preparing for go live like we're going to go through all these permission do do a full review.,,"WAGR-37 (In Progress, Sprint 2) says all access goes through permission sets and permission set groups with no profile-based access. On 2026-09-24/25 the team decided that record-type access is controlled on the profile (now built per WAGR-427) and that the go-live permissions review will set up a profile per role; the new epic WAGR-449 and tasks WAGR-495/496 also plan a separate consolidation pass.","Update WAGR-37 to the current model (PSG-based object/field access plus profile-level record-type assignment, profile per role at cleanup), or close it into WAGR-495/WAGR-496 so that two tickets do not describe the permission model differently."
VAR-155,V5,Low,high,downgraded,"Gap is real: the 2026-08-18 client sync agreed to use the out-of-the-box User Manager field (one manager per BA, manager-hierarchy visibility), and WAGR-391 still says the Brand Manager lookup points at an undefined object and lists User or Contact as options. But practical risk is low: the WAGR-391 assignee (Kobi) made the 08-18 recommendation, WAGR-176's 2026-08-25 build comment shows 'BA Manager -> Manager' already applied, and the 2026-09-24 internal sync moved Brand Manager permissions/sharing to a later permissions-and-access epic. So this is a stale-description fix, not a design risk.",Access & Permissions / Org Setup,WAGR-391 treats the Brand Manager object as undecided; the 2026-08-18 meeting decided to use the standard User Manager field and role hierarchy,WAGR-391; WAGR-391; WAGR-176,Requirements; Requirements; Jumpr Review,Kobi Kunasekaran; Kobi Kunasekaran; Taryn Reithofer,"Brand Manager exists today only as a lookup field on BA (BUILD-202), pointing at an object/record type that has not been defined.",Wagertech <> Jumpr: Weekly Sync,2026-08-18,Kobi Kunasekaran; Joyce Kiddell,00:54:07,https://docs.google.com/document/d/1SOoE_HqRKzBFtDRxNkR4kLvamf4T_r3bS_uem79bYi0/edit,"Kobi Kunasekaran: ...So I I would recommend trying to like see if we can set it up that way first / Kobi Kunasekaran: ...assuming it's like one to one right like a BA is only going to have a single manager right / Joyce Kiddell: Yes. Yeah, I think that should be fine. / Joyce Kiddell: Yeah, I think we can use out of the box manager.","2026-09-18 Wagertech Internal Sync: Kobi Kunasekaran: their uh I want to say either ops or brand managers, one or the other. / Kobi Kunasekaran: Yeah, they manage your BAS. Yeah, but they can also be deferred in it. They can also be BAS. So, it's kind of a all all inclusive role. / Kobi Kunasekaran: Yeah. Yeah. It gets confusing and that's why like you know when we do the player referral uh objects like there is like a section to track players who are also referers because they can also send || 2026-09-18 Wagertech Internal Sync: Kobi Kunasekaran: their uh I want to say either ops or brand managers, one or the other. / Kobi Kunasekaran: Yeah, they manage your BAS. Yeah, but they can also be deferred in it. They can also be BAS. So, it's kind of a all all inclusive role. / Kobi Kunasekaran: Yeah. Yeah. It gets confusing and that's why like you know when we do the player referral uh objects like there is like a section to track players who are also referers because they can also send","The meeting decided that the BA-to-Brand-Manager link is the out-of-the-box Salesforce Manager field (one manager per BA) and that manager visibility follows the hierarchy. WAGR-391 (Requirements, Sprint 2) does not record this decision; it still lists User or Contact as options and says the Brand Manager lookup points at an undefined object.","Add the 2026-08-18 decision (User.Manager plus role hierarchy, one manager per BA) to WAGR-391 as the baseline, and scope the ticket down to Brand Manager user setup and baseline sharing. This prevents a Contact-based or custom Brand Manager design that would break the manager-hierarchy visibility that WAGR-392 and WAGR-37 depend on."
VAR-156,V5,Low,medium,downgraded,"The quotes exist and the core gap is real: WAGR-449 step 3 and the WAGR-495 gate name only Kobi/Taryn as matrix reviewers, and WAGR-496 says 'approved' without naming WagerTech. But the second half of the claim is weak. The 2026-07-15 screenshot markup request was replaced on 2026-07-22 (L1232) by WagerTech flagging rep-visible fields in the feedback document. That feedback reached Jira (WAGR-278 'Rep-facing field cleanup', source 'Wagertech Additional User Stories, July 2026 item 28', Done; WAGR-348; WAGR-392 from client feedback). WAGR-495 uses Jira as its requirement source, so it does take in the client's field input. What is left is a process gap: no client sign-off step on the matrix.",Access & Permissions / Org Setup,Access matrix tickets (WAGR-449/495) have no WagerTech review step and do not use the persona-by-field markup requested from the client,WAGR-449; WAGR-495,Open; Open,Unassigned; Unassigned,Kobi / Taryn review and approve the matrix.,WAGR: Jumpr <> Wagertech — Discovery Session 1: End-User Workflows,2026-06-17,Kobi Kunasekaran,00:28:55,https://docs.google.com/document/d/1lK3FxzUuwQFuSN3sTU7vF4ooq8CbZK8Qt2Yp7gldCxg/edit,"Kobi Kunasekaran: ... I have a good idea of like what the break off of break up of the roles and responsibilities are going to be. Um, obviously nothing final like we'll we'll put together the proposal that we can decide on uh what happens uh when we go live.",,"In discovery Jumpr said it would put together a roles and access proposal for WagerTech to decide on before go-live, and on 2026-07-15 asked WagerTech to mark each field by persona (rep, manager, ops, admin) and read/write. The Jira plan has only Kobi/Taryn approving the matrix, builds it from Jira and metadata only, and no ticket tracks the client's field markup.","Add a WagerTech review/sign-off step (Emily, Lina, Joyce) to WAGR-495 before WAGR-496 deploys, and record whether the client's persona field markup from 2026-07-15 was ever received; if not, use the matrix itself as the client review artifact."
VAR-159,V1,Low,medium,not in verification sample (Low),,Access & Permissions / Org Setup,No ticket for the open Salesforce licensing check (Emily to forward the Salesforce 'Lightning' product email; Kobi to confirm if extra licensing is needed),,,,,Wagertech <> Jumpr: Weekly Sync,2026-09-30,Kobi Kunasekaran; Emily Vandenberg,01:21:15,https://docs.google.com/document/d/1pc9pSc8tFg_8IuqTrOcRpNaRF9l8hiB6sjpqizzbqZo/edit,Kobi Kunasekaran: uh do you want to send me that email so I can just confirm but uh lightning / Emily Vandenberg: Yeah.,"2026-07-02 Wagertech <> Jumpr: Weekly Sync: Kobi Kunasekaran: and then I think we flagged a few things that we weren't able to like confidently determine from our end. So those are things to check with your AE and confirm before we do the full switch. / Emily Vandenberg: Okay, we can take that away.","On 2026-09-30 Emily agreed to send Kobi the Salesforce product email so he can confirm whether it needs extra licensing. The only licensing tickets (WAGR-372 platform-license migration, WAGR-380 license fees) are Cancelled in the Holding Pen, so nothing tracks this follow-up or the earlier client check with the Salesforce AE.","Track the follow-up as a small task (for example under WAGR-479 Go Live Tasks): receive Emily's email, confirm licensing impact, reply to the client."
VAR-160,V2,Medium,medium,downgraded,"The contradiction is real: at the 6/17 kickoff Joyce asked to migrate historical data (sign-ups in Phase 1), and Kobi said migration was in this phase. On 7/28 Waleed (Jumpr) called the historical migration a go-live blocker. The WAGR-370 title (from the SOW) says sign-up data was agreed. These conflict with the WAGR-470 line 'agreed scope mostly excludes them'. No later meeting decided otherwise. On 9/28 the client asked urgently for Sign-Up import templates (L3226). But Jira already tracks the open decision. WAGR-470 is an open Decision ticket for the PM. WAGR-477 (9/28, active Sprint 2) carries 'Historical Sign-Ups — yes or no' and plans an alignment doc for Emily to review. Thus the remaining gap is the wrong premise in WAGR-470 and the unchecked SOW wording, not an untracked scope gap. So severity goes down from High to Medium.",Data Migration / Import,Historical sign-up migration: WAGR-470 says the agreed scope mostly excludes it; at kickoff Jumpr put sign-up data migration in Phase 1 and Jumpr later called it a go-live blocker,WAGR-470; WAGR-370; WAGR-370,Open; Cancelled; Cancelled,Kobi Kunasekaran; Unassigned; Unassigned,Joyce wants historical Sign-Ups in Salesforce. The agreed scope mostly excludes them. The plan (WAGR-20) cannot be final until the scope is.,Jumpr <> Wagertech: Project Kickoff,2026-06-17,Joyce Kiddell; Kobi Kunasekaran,00:32:48,https://docs.google.com/document/d/1A44vvYCwMm62m9KF7XbI4p33qpxIbN9T_r5AHCKH4RQ/edit,"Joyce Kiddell: Um, so maybe like knowing we're doing process flows in phases, like if we could potentially import all of our signup related data in phase one and then do the same for like redeposits and uh payout tracking in the later phases. / Kobi Kunasekaran: So I did include data migration in this phase um at least for the objects that we go live with. / Joyce Kiddell: Okay.","2026-08-11 Wagertech <> Jumpr: Weekly Sync: Kobi Kunasekaran: like we can start like a phase approach too. We don't need to do all of it all at once. We can just start with anything that's active, / Joyce Kiddell: Sure. / Kobi Kunasekaran: record new signups moving forward, and then we can work backwards on the historical data afterwards based on what you / Joyce Kiddell: Yeah. / Kobi Kunasekaran: need. || 2026-08-11 Wagertech <> Jumpr: Weekly Sync: Kobi Kunasekaran: ... I don't think we need to solve for all of the data migration questions now um because that's still kind of in flux ... / Kobi Kunasekaran: ... So uh we can come back to that once that's solidified. / Joyce Kiddell: Uh, no. I think there's like just a few smaller comments on there, but nothing too / Joyce Kiddell: crazy. || 2026-09-09 Wagertech Internal Sync: Kobi Kunasekaran: Yeah. Because I think like the historical import. I don't expect them to do it on a regular basis, right? Like maybe we'll do it during like production go live. || 2026-08-11 Wagertech <> Jumpr: Weekly Sync: Kobi Kunasekaran: ... I don't think we need to solve for all of the data migration questions now um because that's still kind of in flux ... / Kobi Kunasekaran: ... So uh we can come back to that once that's solidified. / Joyce Kiddell: Uh, no. I think there's like just a few smaller comments on there, but nothing too / Joyce Kiddell: crazy. || 2026-08-11 Wagertech <> Jumpr: Weekly Sync: Kobi Kunasekaran: like we can start like a phase approach too. We don't need to do all of it all at once. We can just start with anything that's active, / Joyce Kiddell: Sure. / Kobi Kunasekaran: record new signups moving forward, and then we can work backwards on the historical data afterwards based on what you / Joyce Kiddell: Yeah. / Kobi Kunasekaran: need. || 2026-08-11 Wagertech <> Jumpr: Weekly Sync: Kobi Kunasekaran: ... I don't think we need to solve for all of the data migration questions now um because that's still kind of in flux ... / Kobi Kunasekaran: ... So uh we can come back to that once that's solidified. / Joyce Kiddell: Uh, no. I think there's like just a few smaller comments on there, but nothing too / Joyce Kiddell: crazy. || 2026-09-09 Wagertech Internal Sync: Kobi Kunasekaran: Yeah. Because I think like the historical import. I don't expect them to do it on a regular basis, right? Like maybe we'll do it during like production go live.","At the 6/17 kickoff Joyce asked to import all sign-up related data in Phase 1, and Kobi said data migration is included in this phase for the go-live objects. On 7/28 Waleed called historical data migration a go-live blocker. WAGR-470 (9/25) says the agreed scope mostly excludes historical sign-ups, and the title of WAGR-370 says that sign-up data was part of the agreed scope.","Check the SOW wording on data migration. Then change the WAGR-470 summary so that it states the kickoff position correctly, and record the decision with Joyce in writing (the 8/11 phased approach was only proposed, then parked). Before anyone tells the client that historical sign-ups are out of scope, review the client-optics risk."
VAR-164,V5,Medium,medium,confirmed,"Both 9/30 quotes exist verbatim in the re-fetched transcript; Kobi set manual allocation first with CSV bolted on later, and flagged that WagerTech's tool may need extra fields for mapping (Emily: 'we'll make it happen'). No later meeting in the ledger (latest date is 9/30). WAGR-464 (live: Requirements, Kobi, 0 comments, last updated 9/28) still lists the allocation upload as a requirement and 'Custom upload screen, or Data Loader?' as open, with no 9/30 outcome. No other WAGR ticket covers redeposit CSV import.",Data Migration / Import,"WAGR-464 redeposit design card lacks the 9/30 decisions: manual allocation first, CSV upload added later, and CSV mapping scoping that may need extra fields in WagerTech's tool",WAGR-464; WAGR-464,Requirements; Requirements,Kobi Kunasekaran; Kobi Kunasekaran,Ops uploads the monthly allocation from Jay's tool.,Wagertech <> Jumpr: Weekly Sync,2026-09-30,Kobi Kunasekaran; Joyce Kiddell,02:41:54,https://docs.google.com/document/d/1pc9pSc8tFg_8IuqTrOcRpNaRF9l8hiB6sjpqizzbqZo/edit,"Kobi Kunasekaran: So then I I would even like say like let's not spend time on the upload CSV because this is going to take time. / Joyce Kiddell: Yeah. / Kobi Kunasekaran: Yeah, we we can like so like we always need a manual way so that we're going to have to build anyways and this is going to establish the guard rails, the rules, the fields that we we need and everything. / Kobi Kunasekaran: And then we can bolt on the CSV option afterwards.",2026-09-30 Wagertech <> Jumpr: Weekly Sync: Kobi Kunasekaran: Um and then from here um we need to create the actual allocation or distribute the uh number of redeposits to the different uh reps. Um so two ways one is CSC upload um which the intention is / Kobi Kunasekaran: uh you know we have a way to parse what comes out of your tool and then you can just simply update uh but we always need a manual way,"WAGR-464 (created 9/25) lists the monthly allocation upload as the first requirement and keeps the upload method open. On 9/30 the team decided to build manual allocation first and add the CSV upload afterwards, and that the CSV mapping needs scoping. WagerTech's tool may need extra fields so Salesforce can map rows to the right person and deal, and Emily agreed to add them.","Add the 9/30 outcome to WAGR-464: build order (manual allocation path first, CSV later) and a CSV-mapping scoping item with the WagerTech dependency (tool output must carry person and deal identifiers). Track the CSV import as its own story when the redeposit build stories are created."
VAR-161,V3,Low,medium,downgraded,"WAGR-20 text is stale (still Jumpr-side transform of the Agency rates/links file, unassigned), but Jira already tracks the rewrite: WAGR-470 says the WAGR-20 plan cannot be final until scope is decided and is 'Done when ... WAGR-20 is updated to match', and WAGR-477 (linked to WAGR-20) carries the template approach. Also, the 6/17 quote predates WAGR-20, and the 7/24 and 8/11 sheets were for sandbox test data, not the production plan.",Data Migration / Import,"WAGR-20 production migration plan still reflects the July POC (Jumpr transforms the Agency-side rates/links file); later meetings moved to Jumpr import templates that WagerTech populates, for more objects",WAGR-20; WAGR-20; WAGR-20; WAGR-477,Ready; Ready; Ready; Open,Unassigned; Unassigned; Unassigned; Kobi Kunasekaran,"Turn the sample-load transform into a documented, repeatable production migration for the Agency-side data.",Jumpr <> Wagertech: Project Kickoff,2026-06-17,Joyce Kiddell; Waleed Alasadi,00:35:46,https://docs.google.com/document/d/1A44vvYCwMm62m9KF7XbI4p33qpxIbN9T_r5AHCKH4RQ/edit,"Joyce Kiddell: we can actually handle the data transformation on our end. Um, and then you guys would just have to worry about like doing the import and making sure like everything lands within the structure you set / Waleed Alasadi: Yeah. No, for sure.",,"WAGR-20 (Ready, unassigned) plans a Jumpr-side transform of one Agency-side rates/links file into Deals and waits for that file. The meetings decided that WagerTech does the transformation into Jumpr sheets (6/17), that deals load through a deal mapping/import sheet built with Joyce (7/24, 8/11), and that the clean production import includes Source (9/1). WAGR-477 now adds Player, Sign Up and Referral templates.","Rewrite WAGR-20 as the production migration plan for all go-live objects (operators, partners, deals with Source, DRAs if in scope, players, sign-ups, referrals). Use the template approach and load order, remove the dependency on the rates/links file or confirm it is still needed, and assign an owner."
VAR-162,V5,Low,medium,downgraded,"Quotes exist and the deal/operator-before-sign-up dependency is real, but it is a conditional technical dependency, not a decided rule: whether historical sign-ups are imported is still undecided (WAGR-470 'Decide: historical Sign-Ups, yes or no'; ledger L2454 on 9/9 'No decision on whether a historical import will happen'), the 8/11 meeting summary records a phased active-first approach with historical deferred, and Kobi parked migration questions until the CMS integration is final. WAGR-477 is an open template-build task with no acceptance criteria yet, so adding keys and load order is a useful refinement, not a Medium gap.",Data Migration / Import,Import templates and scope card do not state the decided rule that historical sign-ups need their Deal and Operator in Salesforce first (including deals that are not in the current Airtable snapshot),WAGR-477; WAGR-470,Open; Open,Kobi Kunasekaran; Kobi Kunasekaran,Build import templates for the four objects above so WagerTech can populate and send back clean data for ingestion.,Wagertech <> Jumpr: Weekly Sync,2026-08-11,Joyce Kiddell; Kobi Kunasekaran,00:10:39,https://docs.google.com/document/d/1Qw_rUiBDniWRNlPQ1St7C7VbJ5rCPriZCrMoUeCHGV8/edit,"Joyce Kiddell: ... in order to import historical signups, we need like a version of that deal somewhere in the system. ... / Kobi Kunasekaran: Yeah, exactly. Yeah, like we need to be able to link it to the respective like operator uh deal information and all of that, / Joyce Kiddell: you're / Kobi Kunasekaran: right? Otherwise, it's just going to be uh like signups without any relationships.","2026-08-11 Wagertech <> Jumpr: Weekly Sync: Emily Vandenberg: Yeah, we might have to like almost the list might almost have to come from the historical um data to know what the full list of like operators really I think is the biggest one. || 2026-08-11 Wagertech <> Jumpr: Weekly Sync: Joyce Kiddell: ... it makes sense to just bring in all of the inactive deals and operators and stuff too, but if we can in the UI just make sure that they're like either hidden or like in a separate tab ... / Kobi Kunasekaran: That makes sense. ...","On 8/11 the team agreed that a historical sign-up import needs a version of the related deal (and operator) in Salesforce, otherwise the sign-ups have no relationships. Airtable holds only a current snapshot. WAGR-477 and WAGR-470 do not state this dependency, the Deal/Operator key on the Sign Up template, or the need to load historical or inactive deals first.","Add acceptance criteria to WAGR-477: the Sign Up template carries the Deal key (External Deal ID) and the Operator/Partner keys, and the load order is operators/partners, deals (including historical or inactive deals that historical sign-ups reference), then players, then sign-ups and referrals. Add the inactive-deal question to WAGR-470."
VAR-163,V5,Low,medium,downgraded,"Quote is verbatim and the list was unvalidated on 13 Aug, but it was a loose 'if we need to change' remark, not an agreed step. The 11 Sep sync (L2525) decided the CMS trusts Salesforce completely: operator/partner IDs go in the deal payload and the CMS provisions or overwrites from it. This removes most of the dual-system ID reconciliation risk. WAGR-20 (brand-to-Operator derivation, 100% reconciliation dry-run), WAGR-470 (migration scope) and WAGR-489 (ID protection) partly cover the rest. What is left is a small gap: no explicit step to confirm the final active operator/partner list before production.",Data Migration / Import,"No ticket step to validate the final operator/partner list and IDs in both the CMS and Salesforce before production (current list comes from Airtable, is not validated, and may hold inactive records)",WAGR-460; WAGR-460; WAGR-100,Requirements; Requirements; Jumpr Review,Unassigned; Unassigned; Cedrick Infantado,build/confirm Salesforce External Deal ID ↔ CMS row map;,Wagertech <> Jumpr - 60 Min (Joyce Kiddell),2026-08-13,Emily Vandenberg; Kobi Kunasekaran; Joyce Kiddell,01:06:40,https://docs.google.com/document/d/1jcr9oC55uUZqovDGyI_odU0PSFQdavpADjF3c_R443s/edit,"Emily Vandenberg: Okay, perfect because we haven't really validated that list / Kobi Kunasekaran: Correct. Yeah, we can always change it. Like not none of this is set in stone, right? / ... / Kobi Kunasekaran: Like we're still working in parts of sandbox. So if we need to change those IDs before we go into production, we just have to make sure we change it on both systems like CMS and Salesforce. / ... / Kobi Kunasekaran: too, because we these two lists are from whatever was in Air Table. So, yeah, I imagine some of them are probably not active","2026-08-18 Wagertech <> Jumpr: Weekly Sync: Kobi Kunasekaran: Yeah. This is all sandbox data. So again, all of this can be changed. Um it doesn't necessarily need to be like the final uh data set that we move forward with. / Kobi Kunasekaran: So I'm sure as we set up the rest of the integration, things might change. You might send different information. So um we figured like at least we have a starting point to work off || 2026-08-11 Wagertech <> Jumpr: Weekly Sync: Emily Vandenberg: Yeah, we might have to like almost the list might almost have to come from the historical um data to know what the full list of like operators really I think is the biggest one.","The meetings agreed that the operator/partner IDs loaded so far are a sandbox starting point from Airtable, are not validated, and must be changed in both the CMS and Salesforce before production. WAGR-460 maps only Deal IDs before cutover and leaves Operator/Partner CMS mappings to hypercare. WAGR-20 does not cover operators/partners.","Add a pre-production step (to WAGR-460 or WAGR-20): WagerTech confirms the authoritative active and inactive operator/partner list, Jumpr loads it, and both sides reconcile Operator/Partner External IDs in the CMS and Salesforce before the first production SLC."
VAR-165,V8,Low,medium,downgraded,"Quotes are verbatim and the 7/15 cutover concern is real. But the claim that WAGR-51 removes the only manual create path is out of date: on 9/1 and 9/23 the team agreed an Ops manual sign-up create path (VIP), and WAGR-431/WAGR-432 track it. Also, WAGR-470 already holds the open decision 'whether the legacy Google Sheets keep getting data during the switch-over', and WAGR-477 builds Sign Up/Player import templates. What is left is a narrow gap: no ticket names how in-flight spreadsheet sign-ups are handled at cutover. Add it to WAGR-470/WAGR-20; a new ticket is not needed.",Data Migration / Import,Go-live cutover for in-flight spreadsheet sign-ups is unresolved and has no ticket; WAGR-51 removes the only manual create path,WAGR-51; WAGR-125,Ready; Requirements,Unassigned; Kobi Kunasekaran,records must originate ONLY from the Study Link Click automation (BUILD-04 / SLC async flow).,Wagertech <> Jumpr - Weekly Sync,2026-07-15,Emily Vandenberg,00:41:27,https://docs.google.com/document/d/1Grl2_TpsgmgP8a-4GCRLXkKYQukPwldrg22d_gmRiWQ/edit,Emily Vandenberg: when we cut over there's going to be instances where like things might have been started within the spreadsheet right and then it would be seen as like net new because there'd be no record of it uh in some cases within Salesforce / Emily Vandenberg: and so I think that's more of the cut over we need to plan,"2026-08-11 Wagertech <> Jumpr: Weekly Sync: Kobi Kunasekaran: ... So, are we saying like we're going to hold off on this like fully going live until all those pieces that are in like including like the later / Emily Vandenberg: Yeah. / Kobi Kunasekaran: phases / Emily Vandenberg: ... the gap and running two parallel systems um we just don't feel like we could get it over the line with your rep reps from an adoption perspective ...","On 7/15 Emily said that sign-ups started in the spreadsheet will appear net new in Salesforce at cutover, and that this cutover needs planning. Kobi suggested a manual rep path. No later meeting answered it. No ticket holds a cutover plan (WAGR-125 refers to a 'migration cutover checklist' that does not exist as a ticket). WAGR-51 (Ready) removes rep Create on Sign-Up.","Create a cutover-plan ticket under WAGR-19. It should cover how in-flight spreadsheet sign-ups enter Salesforce (Ops/admin create path or a final delta import, since WAGR-51 blocks reps), the spreadsheet freeze date, and the logo and checklist items WAGR-125 refers to. Confirm the approach with Emily."
VAR-167,V2,Low,medium,not in verification sample (Low),,Data Migration / Import,WAGR-470 and WAGR-477 still list 'legacy Google Sheets keep getting data during switch-over' as undecided; on 8/11 WagerTech decided against running two parallel systems,WAGR-470; WAGR-477,Open; Open,Kobi Kunasekaran; Kobi Kunasekaran,whether the legacy Google Sheets keep getting data during the switch-over.,Wagertech <> Jumpr: Weekly Sync,2026-08-11,Kobi Kunasekaran; Emily Vandenberg,00:59:20,https://docs.google.com/document/d/1Qw_rUiBDniWRNlPQ1St7C7VbJ5rCPriZCrMoUeCHGV8/edit,"Kobi Kunasekaran: ... So, are we saying like we're going to hold off on this like fully going live until all those pieces that are in like including like the later / Emily Vandenberg: Yeah. / Kobi Kunasekaran: phases / Emily Vandenberg: ... the gap and running two parallel systems um we just don't feel like we could get it over the line with your rep reps from an adoption perspective ...",2026-08-11 Kobi <> Taryn: Daily Sync: Kobi Kunasekaran: ... And we talked about like them still recording some of that stuff in their spreadsheets just to make sure that until we're up to speed and we validated everything and then we deprecate the spreadsheets. || 2026-07-08 Wagertech <> Jumpr: Onsite: Kobi Kunasekaran: in phase one can make sure that we're scoping new starting like later this week on how to make sure that whatever we're launching in phase one still connects to the other spreadsheets that we haven't migrated to the system yet / Kobi Kunasekaran: I think like worst case scenario We should be able to create reports that we can then export into your spreadsheets.,"On 8/11 Emily said that WagerTech will not run two parallel systems, because of rep adoption, and that full go-live waits for the later phases. The Jira cards (9/25, 9/28) still treat continued feeding of the legacy sheets as an open question.","Update WAGR-470 and WAGR-477: record the 8/11 decision of no parallel run as the baseline, and narrow the open question to any short freeze or transition window (see DMI-06)."
VAR-168,V3,Medium,high,confirmed,"Both quotes exist verbatim in the re-fetched 2026-08-18 and 2026-08-25 syncs; in context Joyce paused proof storage for a possible alternate solution and Jumpr moved to deal/CMS work, and on 08-25 Joyce confirmed the hold and the interim URL fields. No later meeting lifts the hold. No WAGR ticket or comment records the pause; the only WAGR-112 comment still says 'APPROVED TO PROCEED' and that storage is ahead of CMS work.",Storage / Proofs,WAGR-112 / epic WAGR-31 still read 'approved to proceed'; the 2026-08-18 pause and 2026-08-25 hold are not recorded,WAGR-112; WAGR-31; WAGR-114,Requirements; Open; Open,Unassigned; Unassigned; Unassigned,**APPROVED TO PROCEED — 2026-08-04. Client explicitly reprioritised this ahead of the CMS API work.**,Wagertech <> Jumpr: Weekly Sync,2026-08-18,Joyce Kiddell; Kobi Kunasekaran,00:30:12,https://docs.google.com/document/d/1SOoE_HqRKzBFtDRxNkR4kLvamf4T_r3bS_uem79bYi0/edit,"Joyce Kiddell: let's let's focus on this next. um the proof storage, we might have an alternate solution that we're working through um that might just be more efficient for us. So, uh TBD on that, / Kobi Kunasekaran: Okay. So, we we'll put a pin on the proofs then. / Kobi Kunasekaran: So we'll we'll put a pin on it from our end and shift focus to uh this work instead","2026-08-04 Wagertech <> Jumpr: Weekly Sync: Kobi Kunasekaran: ... like for the purpose of the PC, I want to make sure that we're able to send the files, uh, build out the API calls and everything, get those working, and then we can, uh, talk through the actual like locations, folder structure, and everything, um, as an iterative process. / Joyce Kiddell: You're not you're not blocked on that piece. / Joyce Kiddell: Like you can just do this. / Emily Vandenberg: like if everything else is like pretty like standard to what we've talked about, nothing like deviates from I think like what we've been talking around here, Kobe, then I think you're good.",The latest WAGR-112 comment records the 2026-08-04 go-ahead and says the client put storage ahead of the CMS work. On 2026-08-18 the client paused proof storage for a possible alternate solution and Jumpr moved focus to the deal/CMS work; on 2026-08-25 storage was confirmed on hold.,"Add a dated comment on WAGR-112, WAGR-113, WAGR-114 and WAGR-31 that storage is on hold pending WagerTech's alternate-solution decision (2026-08-18 / 2026-08-25 syncs), and that the interim is pasted proof URLs."
VAR-169,V4,Low,high,downgraded,"Real but weaker than claimed: WAGR-32 is Done (resolved 2026-09-14 in the sandbox-phase bulk move) although the Proof Files object, upload component and storage service were never built and storage was put on hold by the client on 2026-08-18 / 2026-08-25. But the claim that no open ticket holds the remaining storage work is wrong: WAGR-112 (Drive storage POC, Requirements / Awaiting Client Feedback, refers to the ~56h build to be authorised after the POC), WAGR-113 (client Drive prerequisites, Requirements), WAGR-114 (Cloud_File__c container, Open, On Hold), WAGR-360 and WAGR-362 are open under the same Sign-Up Proofs & Storage epic (WAGR-31, Open). The gap is Jira hygiene on WAGR-32 (misleading Done, no record of the 2026-08-18 client hold), not an untracked scope item.",Storage / Proofs,"WAGR-32 (Proof Files object, upload component, storage service) is Done, but the storage build was never delivered and is on hold",WAGR-32; WAGR-32,Done; Done,Unassigned; Unassigned,"Governed proof storage: Proof Files object with category metadata, an upload component on Sign-Up, a storage service writing to the selected platform, and proof-completion logic.",Wagertech <> Jumpr: Onsite,2026-07-08,Kobi Kunasekaran,00:15:12,https://docs.google.com/document/d/1NwBfx21p4Y0Vd04q67s2NgssudX_-XnjuktiXh0JreI/edit,Kobi Kunasekaran: what we've done is we've set up these check boxes um that reps will have to check manually right now. Um this will drive the proof completion status. / Kobi Kunasekaran: Sorry this is all manual because like we haven't built out all the interfaces,"2026-08-18 Wagertech <> Jumpr: Weekly Sync: Kobi Kunasekaran: ...are are we good with like for the time being like if we start pressing the like a setup workflow with reps that the expectation is you just base links for the different proofs in Salesforce. / Joyce Kiddell: Mhm. Mhm. || 2026-09-14 Wagertech Internal Sync: Kobi Kunasekaran: Um, right now we're kind of in this weird stage as well where we're not actually deploying anything to production or to an environment. We're just marking this complete and uh we're going to have to come back and uh push everything into production when we uh when we do our UAT and uh sandbox testing. So um I think I'm just going to move everything to done for now","Jira marks the storage build story Done. The meetings say the upload interfaces are not built, storage was paused on 2026-08-18 and is still on hold on 2026-08-25, and reps only paste proof links into URL fields.","Reopen WAGR-32 or set it to an On Hold/Cancelled state with a comment, or split it: close the delivered bridge (URL fields, proof status) and move the remaining Proof Files object, upload component and storage service into an open ticket under WAGR-31. Today no open ticket holds the post-POC storage build."
VAR-170,V8,Low,medium,downgraded,"The proof-storage hold (18 and 25 Aug 2026) waiting on a WagerTech alternate solution is real and no Jira ticket records it. But the claim's Jira framing is out of date: WAGR-32 is Done and its 29 Jul comment says the client confirmed GCP on 20 Jul. WAGR-112 (Drive POC) and WAGR-113 (client prerequisites) already track the storage work as 'Awaiting Client Feedback'. The 15 Jul inbound-API idea was overtaken by the GCP/Drive go-ahead (20 Jul to 4 Aug). The URL-field bridge works today, so the gap is mostly a tracking problem.",Storage / Proofs,WagerTech's alternate proof solution and whether Salesforce must accept proof data by API are unresolved and not tracked in Jira,WAGR-32,Done,Unassigned,Storage platform confirmation (GCP selected pending client's technical sign-off) — do not start the storage service until confirmed.,Wagertech <> Jumpr - Weekly Sync,2026-07-15,Emily Vandenberg,00:15:33,https://docs.google.com/document/d/1Grl2_TpsgmgP8a-4GCRLXkKYQukPwldrg22d_gmRiWQ/edit,"Emily Vandenberg: I think like if we were to build this tool, we would then just like send you uh we'd send Salesforce kind of like confirmation of the completion statuses for each versus you doing the Salesforce doing the heavy lifting on storage and um upload. / Emily Vandenberg: leaning towards sending them information through the API versus them having to build for it.","2026-07-07 Wagertech <> Jumpr: Weekly Sync: Emily Vandenberg: So question we had or straw had was like is the option of like doing the upload outside of Salesforce and then pushing like reference um like a reference data point back to Salesforce something we could do relatively easily. / Kobi Kunasekaran: we could also have URL fields like three URL fields and um you could update those fields through the API from external system to fill that in and we could have it so that when that's filled the respective checkbox is checked that will drive the proof completion that will then drive the signup completion. So yes absolutely we can do that. / Kobi Kunasekaran: But if you're doing all of that uh externally and you're you have the signup ID, like the exact signup that you're sending the proofs for and you're sending it directly there, then I don't think there's like anything else besides just adding the fields for you to fill / Kobi Kunasekaran: out.",Meetings left open whether WagerTech's own tool will hold proofs and send proof URLs or completion status to Salesforce by API. Jira's only open question still frames the decision as GCP sign-off and no ticket covers an inbound proof API.,"Add an open-question or decision ticket under WAGR-31 for the WagerTech alternate-solution decision, with owner and date, and note the inbound-API option (sign-up ID + proof URLs to the URL fields) so it can be sized if chosen. Raise it at the next weekly sync."
VAR-171,V1,Low,medium,not in verification sample (Low),,Storage / Proofs,Client walkthrough of the proof upload interface (agreed with Joyce) has no ticket or acceptance step,,,,,Wagertech <> Jumpr: Weekly Sync,2026-08-04,Joyce Kiddell; Kobi Kunasekaran,00:55:12,https://docs.google.com/document/d/1uimd4HPe40Rzv1almUeCtav79O7shBM-zrcISYEmml4/edit,Joyce Kiddell: Yeah. And I the one thing I will care about is like the upload interface. So talking through kind of when what that looks like when we get to that / Kobi Kunasekaran: Okay.,"2026-08-18 Wagertech <> Jumpr: Weekly Sync: Joyce Kiddell: let's let's focus on this next. um the proof storage, we might have an alternate solution that we're working through um that might just be more efficient for us. So, uh TBD on that, / Kobi Kunasekaran: Okay. So, we we'll put a pin on the proofs then. / Kobi Kunasekaran: So we'll we'll put a pin on it from our end and shift focus to uh this work instead || 2026-08-25 Wagertech <> Jumpr: Weekly Sync: Kobi Kunasekaran: Um and then storage we said like we put a hold on it from our end. / Kobi Kunasekaran: We said you're going to take that back and get back to us, right? So for now we're just relying on the URL uh fields in Salesforce. / Joyce Kiddell: Yeah, let's keep on that","Joyce asked to talk through the upload interface when the work reaches that stage and Kobi agreed. No Jira ticket, AC or comment records this client review step; WAGR-32 lists the upload pattern only as an open question.","When storage resumes, add the client upload-interface walkthrough as an AC on the upload-component ticket (or a review task under WAGR-31)."
VAR-172,V1,Low,medium,not in verification sample (Low),,Storage / Proofs,Proof retention rule (retrievable possibly indefinitely for fraud) and Jumpr's archiving-option research have no ticket,,,,,Wagertech <> Jumpr: Weekly Sync,2026-07-02,Joyce Kiddell; Lina Ceniccola,00:29:28,https://docs.google.com/document/d/1kuuQd6CVZyatxvznKIOeYyLTZu76r2Qk8T7qQgUDbRg/edit,"Joyce Kiddell: Yeah, the 30 days is kind of arbitrary. Lena, do you see like a world where like the players or ops will have to like not players / Lina Ceniccola: Yes. Um if if there is a case of fraud that isn't somehow it like slips under the rug. Oh, one second. Sorry. / Joyce Kiddell: I agree that we'll we'll want to go back in time like probably to an indefinite period / Joyce Kiddell: But it's not like we need every single proof like queryable like like accessible through Salesforce every single time. You know what I mean?","2026-07-02 Wagertech <> Jumpr: Weekly Sync: Joyce Kiddell: let's do it. No, no, I'm converted. That makes sense. / Lina Ceniccola: Yeah. / Emily Vandenberg: Yeah, I think like that's where we're leaning. / Emily Vandenberg: Yeah, maybe we just like quickly take it offline by and confirm. / Emily Vandenberg: but let's just get you final confirmation and review a little bit closer with","The client said proofs must stay retrievable back to an indefinite period for fraud cases, and Miko took away researching an archiving tool plus a 1 TB extension. Jira has no retention rule; WAGR-32 says 'Automated archiving (client researching third-party tools).' (Out of Scope), which names the client, not Jumpr, as owner; WAGR-321 only lists 'retention period' as a question.","Add the retention requirement as an AC on the storage design (WAGR-114 / future build ticket). Confirm with Joyce whether the archiving research is still needed under the Drive direction, and close it with a note if not."
VAR-173,V1,Low,medium,not in verification sample (Low),,Storage / Proofs,Miko's follow-up on whether Snowflake can store proof images/videos has no ticket and no recorded answer,,,,,Jumpr <> WagerTech: Salesforce PRD Review,2026-05-27,Joyce Kiddell; Miko Sumagang,00:32:36,https://docs.google.com/document/d/1Ha5oDS_JGfc-esDrrTVH_KnFVlX5hAYUzSz7dVUOmo4/edit,does it have the capability of storing like images and videos and would you recommend / Miko Sumagang: it stores it as blobs. So like they'll have to like transform it like back into like the system like afterwards. Um as far as like I remember things may have like changed. / So like I wouldn't like recommends it like right right like away. U but like let me get back to you like on that just in case that there's been updates.,,"Miko said he would get back to Joyce on Snowflake media storage. No ticket or later meeting closes it; WAGR-321 compares storage options without Snowflake, and WAGR-468 mentions Snowflake only for BI.",Close the loop with a one-line answer to Joyce (likely: not recommended; Drive direction chosen) or log it as a closed spike note on WAGR-321.
VAR-175,V1,High,high,confirmed,"Quote verified in the re-fetched 2026-09-14 doc (line 424); in context Kobi defers all production deployment and skips release statuses to Done; no later meeting (ledger to 2026-09-30) creates a deployment plan, and live Jira shows WAGR-18 with no children, WAGR-479 holding only WAGR-438/WAGR-393, and no deployment/go-live checklist ticket although WAGR-127 and WAGR-125 point to one.","Testing, UAT & Go-Live","No ticket for the production deployment of sandbox-built work, and no go-live deployment checklist (epic WAGR-18 is empty)",,,,,Wagertech Internal Sync,2026-09-14,Kobi Kunasekaran,00:27:54,https://docs.google.com/document/d/1L-0V5h2VXU_6WRkO_IDZDjrMtsu15cuOk6AM0dHTUuk/edit,"Kobi Kunasekaran: Um, right now we're kind of in this weird stage as well where we're not actually deploying anything to production or to an environment. We're just marking this complete and uh we're going to have to come back and uh push everything into production when we uh when we do our UAT and uh sandbox testing. So um I think I'm just going to move everything to done for now","2026-08-31 Kobi <> Cedrick: Weekly Planning - 2026/08/31 11:30 EDT - Notes by Gemini: Kobi Kunasekaran: ... once you're done put the story in ready for review and then in the comments um add in like whatever it is that you created like API names or the fields that you created flows ... there's no deployment we're still working in partial sandbox for now so um done is when it's ready to be reviewed uh in the sandbox. || 2026-08-31 Kobi <> Cedrick: Weekly Planning - 2026/08/31 11:30 EDT - Notes by Gemini: Cedrick Infantado: Okay. Sure. And before we deploy, we will be having an internal testing as well, right? Or maybe I'm not sure. / Kobi Kunasekaran: before we deploy the prod. / Cedrick Infantado: Yeah. Yeah. / Kobi Kunasekaran: Yeah. Yeah. Absolutely. like we we're uh we're still a few weeks aways from prod deployment. So we'll do a full internal UAT as as user as uh as ops as managers || 2026-08-31 Kobi <> Cedrick: Weekly Planning - 2026/08/31 11:30 EDT - Notes by Gemini: Cedrick Infantado: Okay. Sure. And before we deploy, we will be having an internal testing as well, right? Or maybe I'm not sure. / Kobi Kunasekaran: before we deploy the prod. / Cedrick Infantado: Yeah. Yeah. / Kobi Kunasekaran: Yeah. Yeah. Absolutely. like we we're uh we're still a few weeks aways from prod deployment. So we'll do a full internal UAT as as user as uh as ops as managers","On 2026-09-14 Kobi decided to move completed sandbox work to Done and to push everything to production later, during UAT. Jira has no ticket, epic child or checklist for that production deployment. Epic WAGR-18 ""Deployment & Go Live Prep"" has no child issues. WAGR-127 and WAGR-125 refer to a deployment checklist and a cutover checklist that do not exist. Only the CMS sync cutover (WAGR-460) is planned.","Suggestion only: create a deployment ticket (or a set of tickets) under WAGR-18. Include the deployment scope (all Done and Jumpr Review metadata since the sandbox-only phase), the deployment order and method, and a go-live checklist. Add the gates already named in Jira (WAGR-127 rep-only list views, WAGR-125 operator logos, WAGR-37 access model, WAGR-460 CMS cutover). Link it to the November 1 go-live milestone."
VAR-176,V1,Low,medium,downgraded,"Rep user testing is a real, client-led plan (Emily, 30 Sep, no later meeting), but the 'tester users' part is mostly covered: Rep users already exist and are configured in PartialSB (WAGR-505 Done audited Flow User and record types for all Rep users, with Jared Ali as the named test user; WAGR-288 Done gave rep demo access). The remaining gap is small and mostly the client's: no ticket for the deal data upload reps need, mobile checks, or how rep feedback gets into Jira.","Testing, UAT & Go-Live","The decided milestone of rep user testing on sign-up logging (1-2 reps, including mobile) has no ticket for tester users, test data or feedback intake",,,,,Wagertech <> Jumpr: Weekly Sync,2026-08-18,Kobi Kunasekaran; Emily Vandenberg,00:29:09,https://docs.google.com/document/d/1SOoE_HqRKzBFtDRxNkR4kLvamf4T_r3bS_uem79bYi0/edit,Kobi Kunasekaran: ...it's it's actually a good idea to get like one or two reps to come in and actually work through that signup blogging experience as well. / Kobi Kunasekaran: Um so that could be the next milestone. / Emily Vandenberg: Yes.,"2026-06-17 Jumpr <> Wagertech: Project Kickoff: at the very least during that last week in or first week in August when we go into UAT, you want to make sure you have a few uh few reps available to uh test it, you know, set aside that time to go through that. || 2026-09-18 Wagertech Internal Sync: It is wager 393. Um, it's a feedback comment on the brand ambassador page that Emily directed towards you about um creating Wagertech email addresses for all VAS. / Kobi Kunasekaran: Yeah. That's fine. I don't think we need to do this right now though. Um like this will be part of user activation when we start going live. || 2026-09-30 Wagertech <> Jumpr: Weekly Sync: Emily Vandenberg: cuz I want to get the deals Like I think we just need to get stuff uploaded so that I can actually test and not be / Emily Vandenberg: like erroring, you know what I mean? And like not showing information.","Meetings set a milestone: one or two real reps test the sign-up logging process before go-live, and on 2026-09-30 Emily said she will start user testing with two reps. Jira has no ticket for this round. Nothing covers which reps, their Salesforce users and access (WAGR-393 leaves user activation until go-live), the deal data they need, mobile checks, or how their feedback is captured. WAGR-505 and WAGR-502 only support Emily testing as other users.","Suggestion only: create a ticket under WAGR-16 or WAGR-479 for the rep user-testing round. Include the named reps, early user activation for them (ahead of the go-live activation in WAGR-393), the deal data upload they need (L3366), mobile checks (L2107), and the path for their feedback into Jira. Confirm the names and dates with WagerTech before adding them."
VAR-177,V1,Medium,medium,downgraded,"Gap is real: WAGR-22 (Training, Enablement & Admin Handoff) is live Open, unassigned, no description, 0 comments, 0 child issues, and JQL finds no other training ticket. But the claim overstates firmness: the super-user/train-the-trainer model was reaffirmed in direction on 2026-07-08, yet the training/go-live plan was left to be drafted and reviewed later (L0919). Jumpr only offered to run end-user sessions and office hours. Recorded videos were deferred on 2026-08-06 (L1583), and go-live has no date (WAGR-23 comment, 2026-08-10).",Training & Enablement,"End-user training delivery (super-user train-the-trainer, recorded, end of Phase 1) has no Jira tickets; epic WAGR-22 is empty",,,,,Wagertech <> Jumpr: Onsite,2026-07-08,Kobi Kunasekaran,00:49:40,https://docs.google.com/document/d/1NwBfx21p4Y0Vd04q67s2NgssudX_-XnjuktiXh0JreI/edit,Kobi Kunasekaran: We had talked like when we kind of last talked we had talked about like a small kind of like base that we would train up that would then like train out and we would record. / Kobi Kunasekaran: I liked that approach. Um kind of like a super like internal super users.,"2026-08-06 Taryn / Kobi - 2026/08/06 13:00 EDT - Notes by Gemini: Kobi Kunasekaran: I'll wait to you. Um, yeah. Like I think you you're mentioning like you want to do the videos and stuff. I would put up in on that for now. let's wait until the full build before the video. / Kobi Kunasekaran: I think it's it's great and it's easy enough to update whatever like screenshots and steps um if we need to make changes. So um we'll finalize everything and then we'll plan to like put together videos when we're closer to uh closer to like a completion state. || 2026-09-15 Wagertech Internal Sync: Taryn Reithofer: Um so so we'll just have to highlight it in / Kobi Kunasekaran: that's fine. / Taryn Reithofer: um whoseever training um on how to use uh you know how to read and how to use the record pages that is just highlighted in some documentation on what those specific fields are actually for.","The client meetings decided a super-user (train-the-trainer) model with recorded sessions, delivered near the end of Phase 1 before users leave the spreadsheets. Jira has the Phase 1 epic WAGR-22 'Training, Enablement & Admin Handoff' with no description, no comments and zero child tickets, so no training session, super-user selection, recording or schedule work is tracked.","Suggestion only: groom WAGR-22 with child tickets for super-user selection, training session prep and delivery, session recording, and training-readiness as a go-live gate on WAGR-23."
VAR-182,V8,Medium,medium,confirmed,"All quotes exist in the re-fetched docs. In context, the in-person launch/training day and Jumpr's role in training sessions and office hours were offered or raised but not decided. On 22 Jul Joyce still said 'our in-person day whenever that's happening'. No later meeting through 30 Sep decides the format, the date or Jumpr's part, and launch is still targeted for 1 Nov. No WAGR ticket covers it: WAGR-22 and WAGR-26 are empty epics, and the hypercare section in WAGR-460 covers only the CMS integration.",Training & Enablement,Launch-day format (in-person BA day) and Jumpr's role in end-user sessions / first-month office hours are still open,,,,,Wagertech <> Jumpr: Onsite,2026-07-08,Kobi Kunasekaran,00:53:16,https://docs.google.com/document/d/1NwBfx21p4Y0Vd04q67s2NgssudX_-XnjuktiXh0JreI/edit,"Kobi Kunasekaran: We do these like launch days um become training they follow and like we just kind of help them transition. / Kobi Kunasekaran: We can I think we can come up with a plan that like accomplishes that. But bring them in. It's just one day. / Kobi Kunasekaran: It is possible. Yeah, we can get the Alberta guys down too.",2026-07-08 Wagertech <> Jumpr: Onsite: Kobi Kunasekaran: Um you will never get away from like double the systems and this will be not accurate in Salesforce. / Kobi Kunasekaran: It's it's like adoption is going to be a challenge / Kobi Kunasekaran: it's very important in the first month for you to invest time getting them enabled and setting expectations.,"Jumpr offered training sessions, office hours and an in-person launch/training day (with Alberta reps), left up to WagerTech; Joyce later referred to presenting to all BAs 'on our in-person day whenever that's'. No later meeting decides whether this happens, when, or what Jumpr delivers, and nothing is in Jira (WAGR-26 Post Go Live Support is empty).","Suggestion only: ask WagerTech to decide the launch format and whether Jumpr runs end-user sessions/office hours; record the answer and, if in scope, add tickets under WAGR-22/WAGR-26."
VAR-178,V1,Low,medium,downgraded,"Quote exists verbatim, but the claim misattributes ownership: the whole transcript is diarized as Kobi, and 'Okay. Awesome. We'll come up with a plan and then let's rub it together next week' reads as WagerTech accepting Kobi's offer and taking the plan (ledger L0919 owner = 'likely WagerTech'; L1530 later confirms WagerTech owns the rollout plan). Jumpr did deliver training documentation later (L1580-L1583, L1707, L1709). The remaining gap is small: Jumpr's offer of training sessions/office hours/launch-day help is not tracked, and epic WAGR-22 'Training, Enablement & Admin Handoff' exists but is empty.",Training & Enablement,Training / go-live plan that Jumpr agreed to draft and review with WagerTech has no ticket and no later evidence of delivery,,,,,Wagertech <> Jumpr: Onsite,2026-07-08,Kobi Kunasekaran,00:52:37,https://docs.google.com/document/d/1NwBfx21p4Y0Vd04q67s2NgssudX_-XnjuktiXh0JreI/edit,"Kobi Kunasekaran: so things like training sessions, office hours, if you want to consider us helping with, we can we can do that. Okay. Awesome. We'll come up with a plan and then like let's uh rub it together next week.",2026-08-04 Wagertech <> Jumpr: Weekly Sync: Emily Vandenberg: ... we kind of committed to like next week being a bit clearer on our end on like timeline on the on the kind of rollout plan. ...,"On 2026-07-08 Jumpr said it would come up with a training/go-live plan and review it with WagerTech the next week. No Jira ticket tracks this plan, and no later meeting in the ledger shows it was reviewed; the WAGR-23 milestone comment only tracks WagerTech's own rollout-plan commitment (L1530) as outstanding.","Suggestion only: confirm whether the training/go-live plan was produced; if not, add a ticket under WAGR-22 or WAGR-18 and link it to WAGR-23 and to WagerTech's rollout plan."
VAR-179,V1,Low,medium,downgraded,"Commitment is real and no WAGR ticket tracks it, but it is conditional on the initial build being done and sprint-based delivery starting after Phase 1 go-live. The org is still in sandbox and go-live is postponed (target Nov 1), so no cadence is overdue. A decided 2026-09-24 practice (Loom walkthrough on Slack per completed feature, L3042) already partly covers release communication. This is a forward-looking tracking gap, not a current delivery variance.",Training & Enablement,Bi-weekly release notes promised to WagerTech after the initial build have no ticket or tracked cadence,,,,,Wagertech <> Jumpr: Onsite,2026-07-08,Kobi Kunasekaran,00:45:55,https://docs.google.com/document/d/1NwBfx21p4Y0Vd04q67s2NgssudX_-XnjuktiXh0JreI/edit,Kobi Kunasekaran: Would you guys be able to do like you know once we get this initial like build done like bi-weekly like release notes / Kobi Kunasekaran: documented. Absolutely. Yeah. Yeah. We usually do like uh videos and stuff to show what's been released,"2026-09-21 Wagertech Internal Sync: Kobi Kunasekaran: And then the relationships and everything that we built last week. Um so Taran like this week maybe uh you and I let's sync up and put together like a release notes for everything that uh Cedric worked on last week about like with related to the whole partner and operator. / Kobi Kunasekaran: Actually maybe we should wait until because you also have some action items from here, right? / Kobi Kunasekaran: So once those are done, um I'll leave it to you to like communicate the uh the changes to wager tech. So like you know what's been added um what that looks like and we can talk through what that messaging could look like before you send it out to them. || 2026-09-21 Wagertech Internal Sync: Kobi Kunasekaran: So once you start putting those release notes together, then then it does make it easier. So um let's let's work on that over the next couple weeks. So we were able to retain that context. / Taryn Reithofer: Mhm. || 2026-09-24 Wagertech Internal Sync: Kobi Kunasekaran: what works really well is honestly like a quick Loom video uh walking them through what's been uh like the functionality showing what works um and share that on Slack and that's good enough / Kobi Kunasekaran: the documents make sense for um for larger pieces that we might need / Taryn Reithofer: Okay. So, yes, I will do that.","WagerTech asked for bi-weekly documented release notes once sprints start and Jumpr agreed. No Jira ticket, recurring task or template tracks release notes; later internal syncs (2026-09-21, 2026-09-24) show release notes are still being set up ad hoc (partner/operator release note, Loom per completed feature).",Suggestion only: add a recurring release-notes task (or a Definition of Done line) and record the agreed format (written notes plus Loom per L3042) so the client commitment is visible.
VAR-180,V1,Low,medium,downgraded,"Quote is real and Kobi accepted documentation as the fallback for Highlights Panel field explanations, and no child ticket exists for the training manual. But Epic WAGR-22 'Training, Enablement & Admin Handoff' (Phase 1, Work Type Documentation & Spec) already tracks the training area at epic level, the manual is already in progress with Taryn as de facto owner (11 Aug), and on 28 Sep the team used clearer field titles to mitigate the help-text limit. This is a ticket-hygiene gap (empty, unassigned, overdue epic), not a Medium delivery variance.",Training & Enablement,User training manual / record-page documentation (now the agreed home for field explanations) has no ticket,,,,,Wagertech Internal Sync,2026-09-15,Taryn Reithofer; Kobi Kunasekaran; Cedrick Infantado,00:04:09,https://docs.google.com/document/d/1c7jrcIZi-m-zYNVeSrkzols_CABo5p5IBp_0r1kBfUg/edit,Taryn Reithofer: Um so so we'll just have to highlight it in / Kobi Kunasekaran: that's fine. / Taryn Reithofer: um whoseever training um on how to use uh you know how to read and how to use the record pages that is just highlighted in some documentation on what those specific fields are actually for.,"2026-08-11 Kobi <> Taryn: Daily Sync: Kobi Kunasekaran: ... So let's like let's keep that as one one document that we're going to like keep building on to um as you know as we work through the process as things / Kobi Kunasekaran: ... obviously like there's no hard deliverable date for that right now. / Kobi Kunasekaran: So we can just hand them over to Emily for example if she wants to train new reps we can use that uh to train reps and even give it to them as reference later. || 2026-08-06 Taryn / Kobi - 2026/08/06 13:00 EDT - Notes by Gemini: Kobi Kunasekaran: Okay. Sorry. Yeah, I was just looking through the headings. It looks pretty good. I think for the flagging a problem, you know what? I'll go through and like leave comments afterwards um in detail, but I think uh in a nutshell, like captured the main steps that a sales rep should be doing at this stage of the / Kobi Kunasekaran: There may be some exception cases and things that we'll add some steps for, but this is a good start. Uh, sorry, give me one second. I'll find this other video. I think that will give you the walk through that you need to kick off. Let's see. || 2026-08-06 Taryn / Kobi - 2026/08/06 13:00 EDT - Notes by Gemini: Taryn Reithofer: Um, and I know that um we're uh the timeline is pushed back on wager tech, but I'll still try and get the um training documentation sorted out a bit more just to get it over with cuz I have the time now. / Taryn Reithofer: I'll let you know when it's in a good spot for you to go through and review and start commenting on / Kobi Kunasekaran: I'll wait to you.","The 2026-09-15 sync decided that, because help text does not show in the Dynamic Highlights Panel, field purpose will be explained in record-page documentation and training. Internal syncs also decided a living user-facing training manual. Jira has no ticket for the training manual or record-page documentation, so this content has no owner, scope or due point before go-live.","Suggestion only: add a WAGR-22 child ticket for the user training manual (rep sign-up logging, record-page field guide incl. Highlights Panel fields), with an owner and a go-live readiness check."
VAR-181,V8,Low,medium,downgraded,"Quotes exist and WAGR-22 is an empty epic, but 'admin never named' is overstated: Eric was named on 3 Jun as the in-house person to ride along and own the org (L0144/L0164), got access in July (L0897), and the kickoff discussion refers to a specific 'him'. Handoff work also exists outside Jira (admin user manual L1709, 11 Aug; written handover doc L2183, 31 Aug). What remains: no formal confirmation of the admin, no handoff plan or date, and nothing tracked in Jira.",Training & Enablement,Client Salesforce admin for the admin handoff was never named; 'Admin Handoff' epic WAGR-22 holds no tickets,WAGR-22,Open,,"Training, Enablement & Admin Handoff",Jumpr <> Wagertech: Project Kickoff,2026-06-17,Waleed Alasadi; Joyce Kiddell; Emily Vandenberg,00:59:20,https://docs.google.com/document/d/1A44vvYCwMm62m9KF7XbI4p33qpxIbN9T_r5AHCKH4RQ/edit,"Joyce Kiddell: Yeah, I think we're still talking internally about like who exactly. / Joyce Kiddell: Um, but the plan would be once we get past discovery, um, we would want to bring in that person to kind of ride along through the process. / Emily Vandenberg: We wanted to keep it to the main like business kind of like stakeholders in this in this round. / Waleed Alasadi: That's totally fair.",,"At kickoff WagerTech said it would bring in its future Salesforce admin after discovery, but who that is was still being decided; Jumpr recommended Eric learn Salesforce (Trailhead/Admin cert) and own simple changes. No later meeting names the admin or plans the handoff, and Jira's handoff epic is empty.","Suggestion only: raise at the next weekly sync who the WagerTech admin is and when they join; then add handoff tickets (admin manual, permission-set guide, BA setup runbook WAGR-186 handover)."
VAR-183,V1,Low,medium,not in verification sample (Low),,Training & Enablement,Onboarding step 'pin your preferred list view on first login' has no onboarding/training ticket,,,,,Wagertech <> Jumpr: Weekly Sync,2026-09-23,Kobi Kunasekaran,00:19:13,https://docs.google.com/document/d/14qj2c7XQWrT1KJJhEV34u7rF5KBJU6xMUIPWNfyNDVk/edit,"Kobi Kunasekaran: like the first time. Yeah, like during login and I think we uh talked about this just being part of like their onboarding, right?",2026-07-15 Wagertech <> Jumpr - Weekly Sync: Kobi Kunasekaran: it could be that you know if uh when you're logging in for the first time like the default uh list view goes to recently viewed and you won't have anything in there because you haven't clicked anything. / Kobi Kunasekaran: Yeah. Yeah. Check out the video that I put together.,"The 2026-09-23 client sync decided users will pin their preferred list as part of onboarding because Salesforce defaults to Recently Viewed. WAGR-423 mentions this only as a constraint ('each user pins their preferred list the first time they log in, e.g. as part of onboarding') and puts it out of its scope; no onboarding checklist or training ticket owns the step.",Suggestion only: add the pin step (and the browser/device caveat) to the onboarding checklist / training manual ticket under WAGR-22.
VAR-184,V1,Low,medium,not in verification sample (Low),,Training & Enablement,"Video on creating deals in the Salesforce UI, promised to Emily, has no ticket and the deal creation process has since changed",,,,,Wagertech <> Jumpr: Weekly Sync,2026-09-01,Kobi Kunasekaran; Emily Vandenberg,00:51:54,https://docs.google.com/document/d/1wmGMiVLLsLjkMh9s3WRUNqJd5AxHlqXEO6Ll8rL1_uo/edit,"Kobi Kunasekaran: Uh but I think we're in a good place now where like even the like this last one I just created it directly in the interface. Um so I can do like a quick video and send it over. Want to try it out? / Emily Vandenberg: Yeah, totally. That works.","2026-09-29 Kobi <> Cedrick - Wagertech Deal and CMS Integration Walkthrough: Kobi Kunasekaran: they're using the standard new button um to create the deals. Um, except I want to move away from this. So, we are going to do a screen flow um that uh it's mostly packed out um that they're going to use instead to create a new deal.","On 2026-09-01 Kobi agreed to send Emily a quick video on creating deals in the UI; no ticket tracks it. On 2026-09-29 deal creation moved from the standard New button to a screen flow (WAGR-507, Open), so any video of the old process would now be out of date.",Suggestion only: confirm whether the video was sent; plan a replacement walkthrough as part of WAGR-507 delivery.
VAR-185,V1,Low,low,not in verification sample (Low),,Training & Enablement,Recordings from the two onsite days (2026-07-07/08) promised to WagerTech have no tracking item,,,,,Wagertech <> Jumpr: Onsite,2026-07-08,Kobi Kunasekaran,01:02:30,https://docs.google.com/document/d/1NwBfx21p4Y0Vd04q67s2NgssudX_-XnjuktiXh0JreI/edit,"Kobi Kunasekaran: Um, and I'll send the recordings of the videos uh from yesterday and today if you don't already have it.",,Kobi committed to send the recordings from both onsite days. No Jira item or later meeting confirms they were sent.,Suggestion only: confirm the recordings are in the shared project Drive; no ticket is needed if already done.
VAR-186,V1,Low,medium,downgraded,"Quote is verbatim and the ask/commitment is real, but WAGR-475 (Open, Kobi) already has 'Done when: ... a timeline update is drafted for WagerTech'; the Gemini notes frame Kobi's action as 'Provide the development timeline', so the build estimate largely overlaps that deliverable. Gap is only that the client ask and its dependency on user stories are not recorded.",Project Mgmt / Scope / Phase / Timeline,No ticket for the build estimate the client asked for on Sep 30,,,,,Wagertech <> Jumpr: Weekly Sync,2026-09-30,Emily Vandenberg; Kobi Kunasekaran,00:58:32,https://docs.google.com/document/d/1pc9pSc8tFg_8IuqTrOcRpNaRF9l8hiB6sjpqizzbqZo/edit,"Emily Vandenberg: What is your estimate on build? / Kobi Kunasekaran: Uh, I I will get back to you once uh we flush out the the updates and build out the user stories.",2026-09-24 Wagertech Internal Sync: Taryn Reithofer: At what point are you going to ask to push the live date? Like when are you going to make that call? / Kobi Kunasekaran: I think it's going to be by next week for sure. Um finish the discovery tomorrow and then um I'm hoping to get caught up on all the requirements and use stories || 2026-09-25 Wagertech <> Jumpr: Referral and Payouts Discovery: Lina Ceniccola: think we can handle it internally just because like the this November 1 date is a pretty hard date.,"Emily asked for a build estimate and Kobi committed to provide it after the user stories are fleshed out. No Jira item records the ask, the owner or the dependency. WAGR-475 (created Sep 25, before the ask) covers an internal timeline re-plan and a timeline update draft, not a build estimate for WagerTech.","Suggestion only: add the build-estimate deliverable to WAGR-475's 'Done when', or open an Internal task linked to WAGR-462/464/465, so the commitment survives Kobi's leave (Oct 12-23)."
VAR-187,V3,Low,high,downgraded,"The variance is real. WAGR-15, WAGR-17 and WAGR-23 are still Open with due dates 2026-07-31, 2026-08-07 and 2026-08-17, and the latest comment on WAGR-23 (Aug 10) recommends a Phase 1a/1b split. The client effectively rejected that split on Aug 11 (no parallel systems, roll out after all phases, Nov 1 goal), and on Sep 1 the team confirmed one November go-live with multiple phases. But Jira already partly covers it: all three milestones carry comments that say the dates are not credible or need a re-baseline, WAGR-23 says 'AUG 15 GO-LIVE IS OFF ... No replacement date set', and WAGR-475 (Open, Kobi) owns the timeline re-plan. Nov 1 itself is still under review (Sep 24-28 internal syncs call it unrealistic, and a live-date call is pending), and the team still calls the Nov 1 launch scope 'Phase 1', so retitling WAGR-23 is not clearly needed. The gap that remains is record hygiene: stale dates, the unadopted 1a/1b recommendation left as the latest comment, and no link to WAGR-475. Low, not Medium.",Project Mgmt / Scope / Phase / Timeline,Go-live milestones still carry July/August Phase 1 dates and a Phase 1a/1b split that later meetings replaced with one November go-live,WAGR-23; WAGR-15; WAGR-17; WAGR-475,Open; Open; Open; Open,(unassigned); (unassigned); (unassigned); Kobi Kunasekaran,"**Recommendation:** split this milestone into _Phase 1a — Sign-Up workflow live for reps_ (achievable, mostly unblocked) and _Phase 1b — CMS integration + DRA_ (blocked on DECISION-01 and client infra).",Wagertech <> Jumpr: Weekly Sync,2026-08-11,Kobi Kunasekaran; Emily Vandenberg,00:59:20,https://docs.google.com/document/d/1Qw_rUiBDniWRNlPQ1St7C7VbJ5rCPriZCrMoUeCHGV8/edit,"Kobi Kunasekaran: ... So, are we saying like we're going to hold off on this like fully going live until all those pieces that are in like including like the later / Emily Vandenberg: Yeah. / Kobi Kunasekaran: phases / Emily Vandenberg: ... the gap and running two parallel systems um we just don't feel like we could get it over the line with your rep reps from an adoption perspective ...","2026-08-04 Wagertech <> Jumpr: Weekly Sync: Emily Vandenberg: ... we know we're not we're not hitting August 15th. ... / Kobi Kunasekaran: Yeah, I think like as long as we're aligned that like we're not hitting the mid August, which it sounds like we're not going to. ... || 2026-09-23 Wagertech <> Jumpr: Weekly Sync: Emily Vandenberg: And then we're still we're still aiming for a November 1st launch. / Emily Vandenberg: So, making those kind of strategic what can we hold off on versus what we need to launch with. || 2026-08-11 Wagertech <> Jumpr: Weekly Sync: Kobi Kunasekaran: ... So, are we saying like we're going to hold off on this like fully going live until all those pieces that are in like including like the later / Emily Vandenberg: Yeah. / Kobi Kunasekaran: phases / Emily Vandenberg: ... the gap and running two parallel systems um we just don't feel like we could get it over the line with your rep reps from an adoption perspective ... || 2026-09-24 Wagertech Internal Sync: Kobi Kunasekaran: essentially we're still targeting a November first uh, go live, which is, uh, highly unrealistic. / Kobi Kunasekaran: Uh, cut out anything that's like optional or not necessary. || 2026-08-11 Wagertech <> Jumpr: Weekly Sync: Kobi Kunasekaran: ... So, are we saying like we're going to hold off on this like fully going live until all those pieces that are in like including like the later / Emily Vandenberg: Yeah. / Kobi Kunasekaran: phases / Emily Vandenberg: ... the gap and running two parallel systems um we just don't feel like we could get it over the line with your rep reps from an adoption perspective ...","The three go-live milestones are still Open with due dates of 2026-07-31, 2026-08-07 and 2026-08-17, and WAGR-23 is framed as a 'Phase 1' go-live whose latest comment recommends a Phase 1a/1b split. Meetings on Aug 11 and Sep 1 decided no parallel run and one November go-live that includes multiple phases with UAT before it; on Sep 25 the client called Nov 1 a hard date.","Suggestion only: when WAGR-475 decides the Nov 1 cut, re-date WAGR-15/17/23 (or replace them), retitle WAGR-23 to the single go-live, add a comment that the 1a/1b split was not adopted (Aug 11 / Sep 1), and link all three to WAGR-475."
VAR-188,V8,Low,medium,downgraded,"The offer and the deferral are real and no Jira ticket records them. But the offer was about the custom LWC list-view interface (V2 / post-go-live), not 'the remaining build'. That work is now WAGR-510 (Phase 2, Open, unassigned), so the decision is not near-term. Lower to Low; the better home is WAGR-510, not WAGR-475.",Project Mgmt / Scope / Phase / Timeline,Open decision: use WagerTech developer resources (with Jumpr code review) for the remaining build,,,,,Wagertech <> Jumpr: Weekly Sync,2026-09-30,Joyce Kiddell; Kobi Kunasekaran; Emily Vandenberg,02:07:47,https://docs.google.com/document/d/1pc9pSc8tFg_8IuqTrOcRpNaRF9l8hiB6sjpqizzbqZo/edit,"Joyce Kiddell: If you need help, Kobi,we have potentially like dev resources you could tap into. / Joyce Kiddell: yeah. Yeah. As long as there's like a code review process basically where it goes through you guys, right? / Joyce Kiddell: Okay. Well, maybe let's make that call when you're closer to having it all broken down in tickets and then we'll we'll do some kind of investigating on our part to see if it's possible. / Emily Vandenberg: Yeah.",,"Joyce offered WagerTech dev resources if Jumpr does code review; the decision was deferred until the work is broken into tickets. Jira does not record the offer, the condition or who decides. WAGR-475 (Nov 1 scope and re-plan) lists coverage during Kobi's leave but not this capacity option.","Suggestion only: add the offer and the decision point to WAGR-475 (capacity input to the Nov 1 cut) or open an Internal decision ticket; flag the delivery, code-review and accountability implications before accepting."
VAR-189,V1,Low,medium,not in verification sample (Low),,Project Mgmt / Scope / Phase / Timeline,No ticket for go-live user license allocation / user setup that Kobi said the plan must include,,,,,WAGR: Jumpr <> Wagertech — Discovery Session 1: End-User Workflows,2026-06-17,Kobi Kunasekaran,00:23:35,https://docs.google.com/document/d/1lK3FxzUuwQFuSN3sTU7vF4ooq8CbZK8Qt2Yp7gldCxg/edit,Kobi Kunasekaran: That's okay. All right. I just made a note like I we will need to add like a section in our project plan to account for getting the licenses set up. / Kobi Kunasekaran: Account setup robot set up for this.,"2026-08-11 Kobi <> Taryn: Daily Sync: Kobi Kunasekaran: like the final user list when we when we go into UAT like we we'll get from the widget techch team anyway. So when we have that, / Kobi Kunasekaran: we'll just make sure we allocate the licenses.","Kobi said the project plan needs a section for getting licenses set up for about 22 brand ambassadors and 6 managers. Jira has the BA user-setup runbook (WAGR-186, Done) and WAGR-393 (WagerTech email addresses for BA login), but no task to get the final user list from WagerTech, allocate licenses and activate users before go-live. The Go Live Tasks epic WAGR-479 holds 2 tickets; the Deployment & Go Live Prep epic WAGR-18 has none.","Suggestion only: add a go-live task under WAGR-479: get final user list from WagerTech, confirm license count against users, create/activate users per the WAGR-186 runbook."
VAR-190,V1,Low,low,downgraded,"Quote exists (only 'Um' dropped) and is a clear Jumpr commitment at kickoff, and no WAGR ticket covers it. But the Sep 3 internal sync shows a shared Google Drive folder already exists and people have access ('even if people have access, you might not have everything there'; Kobi uploads the CMS PDF to Google Drive). So the Drive was most likely set up; the real gap is incomplete content and no tracking ticket for a housekeeping item. Severity stays Low; confidence drops to low.",Project Mgmt / Scope / Phase / Timeline,No ticket or owner for the shared Google Drive for recordings and documents promised at kickoff,,,,,Jumpr <> Wagertech: Project Kickoff,2026-06-17,Kobi Kunasekaran,00:46:26,https://docs.google.com/document/d/1A44vvYCwMm62m9KF7XbI4p33qpxIbN9T_r5AHCKH4RQ/edit,we'll also set up a shared Google Drive to dump like meeting recordings like this one.,"2026-09-03 Wagertech Internal Sync: Kobi Kunasekaran: I I haven't been very good at putting everything in the form, so even if people have access, you might not have everything there.","At kickoff Jumpr committed to set up a shared Google Drive for meeting recordings, documents and deliverables. The other kickoff setup items have Done tasks (WAGR-324 Slack channel, WAGR-323 Asana invite) but the shared Drive has none. On Sep 3 Kobi said the shared folder does not hold all documents.","Suggestion only: confirm whether the client-facing shared Drive exists; if not, add an Internal task to set it up and populate it (recordings, design docs, Confluence links) before Kobi's leave."
VAR-191,V1,Low,medium,not in verification sample (Low),,Project Mgmt / Scope / Phase / Timeline,No ticket or owner for the AI/MCP workflow session the client asked to book,,,,,Wagertech <> Jumpr: Weekly Sync,2026-09-30,Emily Vandenberg; Joyce Kiddell,01:23:25,https://docs.google.com/document/d/1pc9pSc8tFg_8IuqTrOcRpNaRF9l8hiB6sjpqizzbqZo/edit,"Emily Vandenberg: Okay. Yeah, let's like book a session in a bit here to like kind of really talk that through / Joyce Kiddell: yeah. Yeah, for sure.","2026-09-30 Wagertech <> Jumpr: Weekly Sync: Joyce Kiddell: interesting. Okay, because we might be like we might trust someone like an Owen to just use it out of the gate. So, let's keep that in mind, I think, when we go to do the actual testing and roll out.",Emily asked to book a session to talk through the AI/MCP approach and Joyce agreed; the context is letting WagerTech ops (Owen) use MCP during testing and rollout. No owner was named and no Jira item exists.,Suggestion only: name an owner and track the session as an Internal task; link any MCP/agent-seat licensing question (L3429/L3430) to it.
VAR-192,V2,Low,high,not in verification sample (Low),,Project Mgmt / Scope / Phase / Timeline,Legacy holding-pen tickets closed as 'out-of-scope' although the meeting closed them because the work is now in scope,WAGR-373; WAGR-377; WAGR-465,Cancelled; Cancelled; Requirements,(unassigned); (unassigned); Kobi Kunasekaran,"Closed as out-of-scope. Carried over from the Asana migration (06/15) and no longer applicable to current project scope. Closed per team decision, 09/24/2026 sync.",Wagertech Internal Sync,2026-09-24,Taryn Reithofer; Kobi Kunasekaran,00:30:25,https://docs.google.com/document/d/1bG4sajKiIDV5-jUptnq_81XPUowAMM4w3755UsBRfQQ/edit,"Kobi Kunasekaran: Uh honestly, just just close them off because it's no longer relevant. / Kobi Kunasekaran: Like affiliate link generation, subscription workflows, / Taryn Reithofer: So, that'll that was that's 14 tickets that are going to leave our backlog, which is nice. / Kobi Kunasekaran: if it asks for a message um just say removing it from the working board or something like that.","2026-09-25 Wagertech <> Jumpr: Referral and Payouts Discovery: Lina Ceniccola: Yeah, I was just looking at this chart here real quick. Yeah, I mean, we only have primary and secondary referral payments, so / Joyce Kiddell: But yeah, so I agree that those are the only ones that require kind of a separate like work stream like probably like screens in Salesforce. || 2026-09-25 Wagertech <> Jumpr: Referral and Payouts Discovery: Joyce Kiddell: um, then you get some sort of bonus. Uh, it's 200 bucks in redeposit or 100 bucks um in cash and it's a onetime thing. So to be clear, that means Lena and Emily that like after the first 10 signups, they're not getting like another bonus at 20 signups and then 30 and 40. Or are they? / Lina Ceniccola: Yes. No. No. 10. They're done. / Kobi Kunasekaran: quies. Okay, this sounds good. Um, so just send for the secondary refer after that's sent out. We're not doing anything else. / Joyce Kiddell: Uh-uh.","In the Sep 24 sync Kobi said to close the legacy tickets because 'we're doing that already' (affiliate link generation, subscription workflows), and on Sep 25 the client set referrer payout batching as the release focus. The Jira close comment says 'Closed as out-of-scope', so the board record says this work is out of scope when it is in scope.","Suggestion only: add a comment on WAGR-373 and WAGR-377 that they are closed because they were superseded by in-scope work, and link the successors (affiliate link tickets under WAGR-39; WAGR-465). Optionally use resolution 'Duplicate/Superseded' instead of out-of-scope."
VAR-193,V3,Low,medium,not in verification sample (Low),,Project Mgmt / Scope / Phase / Timeline,VIP manual-creation spike WAGR-405 still open in sprints after the Sep 23 meeting scoped the VIP flow and VIP epic WAGR-420 was created,WAGR-405,Open,Kobi Kunasekaran,"This is a scoping item, not a build yet.",Wagertech <> Jumpr: Weekly Sync,2026-09-23,Joyce Kiddell; Kobi Kunasekaran,00:54:29,https://docs.google.com/document/d/14qj2c7XQWrT1KJJhEV34u7rF5KBJU6xMUIPWNfyNDVk/edit,Joyce Kiddell: So um we basically need to bring these signups in manually. / Joyce Kiddell: Yeah. It's not going to come in through the agency website automation.,,"The spike's outcome (who can create, fields, duplicate prevention) was decided in meetings (manual VIP sign-ups by ops, restore New Signup button, one-player-per-email duplicate rule) and build stories WAGR-431..435 exist under WAGR-420. WAGR-405 is still Open, carried across sprints, and not linked to WAGR-420.",Link WAGR-405 to WAGR-420 and close it with a pointer to WAGR-431/432 (or state what scoping is still open). Suggestion only.
VAR-194,V6,Low,high,not in verification sample (Low),,Project Mgmt / Scope / Phase / Timeline,Referral payout placeholders still say Phase 2 / 'do not build' after the Sep 25 decision put referrer payout batching in launch scope,WAGR-359; WAGR-111,Open; Ready,Unassigned; Taryn Reithofer,ON HOLD: parked until Phase 2 scoping; no Phase 1 consumer.,Wagertech <> Jumpr: Referral and Payouts Discovery,2026-09-25,Joyce Kiddell; Emily Vandenberg,00:11:35,https://docs.google.com/document/d/1297TNkbv9TV2Gtwb8xsPXXRXjWqOHSzQdmnbXJgLrsw/edit,"Joyce Kiddell: directly but okay so for the purpose of what we need to build as part of this release um do we want to just focus on the refer payout batching process Emily? / Emily Vandenberg: I think so. And then yeah, just like the reporting to support like the yeah","2026-09-02 Wagertech Internal Sync: Taryn Reithofer: thing that I thought of this morning because I was grabbing screenshots of the um examples for um primary and secondary referrals rolling up to the highlights um in the referral page. / Taryn Reithofer: And obviously we know it only counts it's set up to only count when the sign / Kobi Kunasekaran: Yeah. Wait, are we doing the So this roll up, is it based on players or based on / Taryn Reithofer: Sign / Kobi Kunasekaran: signups? / Taryn Reithofer: up.","Sep 25 discovery set referrer payout batching (with a one-time secondary-referrer bonus at 10 eligible sign-ups, to be automated) as this release's build focus, and the secondary-referral roll-up is already built (WAGR-168). WAGR-359 still parks the secondary count and payout automation in Phase 2 with 'no Phase 1 consumer', and WAGR-111 says do not build the Pay Out Referrals action, while sitting in Ready.","Close or re-scope WAGR-359 and WAGR-111 into the referral payouts design ticket WAGR-465 (which already lists them as related) so no one builds from, or skips work because of, the old 'Phase 2 / do not build' text. Suggestion only."
VAR-195,V8,Low,medium,confirmed,"Quote exists (Sep 28 transcript lines 163-175); Emily asked if the Supported Markets roll-up is needed for Phase 1 if it is a big lift, and the meeting only set a conditional action (Taryn raises complexity, then ask Joyce). No later ledger item (through Sep 30) decides the phase. Jira does not record the phase question: WAGR-408 (Done Sep 29) is a picklist, and WAGR-64 still lists a Markets rollup in its stale description but its comments moved Markets to WAGR-408.",Project Mgmt / Scope / Phase / Timeline,Open question: is the Operator Supported Markets roll-up needed for Phase 1 / Nov 1,WAGR-408,Done,Taryn Reithofer,"Kobi corrected that on Sep 11: Markets (and Verticals) aren't rollups, they're multi-select picklist fields, and the field belongs on the Operator Details tab, not the header or Highlights Panel.",Emily / Taryn - Operator: Supported Markets,2026-09-28,Emily Vandenberg; Taryn Reithofer,00:09:06,https://docs.google.com/document/d/1LPqdzNsbAqi3fQ8FP5n5c9cfc7EyBHYuBc0TilXshGs/edit,"Emily Vandenberg: I don't we I don't think we scoped this as original um for the operator but if this is coming out of the like rollup I'm I'm like wondering if this is if the question is do we even need that roll up for phase Fun. / if if we want to take the time to make it more user friendly and have more substance, then I assume it would we could push it to the to the later phase. / if that's like a big lift then we probably should talk about if we need it for phase one.","2026-09-28 Emily / Taryn - Operator: Supported Markets: Emily Vandenberg: Supported markets as like a rollup, but then um there wasn't any place here, right, where she was like doing a selection. Yeah. / Emily Vandenberg: but it would still just be a roll up. / Taryn Reithofer: Yes. / Emily Vandenberg: Okay. So, yeah, there's nothing in here that shows like at the operator creation that you would be setting the market / Taryn Reithofer: Okay. Roll it from the deals. Okay, cool. I think that makes sense. I'll take that back to the team.","On Sep 28 Emily said Supported Markets should be a roll-up from deals and asked whether the roll-up is needed for Phase 1 if it is a big lift; no phase decision was made. Jira holds only WAGR-408, a picklist (explicitly 'not a rollup'), closed Done the next day under the Phase 2 Stories epic. No ticket holds the roll-up or the phase decision.",Suggestion only: confirm with Emily whether the roll-up is in the Nov 1 scope; record the answer and open a roll-up ticket (Phase 2 epic if deferred). The picklist-vs-roll-up difference itself belongs to the Operator & Partner area review.
VAR-196,V1,Low,medium,downgraded,"Quotes are verbatim and no Jira item tracks a final data model or ERD-deviation hand-off to Strahinja. But the 2026-06-23 commitment was soft (Kobi named user stories with API names as the sharing method and told Strahinja he can read the Salesforce object definitions himself; Emily planned an informal regroup). Later meetings show the model reaching Strahinja through the integration work: the API requirements doc (L0994, 07-15), the operator/partner ID sheet (L1902), the 'table information' (L2330, 08-31) and staging DB access. The gap is a missing tracking/close-out item, not a delivery risk. Low severity.",Other,No Jira item tracks the agreed hand-off of the final Salesforce data model and ERD deviations to WagerTech's data engineer (Strahinja),,,,,Wagertech <> Jumpr: Weekly Sync,2026-06-23,Kobi Kunasekaran; Strahinja Vladetic,00:26:54,https://docs.google.com/document/d/1idkBBrSaHwABogsxRl8pwwhqW6ZUBqZAKSG1x9ZqKnY/edit,"Kobi Kunasekaran: I think I'm okay like given that like this is like we don't need to necessarily follow the model that's here. I'm good with proceeding with the build on the Salforce side. Um, and we'll share what what the final data model looks like from there / Strahinja Vladetic: uh yeah, that should be okay. Ideally,","2026-06-23 Wagertech <> Jumpr: Weekly Sync: Strahinja Vladetic: So if anything if you guys know that there's a change coming um you guys can just point me to the diagram and I can make the updates. / Kobi Kunasekaran: Okay. Like next steps for for my end is to write up the user stories for like the objects that we need to create or update. || 2026-06-23 Wagertech <> Jumpr: Weekly Sync: Emily Vandenberg: I think you know Kobe you said like the ERD we don't need to go super deep on / Strahinja Vladetic: Uh yeah. Yeah, I don't think we need to go too deep into the er. We'll probably do that as as the as we get more stuff into Salesforce. || 2026-09-01 Wagertech <> Jumpr: Weekly Sync: Emily Vandenberg: need him, we can pull him in if there's anything you need. But after kind of getting the table information yesterday, he was good.","On 2026-06-23 Kobi said Jumpr would share the final data model, and Strahinja (with Joyce's support) asked to be told about deviations from his ERD as work proceeds. No Jira task, story or acceptance criterion tracks this hand-off, and WAGR-255 now calls the ERD 'out of date'.","Suggestion only: add one internal task (for example under WAGR-19 or the go-live checklist) to send Strahinja the final Salesforce object/field model and a short list of deviations from his ERD before go-live, as input for his Postgres operator-data joins (L0553). First confirm with Kobi whether the 2026-08-31 'table information' (L2330) already covers this."
VAR-006,V2,Medium,medium,rejected,"Superseded by a later client meeting: in the 2026-08-18 Weekly Sync (L1897/L1900/L1965) Kobi told WagerTech the SLC flow falls back to email matching when the ID is not available, Strahinja confirmed the CMS will de-duplicate into one person before sending, and Kobi agreed Salesforce adds no dedup logic. WAGR-5 (email fallback) and WAGR-40 (CMS owns dedup) match that later decision; the 2026-08-04 'flag for Ops' remark was a contingent worst-case idea, not a final rule.",Sign-Up,SLC without a player external ID: meeting said flag for Ops review; WAGR-5 build note falls back to email matching,WAGR-5; WAGR-40,Jumpr Review; Requirements,Marc Cabantog; Kobi Kunasekaran,"* If no match, fall back to **email & secondary email (current logic)**",Wagertech <> Jumpr: API Flow Testing,2026-08-04,Kobi Kunasekaran; Emily Vandenberg,00:19:00,https://docs.google.com/document/d/1j76J441kWyMC_5v1YGSyB293e2Ock2poqC_K-mZrab8/edit,"Kobi Kunasekaran: Okay. Yeah. Worst case, like if something comes in like if we get a SLC without a player ID, / Kobi Kunasekaran: I would just flag that for review by ops anyways. So, that's what we'll do. And then we can see if when we hook up actual like uh player data and then actual clicks coming in from your agency sites u for the one that we're going to test with. Uh we can see if if we get if we run into that scenario at all, but we'll make sure that there's some sort of uh way to capture those errors on our end. / Emily Vandenberg: Okay, that makes sense. Okay, so although polarity is coming through, we need to like also be sending it within the um survey payload completion and you're saving that off into the account record. Um,","2026-08-04 Wagertech <> Jumpr: API Flow Testing: Emily Vandenberg: But is that the right like shouldn't we always have a player ID? Like isn't like that where we need to be? So, you should never receive something without a player / Kobi Kunasekaran: because we now have a player external ID coming in from the system, maybe we don't necessarily need to do any of the email lookups to resolve it ourselves because it it would would be safe to assume that you're sending it. But that comes back to the whole dduplication. Does this mean that you're going to handle the dduplication on your end to make sure that like one email address or a player always maps to uh the same email and player information? / Emily Vandenberg: straw maybe we have to get back to you. I would like to say yes, but I don't know feasibility. / Strahinja Vladetic: It's something that we could do. So, we have access to the player base, right? / Strahinja Vladetic: Um, so yeah, we could do Yeah, it's something we could talk about. || 2026-08-04 Wagertech <> Jumpr: Weekly Sync: Emily Vandenberg: We need to resolve it on our end, but what we kind of lean towards is like we own player ID um and dduping and cleaning and making sure we're always passing one through from the CMS. Excuse me. || 2026-08-31 Kobi <> Cedrick: Weekly Planning - 2026/08/31 11:30 EDT - Notes by Gemini: Kobi Kunasekaran: ... Our SLC processing automation is going to either find a player that exists for that click based on email address or external ID. Um, if that player doesn't exist, then it's going to create a player record. And when it creates a player record, the status on the player record is set to pending um automatically.","On 2026-08-04 Kobi proposed dropping the email lookup and relying on the CMS external ID, and said an SLC without a player ID is flagged for Ops review (Emily agreed). The WAGR-5 comment of 2026-08-10 keeps email/secondary-email fallback when the external ID does not match, and WAGR-40 assumes the CMS owns de-duplication, which WagerTech said it still had to resolve.","Confirm with WagerTech who owns player ID and de-duplication, then record the final matching rule (external ID only vs email fallback, and handling of a blank player ID) on WAGR-5 and WAGR-40."
VAR-058,V2,Medium,medium,rejected,"Quotes are real, but in context the 08-27 fix for 'shouldn't default to Canadian' was the client sending player country ('I'll get that sorted'). The client fixed this on 09-23 (L2895), chose not to backfill old records, and on 09-28 WAGR-415 was confirmed as the tracker for that CMS fix, to be closed after a check (L3187/L3189). Jira already covers it.",Player,Player currency: client said currency must not default to CAD; Jira calls the CAD fallback for a blank country 'working as designed',WAGR-415; WAGR-415,Open; Open,Kobi Kunasekaran; Kobi Kunasekaran,"Our Player currency logic is working as designed: it correctly uses Country when provided, and only falls back to CAD when Country is absent. This was validated in the Sep 22 sync.",Emily / Kobi (client working session),2026-08-27,Kobi Kunasekaran; Emily Vandenberg,00:15:01,https://docs.google.com/document/d/1LL6tMq9tPMMnfKLg5AGRRz9ps6Tk6Yt6-3uqWMW3Cn0/edit,"Kobi Kunasekaran: So it's just it's just like a currency field for now. I just want to make sure there's there's some value and that it's not all default to / Emily Vandenberg: Yeah. Yeah. Okay. Yeah. / Kobi Kunasekaran: Canadian. / Emily Vandenberg: I think um we definitely shouldn't default to Canadian. So, you can assume based on the country that they sent up, I'll get that sorted.","2026-09-21 Wagertech Internal Sync: Taryn Reithofer: wager 404 and 413. Um, it was that message that I sent to you about the player record page and I was investigating if all players or why all players are defaulting to um CAD with the um signup currency, whether that was um something that I did wrong or if that was just like just the nature of the data that we had in Salesforce already. || 2026-09-21 Wagertech Internal Sync: Kobi Kunasekaran: So that one is blocking the um it's just blocking some of the feedback clarifications from the player page, right? / Taryn Reithofer: Mhm.","On 08-27 the client said player currency 'definitely shouldn't default to Canadian'. Jira (WAGR-415) calls the CAD fallback for a blank country correct by design and says Jumpr needs no fix. WAGR-415 also reports that about 96.5% of SLCs have no country, so most players get CAD.","Decide the blank-country behaviour with the client: leave the currency blank and flag the player for review, or accept CAD until the CMS sends a country. Record the decision on WAGR-415 and WAGR-404, and keep the CMS country fix tracked."
VAR-117,V2,Medium,medium,rejected,"A later client decision resolves this. WagerTech's written notes in the BA Build Walkthrough doc (dated 08/31, reviewed Sep 2026) say: 'BA Creation - Manual on both sides to start (refer to CMS to pull in the BA External Id)'. This replaces the 2026-08-18 CMS-sets-external-ID approach for now, and WAGR-390 already records it, citing that source. Also, Joyce's 'CMS create pushes rep to Salesforce' idea (L1934) was walked back in the same meeting. Only stale wording in the WAGR-183 description is left.",CMS Integration,"Rep/BA identity: 2026-08-18 decision has CMS push rep ID on rep creation; WAGR-390 says no automated CMS intake, manual on both sides",WAGR-390; WAGR-183; WAGR-183,Open; Jumpr Review; Jumpr Review,Kobi Kunasekaran; Taryn Reithofer; Taryn Reithofer,No automated intake or sync from the CMS into Salesforce for BA creation has been built or scoped — BAs are created manually today.,Wagertech <> Jumpr: Weekly Sync,2026-08-18,Joyce Kiddell; Strahinja Vladetic,00:32:24,https://docs.google.com/document/d/1SOoE_HqRKzBFtDRxNkR4kLvamf4T_r3bS_uem79bYi0/edit,"Joyce Kiddell: ...and just use that as the event that then pushes the rep information to Salesforce. / Strahinja Vladetic: Yeah, that makes sense. Whenever it's created on our side, we just push it to them.",2026-08-18 Wagertech <> Jumpr: Weekly Sync: Kobi Kunasekaran: ...so for reps like they need to be Salesforce users. So generally you would set like that would be part of like an admin task on Salesforce / Kobi Kunasekaran: ...it's so infrequent that it's probably best to leave it for an event to / Strahinja Vladetic: That makes sense.,"In the 2026-08-18 client sync, Joyce and Strahinja agreed that creating a rep in the CMS is the event that pushes rep information to Salesforce, and that the CMS sets the external ID by email match after the Salesforce user exists. WAGR-390 (Open, Kobi) says no CMS-to-Salesforce BA intake is built or scoped and the external ID is entered manually on both sides; WAGR-183 says the opposite (created upstream via CMS). No ticket exists for the agreed CMS push.","Suggestion only: confirm with WagerTech (Emily/Strahinja) whether the 2026-08-18 rep-creation push was replaced by the manual process in Emily's September written feedback. If the push stands, add a ticket for the Salesforce-side handling (match by email, set Rep/BA External ID, flag when no match); if not, record the reversal in WAGR-390 and correct WAGR-183."
VAR-139,V4,Low,medium,rejected,"Jira already covers it. WAGR-414 'Phase 1 Epic & review-queue cleanup' (In Progress, Taryn, Sprint 2) is a ticket to triage every Jumpr Review ticket. It says the Jumpr Review status is a migration artifact on many tickets and names the record-page tickets as quick closes. The 09-28 sync (Kobi) and the 09-23 sync (L2888) confirm the same planned cleanup.",Ops list views / Console UX,Operator / Partner record-page tickets stay in 'Jumpr Review' after the pages were handed over to the client on 09-01,WAGR-235; WAGR-202; WAGR-203,Jumpr Review; Jumpr Review; Jumpr Review,Taryn Reithofer; Taryn Reithofer; Taryn Reithofer,Built per spec: assembled the Operator Dynamic Lightning record page,Wagertech Internal Sync,2026-09-01,Kobi Kunasekaran; Taryn Reithofer,00:05:32,https://docs.google.com/document/d/1ZR6vkGVxwjeKaOC5zQRB0uToAaIEZAfCHP59_eGYruk/edit,"Kobi Kunasekaran: ... So in terms of record pages though, so we've handed over the uh operator, partner, and brand ambassador so far, right? / Taryn Reithofer: Yes.","2026-09-28 Wagertech Internal Sync: Kobi Kunasekaran: it's like one, let's wrap up everything for like the the pages that that we've already shipped and, uh, any feedback that they've given us, um, and, uh, share some of the completed work that we've already done that they can review if there's still anything that hasn't been shared over. / Kobi Kunasekaran: Um, and then work through the additional feedback items and uh any anything else like that's like build ready that uh you might be able to pick up as well.","The 09-01 sync confirms the Operator, Partner and Brand Ambassador record pages were handed over to the client. Per the project's status semantics, the matching tickets (for example WAGR-202, WAGR-203, WAGR-205, WAGR-234, WAGR-235, WAGR-236) should be in Client Review or later, but they are all still in 'Jumpr Review' (internal review). The last comment on WAGR-203 even says 'Not yet built'.","Move the handed-over page tickets to Client Review (or Done where client feedback is closed), and add a short status comment to WAGR-203/WAGR-205 to confirm what was built. Note that no WAGR issue is in 'Client Review' at all (137 are in Jumpr Review), so this is likely a project-wide status-usage gap for the Project Mgmt area to confirm."
VAR-166,V1,Low,low,rejected,"The ask was met and is ticketed. WAGR-319 'Discovery: ERD and Data Requirements' (a Meeting item, Done, Kobi) records the ERD walkthrough with WagerTech's data engineer. Later meetings (6/3, 6/17, 6/23) held the alignment sessions with Strahinja and agreed how the Salesforce model relates to his ERD (L0553, L0554, L0556, L0557).",Data Migration / Import,Agreed alignment sessions with WagerTech's new data architect (data mapping aligned to the Salesforce structure) have no ticket,,,,,Jumpr: Discovery (WagerTech end-user process walkthrough),2026-05-28,Joyce Kiddell; Waleed Alasadi,01:20:43,https://docs.google.com/document/d/153GXa2Bxzi2tRciqHschinynA20rOR89xr4fkYer7_o/edit,"If you can bake into that too, just like um like steps taken with our data architect like the the senior engineer that we just brought in. We want to make sure that whatever he's mapping um for eventually like being able to uh match our data with like the operators downstream. / We want to make sure it aligns with what you guys are planning for like structure within Salesforce. So there might be some sessions there where where you guys collaborate, but like I don't see it being in conflict at all. / Waleed Alasadi: Okay. Yeah, I know that makes sense. Um,","2026-05-28 Jumpr: Discovery (WagerTech end-user process walkthrough): Joyce Kiddell: Well, I'll say right now that pulling in operator data and joining that with our internal logging data is / like a whole other beast that we're like scoping outside of the initial Salesforce implementation. Um because I think there's a whole like cleaning process that needs to happen to match the data. So, um, it's good for you to know and I think we we can definitely dive deeper into it, but just for the sake of your proposal, / Joyce Kiddell: I wouldn't go too far down the operator data hole. / Waleed Alasadi: Okay. No, that's fair. That's a fair warning. Thank you. Okay. Um lastly then on the BA side are they like do they have their own sheets to understand how much of their cap have they","On 5/28 Joyce asked Jumpr to include steps with their new data architect, so that his data mapping aligns with the Salesforce structure, and Waleed agreed. No Jira item records these sessions or their outcome. WAGR-298 (Solution Design & Data Architecture) is Done and has no description.","Confirm with Joyce whether these sessions are still wanted (the downstream operator-data join is out of scope per WAGR-369), and whether the CMS sessions with Strahinja met the need. If not, add a small task under WAGR-19."
VAR-174,V1,Low,low,rejected,"Quote is real, but this is internal project admin, not a WAGR delivery gap. A later meeting shows the shared project folder exists: on 3 Sep 2026 (L2419) people already had access and Kobi was adding files to it. No ticket is needed. The variance's own suggested action ('confirm it exists and drop') is met.",Storage / Proofs,Project shared drive set-up (internal kickoff action) has no ticket,,,,,Wagertech Internal Kickoff,2026-06-11,Kobi Kunasekaran,00:51:37,https://docs.google.com/document/d/1VLSpzYsg65ncEtNqzm0T5PuAXzpSCysaRlYfhVCnRAU/edit,Kobi Kunasekaran: We'll do like a share drive together.,,"Kobi said the team would set up a shared drive together. No Jira item tracks it; WAGR-113's shared drive is the client's proof Shared Drive, not the project drive.","Probably no ticket needed (internal project admin). Confirm it exists and drop this item, or track it in the PM board."
VAR-020,V5,Low,medium,duplicate: folded into VAR-012,,Sign-Up,WAGR-429 says no decision was made and covers un-flag only; 2026-09-23 Kobi agreed an Ops fraud-review action for both confirm and dismiss,WAGR-429,Open,,Confirm approach before building — no final decision was made on the call.,Wagertech <> Jumpr: Weekly Sync,2026-09-23,Emily Vandenberg; Joyce Kiddell; Lina Ceniccola; Kobi Kunasekaran,00:41:43,https://docs.google.com/document/d/14qj2c7XQWrT1KJJhEV34u7rF5KBJU6xMUIPWNfyNDVk/edit,"Emily Vandenberg: versus just having a button that would be like the ability to kind of undo the the flag. / Joyce Kiddell: Yep. / Kobi Kunasekaran: Okay. I I guess it could be like uh we'll set it up for both process, right? Like even for confirmation or dismiss. / Kobi Kunasekaran: So like maybe like fraud review and then you can choose from the drop down what you want to go into. Um and then depending on that we can automate the rest.",,"The ticket scopes only reversing a fraud flag and says no approach was decided. In the meeting Kobi agreed to set up the Ops action for both confirm and dismiss, as a 'fraud review' choice that drives the automation.",Suggestion: add 'confirm' as well as 'dismiss/un-flag' to WAGR-429 scope and record the agreed 'fraud review' dropdown direction (still confirm build detail with Kobi).
VAR-046,V5,Low,medium,duplicate: folded into VAR-023,"Both transcript quotes exist (lines 521-542 of the 2026-09-18 Internal Sync); Kobi clearly says the 'assigned link' is the CMS-assigned affiliate link and is not possible under the current integration scope. WAGR-412 (created 11:21, after the 10:01 meeting, i.e. the ticket that meeting asked for) still reads it as a hyperlink to the underlying record, says 'if low lift, implement', and has 0 comments, so Kobi's reason was never recorded. No later meeting reverses this; 2026-09-29 (L3283) only defers DRA-to-link capture to Phase 2 DRA scoping (WAGR-444), which supports the suggested action.",Deal,WAGR-412 reads the client's 'assigned link' ask as a record hyperlink and plans to build it; Kobi said the assigned affiliate link cannot be shown with the current integration scope,WAGR-412,Open,Kobi Kunasekaran,Emily asked whether it would be easy / very low lift to surface a link (to the underlying record) directly in one of the related list table views on the Brand Ambassador record page.,Wagertech Internal Sync,2026-09-18,Taryn Reithofer; Kobi Kunasekaran,00:32:43,https://docs.google.com/document/d/12MuEGyIBzlK4HDr4NdwCCWIxbT6ozK3EtWdlP_E2T4Q/edit,"Taryn Reithofer: I think I delete that. / Kobi Kunasekaran: Oh yeah, if you want to do that and assign it to me like you can put it in to-do under my name in the sprint. I will respond to our comment and just follow up in the pick it too.",,"In the 2026-09-18 internal sync Kobi said the 'assigned link' Emily asked about is the affiliate link assigned in the CMS, and that it is not possible now because the scoped integration sends only deal-assignment data. Taryn was to create a ticket and Kobi was to reply with the reason. WAGR-412 (created that morning) interprets the ask as a hyperlink to the underlying record and says to implement it if low lift; it does not record Kobi's answer.","Correct WAGR-412: state that the ask is the CMS-assigned affiliate link, record Kobi's 'not possible with current integration scope' answer, and link it to WAGR-444 (Phase 2 DRA) as the place where it could be revisited. Confirm Kobi replied to Emily's doc comment."
VAR-032,V5,Low,high,duplicate: folded into VAR-026,"The 2026-09-23 decision is real and is not in WAGR-471 (0 comments; description still says the rule is not settled). But that decision covers only the region/prefix part of the Deal Name. WAGR-471 also asks how multi-state Deals are matched and what to do with picklist values that have no CMS equivalent, and the meeting did not settle those. So the ticket is partly stale, not wrong to be open, and 'close it' goes too far. The fix is to record the decision and narrow the ticket scope.",Deal,WAGR-471 says the multi-state Deal Name rule is not settled; WagerTech agreed the rule in the 2026-09-23 weekly sync,WAGR-471,Open,Kobi Kunasekaran,"The multi-state naming rule is not settled, and nobody answered Kobi's Sep 9 naming proposal.",Wagertech <> Jumpr: Weekly Sync,2026-09-23,Kobi Kunasekaran; Emily Vandenberg; Lina Ceniccola,01:15:02,https://docs.google.com/document/d/14qj2c7XQWrT1KJJhEV34u7rF5KBJU6xMUIPWNfyNDVk/edit,"Kobi Kunasekaran: do we want to keep it as multistate like that or um do we want to use like what we have uh in the V ID naming convention / Emily Vandenberg: so see the like region like the Canada, Ontario versus Alberta breakout and then US there's / Emily Vandenberg: going to be some but if not then you can kind we'll keep it as um multi. / Lina Ceniccola: I agree.","2026-09-23 Wagertech <> Jumpr: Weekly Sync: Kobi Kunasekaran: So, need to review the spreadsheet and make sure this is still accurate. But yeah, / Kobi Kunasekaran: I'll clean that up.","On 2026-09-23 Emily and Lina agreed to region-specific naming (province/state, or CA/US for countrywide) and to keep 'multi' only where there is no regional breakout. WAGR-471 (created 2026-09-25) still states nobody answered and the rule is open, and it blocks WAGR-97 (regenerate Deal Names before the first production send).","Record the 2026-09-23 decision on WAGR-471, close it, and update WAGR-97/WAGR-419 so the Deal Name regeneration can proceed. Confirm the market data clean-up Kobi took (Ontario changed to Alberta)."
VAR-057,V2,Low,medium,duplicate: folded into VAR-061,"The 08-25 acceptance of player ban reasons is real and the 09-03 Jira 'cut' rationale cites only 08-18. But Emily's 22 Sep written reply (WAGR-403 comment) says there is 'no need to bring back Ban Reason', so the client appears to accept no reason. What is left is housekeeping: the WAGR-154 description and AC1 still require a reason, and the client acceptance is second-hand.",Player,"Player ban reason: 08-25 client call accepted the mockup ban reasons; Jira says player ban reasons were cut, and WAGR-154 AC still requires a reason",WAGR-154; WAGR-154; WAGR-154; WAGR-156; WAGR-403,Jumpr Review; Jumpr Review; Jumpr Review; Jumpr Review; Cancelled,Taryn Reithofer; Taryn Reithofer; Taryn Reithofer; Taryn Reithofer; Taryn Reithofer,Ops bans a Player through a button that requires a reason and sets Status to Banned.,Wagertech <> Jumpr: Weekly Sync,2026-08-25,Kobi Kunasekaran; Lina Ceniccola; Emily Vandenberg,00:17:10,https://docs.google.com/document/d/1hV8dTZ4odPgdD1SD-Y9NBFAVepAHPv1FtJHd8T20igo/edit,Lina Ceniccola: I think it looks fine. / Kobi Kunasekaran: Okay. So if these are good like we can start with these again like we can always change them up later too. / Emily Vandenberg: Perfect.,"2026-08-18 Wagertech <> Jumpr: Weekly Sync: Kobi Kunasekaran: ...So, the band status on the player is going to be manually done by somebody. / Kobi Kunasekaran: ...Like we don't necessarily need to automate or restrict creation of the signup or anything based off of the player status at least at this point. / Emily Vandenberg: Yeah, I don't think so. And it would be it would almost be / Kobi Kunasekaran: So those fields uh are we saying like we don't need those like restriction detail fields for / Joyce Kiddell: correct. it. / Joyce Kiddell: We should have some sort of like banner at the top though. || 2026-09-15 Wagertech Internal Sync: Taryn Reithofer: Some of it's very easy like just removing a field or whatever and some of it needs more of a discussion like she had mentioned on the um player record page under ban and reactivate reactivate button automation. She she asked you to refresh your memory. Did we land on no reason code for the button B which is / Kobi Kunasekaran: I don't remember. People have to check on the calls. / Taryn Reithofer: from from my notes it was it was we landed on no reason and I have that in in the writing too. / Kobi Kunasekaran: way I like I think either either direction is fine with me. I just I just don't remember. || 2026-09-17 Wagertech Internal Sync: Kobi Kunasekaran: if I'm not mistaken, like we decided on the ban and one of the banned reasons was fraud. / Taryn Reithofer: So I think for for refer we kept the uh ban reasons / Taryn Reithofer: and that one's confirmed fraud there. But for player we decided to keep it simple and not have the reasons and it was just a simple ban. / Kobi Kunasekaran: you can check let's check this like outside like let me know loop back around on this. || 2026-09-17 Wagertech Internal Sync: Kobi Kunasekaran: I wouldn't rely on it being the checkbox. If it if they're gonna ban players, 99% they're gonna need to know like why the player was banned. So, either we would have like a screen flow to drive that behavior and capture the reason or it was supposed to be tied to the uh the ban button along with the reason that comes with the ban. Um, and we just need to confirm either or. || 2026-09-23 Wagertech Internal Sync: Taryn Reithofer: she kind of reverted on everything just saying, ""Okay, like we don't need this."" / Kobi Kunasekaran: Like so she said like we don't need the banner for fraud and she's good with not having one for the email because it's it should be a nonexistent case, right? / Taryn Reithofer: Yeah, non-issue.","On 08-25 the client accepted the mockup ban-reason list for the player, and on 09-01 Jumpr decided to build the player ban from those mockup values. On 09-03 Jira (WAGR-154/156 comments) recorded that player ban reasons were cut, based on the earlier 08-18 call about restriction-detail fields. The WAGR-154 description and AC1 still require a reason. The only later 'no reason' confirmation is second-hand, in a Jira comment about the fraud banner.","Get one explicit written client answer: does the player Ban button capture a reason (picklist) or not? Then make the WAGR-154 description and acceptance criteria match the answer, and record the answer on WAGR-156."
VAR-070,V3,Medium,medium,duplicate: folded into VAR-069,"The variance is real. The 09-28 quotes are verbatim, and Emily clearly asked for a Deal-driven roll-up that is not set at operator creation. WAGR-408 still specifies a manual picklist ('not a rollup'), and no follow-up ticket exists. Confidence drops to medium for two reasons. First, the Gemini notes label the roll-up 'Needs Further Discussion' (team feasibility is pending, and the Phase 1 need is still open with Joyce), so 'decided' overstates it. Second, Taryn closed WAGR-408 on 09-29, the day after the meeting, with only 'Done!' and no description change, so Jira does not show what was actually built. Check the org before reopening.",Operator & Partner,Supported Markets closed Done as a manual multi-select picklist; the 09-28 client meeting decided it is a roll-up from Deals,WAGR-408; WAGR-408; WAGR-408,Done; Done; Done,Taryn Reithofer; Taryn Reithofer; Taryn Reithofer,"Kobi corrected that on Sep 11: Markets (and Verticals) aren't rollups, they're multi-select picklist fields, and the field belongs on the Operator Details tab, not the header or Highlights Panel.",Emily / Taryn - Operator: Supported Markets,2026-09-28,Emily Vandenberg; Taryn Reithofer,00:12:18,https://docs.google.com/document/d/1LPqdzNsbAqi3fQ8FP5n5c9cfc7EyBHYuBc0TilXshGs/edit,"Emily Vandenberg: Supported markets as like a rollup, but then um there wasn't any place here, right, where she was like doing a selection. Yeah. / Emily Vandenberg: but it would still just be a roll up. / Taryn Reithofer: Yes. / Emily Vandenberg: Okay. So, yeah, there's nothing in here that shows like at the operator creation that you would be setting the market / Taryn Reithofer: Okay. Roll it from the deals. Okay, cool. I think that makes sense. I'll take that back to the team.","2026-09-28 Emily / Taryn - Operator: Supported Markets: Taryn Reithofer: Okay. Roll it from the deals. Okay, cool. I think that makes sense. I'll take that back to the team. / Emily Vandenberg: and if this becomes complicated just like please just raise and then we can ask Joyce the question around if it's needed for phase one || 2026-09-28 Emily / Taryn - Operator: Supported Markets: Emily Vandenberg: I don't we I don't think we scoped this as original um for the operator but if this is coming out of the like rollup I'm I'm like wondering if this is if the question is do we even need that roll up for phase Fun. / if if we want to take the time to make it more user friendly and have more substance, then I assume it would we could push it to the to the later phase. / if that's like a big lift then we probably should talk about if we need it for phase one. || 2026-09-28 Emily / Taryn - Operator: Supported Markets: I don't think they'll specifically train to go and like you know look for that information right there. || 2026-09-24 Wagertech Internal Sync: Taryn Reithofer: Why wouldn't this field autopop populate from the CMS information / Kobi Kunasekaran: there. This is an operator record page. This is not coming from the CLS. / Kobi Kunasekaran: Yeah. And it's going to be manual if the intention is for them to on the on the operator define what markets are supported for the operator. || 2026-09-28 Emily / Taryn - Operator: Supported Markets: Emily Vandenberg: I don't we I don't think we scoped this as original um for the operator but if this is coming out of the like rollup I'm I'm like wondering if this is if the question is do we even need that roll up for phase Fun. / if if we want to take the time to make it more user friendly and have more substance, then I assume it would we could push it to the to the later phase. / if that's like a big lift then we probably should talk about if we need it for phase one. || 2026-09-28 Emily / Taryn - Operator: Supported Markets: Emily Vandenberg: This would be have to have the ability to be created at onset and then evolve with through deal creation. / Emily Vandenberg: Right? So, you know, the example of like we bring Bet MGM on through ... but you wouldn't be necessarily going and updating it directly here like it'd be pulled in from your deal creation || 2026-09-28 Emily / Taryn - Operator: Supported Markets: Emily Vandenberg: I don't we I don't think we scoped this as original um for the operator but if this is coming out of the like rollup I'm I'm like wondering if this is if the question is do we even need that roll up for phase Fun. / if if we want to take the time to make it more user friendly and have more substance, then I assume it would we could push it to the to the later phase. / if that's like a big lift then we probably should talk about if we need it for phase one.","Jira WAGR-408 specifies and closes a manually maintained multi-select picklist ('not a rollup'). On 09-28 Emily confirmed Supported Markets is a roll-up from Deals and is not set at operator creation (this matches the 07-07 decision); Taryn took the roll-up back to the team, and no Jira ticket holds the roll-up or the open Phase 1 question for Joyce.","Reopen WAGR-408 or create a follow-up story for a Deal-driven Supported Markets roll-up (string/distinct roll-up, not DLRS count). If the build is complex, ask Joyce whether it is needed for Phase 1 (per L3215) and record the answer and Phase on the ticket. Also confirm why WAGR-408 sits under the Phase 2 epic WAGR-478 while it is Done in Sprint 1/3. Check whether Supported Verticals (WAGR-64 comment 2026-09-11: manual multi-picklist) has the same issue."
VAR-138,V4,Low,medium,duplicate: folded into VAR-136,,Ops list views / Console UX,WAGR-355 and WAGR-356 stay On Hold in Requirements although the country flag and fraud flag next to the player name are built in WAGR-227,WAGR-355; WAGR-356; WAGR-227,Requirements; Requirements; Jumpr Review,Unassigned; Unassigned; Kobi Kunasekaran,"ON HOLD (Kobi, 2026-07-29): parked as an idea",Wagertech <> Jumpr: Weekly Sync,2026-07-28,Waleed Alasadi; Emily Vandenberg; Lina Ceniccola; Kobi Kunasekaran,00:18:57,https://docs.google.com/document/d/1IRZzgP5B3QjwnTr22i8LH2sceGC_oIm41z0cpTw9YDk/edit,"Waleed Alasadi: but can we add the flag next to the name like E2E tester like Canada? / Emily Vandenberg: Yeah. / Kobi Kunasekaran: that's something we can do. Like next to like Jake Morrison, it will just be either the Canadian flag or the US flag.","2026-08-11 Wagertech (Kobi/Waleed internal, before client sync) - Transcript: Kobi Kunasekaran: And I think in terms of feedbacks too, last week we said my understanding was that they were going to take away the signup UI and come back with okay, this is the final set of changes we want. And then after I shared the running list of all of the open items and everything, Emily basically asked are the updates ready? I'm like what updates? you're supposed to get back to me with the changes. So I preemptively made some of the things that we discussed didn't finalize… / Kobi Kunasekaran: what we discussed about moving around the icons and stuff. But I think today maybe we just need to be clear from here it's up to you. You tell us what it is because the back and… / Waleed Alasadi: That's on the list view. / Kobi Kunasekaran: Remember last time we talked about the icons were being cluttered and everything. We talked about a few options and I thought we came out of it with playing around with it, trying a few things out and then getting back to us with yeah,… / Kobi Kunasekaran: but I think that was not clear. So I went out and made some changes and I shared the video for it. But I think today I want to say there's nothing else on our plate. If you want more changes, we need a list.","The 07-28 meeting agreed the country flag next to the player name and moving the fraud flag right of the name; on 08-11 Kobi said he made the icon changes and shared a video. WAGR-227 (Jumpr Review) holds the built Player_Display__c formula with the country flag and fraud flag, but WAGR-355 and WAGR-356 still say On Hold / Requirements.","Close WAGR-355 and the ""NOW"" part of WAGR-356 as delivered by WAGR-227; keep only the gated client-format items (proof circles, status text) open, or move them to a single follow-up. Suggestion only."
