key,type,summary,status,status_category,assignee,reporter,parent_epic,labels,components,fix_version,priority,sprint,phase,moscow,work_type,item_type,created,updated,comments,link
WAGR-1,Task,DECISION-03 — Define Fraud Flag impact on Player Status (carried from DECISION-02),Requirements,To Do,Kobi Kunasekaran,Kobi Kunasekaran,,,,,High,,1,Must Have,Decision,Decision,2026-07-29,2026-09-14,1,https://jumpr.atlassian.net/browse/WAGR-1
WAGR-2,Bug,Clear No Player Found if Player Successfully Created,Open,To Do,,Kobi Kunasekaran,,,,,,,,,,Bug,2026-08-24,2026-09-14,0,https://jumpr.atlassian.net/browse/WAGR-2
WAGR-3,Epic,Epic E — Study Link Click & Sign-Up Intake,In Progress,In Progress,,Kobi Kunasekaran,,,,,High,WAG Sprint 1; WAG Sprint 2,1,Must Have,Project Management,Epic,2026-06-15,2026-09-28,0,https://jumpr.atlassian.net/browse/WAGR-3
WAGR-4,Story,BUILD-05 — Sign-Up Payout Code generation + Past Due handling,Done,Done,,Kobi Kunasekaran,WAGR-3 Epic E — Study Link Click & Sign-Up Intake,,,,High,,1,Must Have,,Story,2026-07-04,2026-09-14,2,https://jumpr.atlassian.net/browse/WAGR-4
WAGR-5,Story,BUILD-04 — Build production Study Link Click resolution flow (all branches),Jumpr Review,In Progress,Marc Cabantog,Kobi Kunasekaran,WAGR-3 Epic E — Study Link Click & Sign-Up Intake,,,,High,WAG Sprint 1; WAG Sprint 2,1,Must Have,SF Config,Story,2026-07-04,2026-09-28,12,https://jumpr.atlassian.net/browse/WAGR-5
WAGR-6,Story,POC-09 — Create Study Link Click object and fields,Done,Done,,Kobi Kunasekaran,WAGR-3 Epic E — Study Link Click & Sign-Up Intake,,,,,S1,1,Must Have,,Story,2026-07-04,2026-09-14,0,https://jumpr.atlassian.net/browse/WAGR-6
WAGR-7,Story,POC-10 — Create Sign-Up object and fields,Done,Done,,Kobi Kunasekaran,WAGR-3 Epic E — Study Link Click & Sign-Up Intake,,,,,S1,1,Must Have,,Story,2026-07-04,2026-09-14,10,https://jumpr.atlassian.net/browse/WAGR-7
WAGR-8,Story,POC-12 — Build demo flow: Study Link Click to Player and Sign-Up (happy path),Done,Done,,Kobi Kunasekaran,WAGR-3 Epic E — Study Link Click & Sign-Up Intake,,,,,S1,1,Must Have,,Story,2026-07-04,2026-09-14,1,https://jumpr.atlassian.net/browse/WAGR-8
WAGR-9,Sub-task,"Create flow to populate Operator, Partner and Brand Manager",Done,Done,,Kobi Kunasekaran,WAGR-7 POC-10 — Create Sign-Up object and fields,,,,,,,,,,2026-07-06,2026-09-14,1,https://jumpr.atlassian.net/browse/WAGR-9
WAGR-10,Sub-task,Create a flow for setting Fraud_Review_Status__c to Suspected when Fraud_Flag__c is checked,Done,Done,,Kobi Kunasekaran,WAGR-7 POC-10 — Create Sign-Up object and fields,,,,,,,,,,2026-07-06,2026-09-14,0,https://jumpr.atlassian.net/browse/WAGR-10
WAGR-11,Epic,Epic C — Deals & Rep Assignment,In Progress,In Progress,,Kobi Kunasekaran,,,,,High,WAG Sprint 1; WAG Sprint 2,1,Must Have,Project Management,Epic,2026-06-15,2026-09-28,0,https://jumpr.atlassian.net/browse/WAGR-11
WAGR-12,Story,POC-07 — Create Deal-Rep Assignment object,Done,Done,,Kobi Kunasekaran,WAGR-11 Epic C — Deals & Rep Assignment,,,,,S1,1,Must Have,,Story,2026-07-04,2026-09-14,1,https://jumpr.atlassian.net/browse/WAGR-12
WAGR-13,Story,"BUILD-08 — Build duplicate prevention rules: Operator, Partner, Deal",Requirements,To Do,Kobi Kunasekaran,Kobi Kunasekaran,WAGR-11 Epic C — Deals & Rep Assignment,,,,Medium,WAG Sprint 1; WAG Sprint 2,1,Should Have,SF Config,Story,2026-07-04,2026-09-28,1,https://jumpr.atlassian.net/browse/WAGR-13
WAGR-14,Story,POC-06 — Create Deal object and commercial fields,Done,Done,,Kobi Kunasekaran,WAGR-11 Epic C — Deals & Rep Assignment,,,,,S1,1,Must Have,,Story,2026-07-04,2026-09-14,4,https://jumpr.atlassian.net/browse/WAGR-14
WAGR-15,Task,Milestone: Ready for UAT,Open,To Do,,Kobi Kunasekaran,,,,,Urgent,,1,Must Have,Project Management,Milestone,2026-06-17,2026-09-14,1,https://jumpr.atlassian.net/browse/WAGR-15
WAGR-16,Epic,Testing & UAT,Open,To Do,,Kobi Kunasekaran,,,,,High,,1,Must Have,Project Management,Epic,2026-06-15,2026-09-14,0,https://jumpr.atlassian.net/browse/WAGR-16
WAGR-17,Task,Milestone: UAT Sign-off,Open,To Do,,Kobi Kunasekaran,,,,,Urgent,,1,Must Have,Project Management,Milestone,2026-06-15,2026-09-14,1,https://jumpr.atlassian.net/browse/WAGR-17
WAGR-18,Epic,Deployment & Go Live Prep,Open,To Do,,Kobi Kunasekaran,,,,,High,,1,Must Have,Project Management,Epic,2026-06-15,2026-09-14,0,https://jumpr.atlassian.net/browse/WAGR-18
WAGR-19,Epic,Data Migration,Open,To Do,,Kobi Kunasekaran,,,,,High,,1,Must Have,Project Management,Epic,2026-06-15,2026-09-14,0,https://jumpr.atlassian.net/browse/WAGR-19
WAGR-20,Story,BUILD-07 — Produce production data migration plan and transform rules,Ready,To Do,,Kobi Kunasekaran,WAGR-19 Data Migration,,,,High,,1,Must Have,Data & Migration,Story,2026-07-04,2026-09-14,1,https://jumpr.atlassian.net/browse/WAGR-20
WAGR-21,Story,POC-11 — Load sample reference data (labeled SAMPLE),Done,Done,Kobi Kunasekaran,Kobi Kunasekaran,WAGR-19 Data Migration,,,,,S1,1,Must Have,,Story,2026-07-04,2026-09-14,0,https://jumpr.atlassian.net/browse/WAGR-21
WAGR-22,Epic,"Training, Enablement & Admin Handoff",Open,To Do,,Kobi Kunasekaran,,,,,Medium,,1,Should Have,Documentation & Spec,Epic,2026-06-15,2026-09-14,0,https://jumpr.atlassian.net/browse/WAGR-22
WAGR-23,Task,Milestone: Phase 1 Go-Live,Open,To Do,,Kobi Kunasekaran,,,,,Urgent,,1,Must Have,Project Management,Milestone,2026-06-15,2026-09-14,2,https://jumpr.atlassian.net/browse/WAGR-23
WAGR-24,Epic,Reporting & Dashboards,Open,To Do,,Kobi Kunasekaran,,,,,Medium,,1,Should Have,Project Management,Epic,2026-06-15,2026-09-14,0,https://jumpr.atlassian.net/browse/WAGR-24
WAGR-25,Story,POC-15 — Build starter dashboards: Book of Business and Sign-Up Pipeline,Done,Done,Kobi Kunasekaran,Kobi Kunasekaran,WAGR-24 Reporting & Dashboards,,,,,S1,1,Should Have,,Story,2026-07-04,2026-09-14,0,https://jumpr.atlassian.net/browse/WAGR-25
WAGR-26,Epic,Post Go Live Support,Open,To Do,,Kobi Kunasekaran,,,,,Medium,,1,Should Have,Project Management,Epic,2026-06-17,2026-09-14,0,https://jumpr.atlassian.net/browse/WAGR-26
WAGR-27,Epic,Epic D — Players & Referrers (Person Accounts),In Progress,In Progress,,Kobi Kunasekaran,,,,,High,WAG Sprint 1; WAG Sprint 2,1,Must Have,Project Management,Epic,2026-07-04,2026-09-28,0,https://jumpr.atlassian.net/browse/WAGR-27
WAGR-28,Story,"BUILD-03 — Build Player/Referrer matching, duplicate prevention, and cross-linking",Requirements,To Do,,Kobi Kunasekaran,WAGR-27 Epic D — Players & Referrers (Person Accounts),,,,High,,1,Must Have,SF Config,Story,2026-07-04,2026-09-14,1,https://jumpr.atlassian.net/browse/WAGR-28
WAGR-29,Story,POC-08 — Create Player and Referrer Person Account record types and fields,Done,Done,,Kobi Kunasekaran,WAGR-27 Epic D — Players & Referrers (Person Accounts),,,,,S1,1,Must Have,,Story,2026-07-04,2026-09-14,3,https://jumpr.atlassian.net/browse/WAGR-29
WAGR-30,Sub-task,Validation Rule for Player Status when Account Recordtype is Player,Jumpr Review,In Progress,Marc Cabantog,Kobi Kunasekaran,WAGR-29 POC-08 — Create Player and Referrer Person Account record types and fields,,,,,,,,,,2026-07-05,2026-09-14,1,https://jumpr.atlassian.net/browse/WAGR-30
WAGR-31,Epic,Epic H — Sign-Up Proofs & Storage,Open,To Do,,Kobi Kunasekaran,,,,,Medium,,2,Should Have,Project Management,Epic,2026-07-04,2026-09-14,0,https://jumpr.atlassian.net/browse/WAGR-31
WAGR-32,Story,"BUILD-06 — Build Sign-Up Proofs: Proof Files object, upload component, storage service",Done,Done,,Kobi Kunasekaran,WAGR-31 Epic H — Sign-Up Proofs & Storage,,,,High,,2,Must Have,,Story,2026-07-04,2026-09-14,2,https://jumpr.atlassian.net/browse/WAGR-32
WAGR-33,Epic,Epic A — Org Setup & Security,In Progress,In Progress,,Kobi Kunasekaran,,,,,High,WAG Sprint 1; WAG Sprint 2,1,Must Have,Project Management,Epic,2026-07-04,2026-09-28,0,https://jumpr.atlassian.net/browse/WAGR-33
WAGR-34,Story,BUILD-02 — Create integration user and connected app,Done,Done,,Kobi Kunasekaran,WAGR-33 Epic A — Org Setup & Security,,,,,,1,Must Have,,Story,2026-07-04,2026-09-14,2,https://jumpr.atlassian.net/browse/WAGR-34
WAGR-35,Story,POC-02 — Enable CAD/USD multi-currency,Done,Done,,Kobi Kunasekaran,WAGR-33 Epic A — Org Setup & Security,,,,,S1,1,Must Have,,Story,2026-07-04,2026-09-14,1,https://jumpr.atlassian.net/browse/WAGR-35
WAGR-36,Story,POC-01 — Set up Person Accounts,Done,Done,,Kobi Kunasekaran,WAGR-33 Epic A — Org Setup & Security,,,,,S1,1,Must Have,,Story,2026-07-04,2026-09-14,1,https://jumpr.atlassian.net/browse/WAGR-36
WAGR-37,Story,"BUILD-01 — Configure users, roles, sharing, and the 4-tier permission model",In Progress,In Progress,,Kobi Kunasekaran,WAGR-33 Epic A — Org Setup & Security,,,,High,WAG Sprint 1; WAG Sprint 2,1,Must Have,SF Config,Story,2026-07-04,2026-09-28,1,https://jumpr.atlassian.net/browse/WAGR-37
WAGR-38,Task,POC-25 — (Backlog) Improve Player Record Type Visibility,Open,To Do,,Kobi Kunasekaran,,,,,Low,,2,Nice to Have,SF Config,Task,2026-07-08,2026-09-14,1,https://jumpr.atlassian.net/browse/WAGR-38
WAGR-39,Epic,SF → CMS Integration: Deals & Affiliate Links (v2 webhook),Requirements,To Do,,Kobi Kunasekaran,,,,,High,,1,Should Have,Project Management,Epic,2026-07-29,2026-09-30,0,https://jumpr.atlassian.net/browse/WAGR-39
WAGR-40,Task,BUILD-230 — Player: Manage Duplicate Player,Requirements,To Do,Kobi Kunasekaran,Kobi Kunasekaran,,,,,Low,,2,Nice to Have,SF Development,Task,2026-08-24,2026-09-14,2,https://jumpr.atlassian.net/browse/WAGR-40
WAGR-41,Task,BUILD-271 — Operator: Create associated Contact inline during Operator creation,Requirements,To Do,Taryn Reithofer,Kobi Kunasekaran,,,,,Low,,1,,,Feedback,2026-09-08,2026-09-14,1,https://jumpr.atlassian.net/browse/WAGR-41
WAGR-42,Task,"BUILD-264 — Operator: Quick-Create link in Global Actions (""+"") menu",Requirements,To Do,Taryn Reithofer,Kobi Kunasekaran,,,,,Medium,,1,,,Task,2026-09-03,2026-09-21,2,https://jumpr.atlassian.net/browse/WAGR-42
WAGR-43,Task,BUILD-174 — Player: Attribution fields,Ready,To Do,Kobi Kunasekaran,Kobi Kunasekaran,,,,,High,,1,Must Have,SF Config,Task,2026-08-20,2026-09-14,2,https://jumpr.atlassian.net/browse/WAGR-43
WAGR-44,Story,BUILD-72 — Ops cost auto-calc fields (Deposit/Commission/Total Acquisition Cost),Open,To Do,,Kobi Kunasekaran,,,,,Medium,,1,Should Have,SF Config,Story,2026-07-29,2026-09-14,0,https://jumpr.atlassian.net/browse/WAGR-44
WAGR-45,Story,"BUILD-64 — Rep deal-visibility rework: DRA-only, no partner",Ready,To Do,Kobi Kunasekaran,Kobi Kunasekaran,,,,,High,,1,Must Have,SF Config,Story,2026-07-29,2026-09-14,1,https://jumpr.atlassian.net/browse/WAGR-45
WAGR-46,Story,BUILD-69 — Survey completion inbound API event → Player,Requirements,To Do,,Kobi Kunasekaran,,,,,Medium,,1,Should Have,Integration,Story,2026-07-29,2026-09-14,1,https://jumpr.atlassian.net/browse/WAGR-46
WAGR-47,Story,"BUILD-89 — Referrer creation experience (skip record-type prompt, defaults, required fields)",Ready,To Do,Kobi Kunasekaran,Kobi Kunasekaran,,,,,Medium,,1,Should Have,SF Config,Story,2026-07-30,2026-09-30,2,https://jumpr.atlassian.net/browse/WAGR-47
WAGR-48,Task,"BUILD-88 — SLC layout cleanup: API-staging tab, ERD labels, no rep access",Ready,To Do,Kobi Kunasekaran,Kobi Kunasekaran,,,,,Medium,,1,Should Have,SF Config,Task,2026-07-30,2026-09-14,1,https://jumpr.atlassian.net/browse/WAGR-48
WAGR-49,Story,Study Link Click — raw Link External ID intake,Requirements,To Do,,Kobi Kunasekaran,WAGR-39 SF → CMS Integration: Deals & Affiliate Links (v2 webhook),,,,High,,1,Must Have,SF Config,Story,2026-07-30,2026-09-29,0,https://jumpr.atlassian.net/browse/WAGR-49
WAGR-50,Story,Sign-Up — Affiliate Link attribution from SLC Link External ID,Requirements,To Do,,Kobi Kunasekaran,WAGR-39 SF → CMS Integration: Deals & Affiliate Links (v2 webhook),,,,High,,1,Must Have,SF Config,Story,2026-07-30,2026-09-29,0,https://jumpr.atlassian.net/browse/WAGR-50
WAGR-51,Task,BUILD-114 — Reps cannot create Sign-Up records (SLC automation is the only create path),Ready,To Do,,Kobi Kunasekaran,,,,,High,,1,Must Have,SF Config,Task,2026-08-05,2026-09-14,0,https://jumpr.atlassian.net/browse/WAGR-51
WAGR-52,Task,BUILD-112 — Search Layouts: key fields on Recently Viewed for all Console objects,Ready,To Do,,Kobi Kunasekaran,,,,,Medium,,1,Should Have,SF Config,Task,2026-08-05,2026-09-14,0,https://jumpr.atlassian.net/browse/WAGR-52
WAGR-53,Sub-task,Sign_Up__c — Search Layout key fields,Open,To Do,,Kobi Kunasekaran,WAGR-52 BUILD-112 — Search Layouts: key fields on Recently Viewed for all Console objects,,,,,,,,,,2026-08-05,2026-09-14,0,https://jumpr.atlassian.net/browse/WAGR-53
WAGR-54,Sub-task,Deal__c — Search Layout key fields,Open,To Do,,Kobi Kunasekaran,WAGR-52 BUILD-112 — Search Layouts: key fields on Recently Viewed for all Console objects,,,,,,,,,,2026-08-05,2026-09-14,0,https://jumpr.atlassian.net/browse/WAGR-54
WAGR-55,Sub-task,Account — Search Layout key fields (Player / Referrer / Operator / Partner RTs),Open,To Do,,Kobi Kunasekaran,WAGR-52 BUILD-112 — Search Layouts: key fields on Recently Viewed for all Console objects,,,,,,,,,,2026-08-05,2026-09-14,0,https://jumpr.atlassian.net/browse/WAGR-55
WAGR-56,Sub-task,Deal_Rep_Assignment__c — Search Layout key fields,Open,To Do,,Kobi Kunasekaran,WAGR-52 BUILD-112 — Search Layouts: key fields on Recently Viewed for all Console objects,,,,,,,,,,2026-08-05,2026-09-14,0,https://jumpr.atlassian.net/browse/WAGR-56
WAGR-57,Sub-task,Study_Link_Click__c — Search Layout key fields,Open,To Do,,Kobi Kunasekaran,WAGR-52 BUILD-112 — Search Layouts: key fields on Recently Viewed for all Console objects,,,,,,,,,,2026-08-05,2026-09-14,0,https://jumpr.atlassian.net/browse/WAGR-57
WAGR-58,Sub-task,Verify as a Rep user + Ops user in the sandbox,Open,To Do,,Kobi Kunasekaran,WAGR-52 BUILD-112 — Search Layouts: key fields on Recently Viewed for all Console objects,,,,,,,,,,2026-08-05,2026-09-14,0,https://jumpr.atlassian.net/browse/WAGR-58
WAGR-59,Task,BUILD-113 — Previous Status and Creation Source read-only for all users (automation still writes),Ready,To Do,,Kobi Kunasekaran,,,,,High,,1,Must Have,SF Config,Task,2026-08-05,2026-09-14,0,https://jumpr.atlassian.net/browse/WAGR-59
WAGR-60,Task,BUILD-111 — Reps cannot manage shared or public List Views,Ready,To Do,,Kobi Kunasekaran,,,,,High,,1,Must Have,SF Config,Task,2026-08-05,2026-09-14,0,https://jumpr.atlassian.net/browse/WAGR-60
WAGR-61,Task,BUILD-119 — Deal list view columns,Ready,To Do,Kobi Kunasekaran,Kobi Kunasekaran,,,,,Medium,,1,Must Have,SF Config,Task,2026-08-10,2026-09-14,0,https://jumpr.atlassian.net/browse/WAGR-61
WAGR-62,Task,"BUILD-120 — Deal record page layout rebuild (Ops view, per 2026-08-10 screenshots)",Ready,To Do,Kobi Kunasekaran,Kobi Kunasekaran,,,,,High,,1,Must Have,SF Config,Task,2026-08-10,2026-09-14,0,https://jumpr.atlassian.net/browse/WAGR-62
WAGR-63,Task,Allow Joyce/Lina/Emily's Profiles to search for User records,Done,Done,Taryn Reithofer,Kobi Kunasekaran,,,,,,WAG Sprint 1; WAG Sprint 2,1,,,Task,2026-08-11,2026-09-29,1,https://jumpr.atlassian.net/browse/WAGR-63
WAGR-64,Task,"BUILD-148 — Operator + Partner: DLRS rollups — Active Deals, Verticals, Markets, Operators count",Jumpr Review,In Progress,Taryn Reithofer,Kobi Kunasekaran,,,,,,WAG Sprint 1; WAG Sprint 2,1,Must Have,SF Development,Task,2026-08-17,2026-09-28,6,https://jumpr.atlassian.net/browse/WAGR-64
WAGR-65,Task,BUILD-145 — Operator + Partner: Logo image field + Logo URL,Ready,To Do,Kobi Kunasekaran,Kobi Kunasekaran,,,,,,,1,Should Have,SF Config,Task,2026-08-17,2026-09-14,0,https://jumpr.atlassian.net/browse/WAGR-65
WAGR-66,Task,"BUILD-144 — Contact: show related Operators and Partners, split by Account record type",Ready,To Do,Kobi Kunasekaran,Kobi Kunasekaran,,,,,,,1,Should Have,SF Config,Task,2026-08-17,2026-09-14,0,https://jumpr.atlassian.net/browse/WAGR-66
WAGR-67,Task,BUILD-147 — Operator + Partner: automate Status from active deal count,Ready,To Do,Kobi Kunasekaran,Kobi Kunasekaran,,,,,,,1,Must Have,SF Development,Task,2026-08-17,2026-09-14,0,https://jumpr.atlassian.net/browse/WAGR-67
WAGR-68,Task,BUILD-157 — Deal: enable field history tracking (the replacement for Deal Version),Ready,To Do,,Kobi Kunasekaran,WAGR-39 SF → CMS Integration: Deals & Affiliate Links (v2 webhook),,,,,,1,Must Have,SF Config,Task,2026-08-17,2026-09-29,0,https://jumpr.atlassian.net/browse/WAGR-68
WAGR-69,Task,"BUILD-172 — Bonus Model Design — PLACEHOLDER, design to be filled in by Kobi",Requirements,To Do,Kobi Kunasekaran,Kobi Kunasekaran,,,,,,,1,Must Have,Decision,Task,2026-08-17,2026-09-14,0,https://jumpr.atlassian.net/browse/WAGR-69
WAGR-70,Task,BUILD-182 — Player: Referrals Related List,Cancelled,Done,Taryn Reithofer,Kobi Kunasekaran,,,,,High,,1,Should Have,SF Config,Task,2026-08-20,2026-09-14,1,https://jumpr.atlassian.net/browse/WAGR-70
WAGR-71,Task,BUILD-179 — Player: BA Attribution Mismatch Flagging,Requirements,To Do,Kobi Kunasekaran,Kobi Kunasekaran,,,,,High,,1,Must Have,SF Development,Task,2026-08-20,2026-09-14,1,https://jumpr.atlassian.net/browse/WAGR-71
WAGR-72,Epic,BUILD-178 — Player: Player Status Automation,Jumpr Review,In Progress,Kobi Kunasekaran,Kobi Kunasekaran,,,,,High,,1,Must Have,SF Development,Task,2026-08-20,2026-09-29,2,https://jumpr.atlassian.net/browse/WAGR-72
WAGR-73,Task,BUILD-194 — Referrer: Dedup-on-Create (hard block),Ready,To Do,Kobi Kunasekaran,Kobi Kunasekaran,,,,,High,,1,Must Have,SF Development,Task,2026-08-20,2026-09-14,0,https://jumpr.atlassian.net/browse/WAGR-73
WAGR-74,Task,BUILD-193 — Referrer: Inactive Status Automation,Ready,To Do,Kobi Kunasekaran,Kobi Kunasekaran,,,,,High,,1,Must Have,SF Development,Task,2026-08-20,2026-09-14,0,https://jumpr.atlassian.net/browse/WAGR-74
WAGR-75,Task,Referrer: Report on Signups with Banned or Paused Referrer,Jumpr Review,In Progress,Taryn Reithofer,Kobi Kunasekaran,,,,,High,WAG Sprint 2,1,Must Have,SF Development,Task,2026-08-20,2026-10-01,9,https://jumpr.atlassian.net/browse/WAGR-75
WAGR-76,Task,BUILD-190 — Referrer: Duplicate Review Fields,Ready,To Do,Kobi Kunasekaran,Kobi Kunasekaran,,,,,High,,1,Should Have,SF Config,Task,2026-08-20,2026-09-14,0,https://jumpr.atlassian.net/browse/WAGR-76
WAGR-77,Task,BUILD-199 — Referrer: Secondary Referrals Related List,Jumpr Review,In Progress,Taryn Reithofer,Kobi Kunasekaran,,,,,High,WAG Sprint 1; WAG Sprint 2,1,Should Have,SF Config,Task,2026-08-20,2026-09-28,1,https://jumpr.atlassian.net/browse/WAGR-77
WAGR-78,Task,BUILD-204 — Brand Ambassador: Restriction Detail Fields,Cancelled,Done,Taryn Reithofer,Kobi Kunasekaran,,,,,High,,1,Must Have,SF Config,Task,2026-08-20,2026-09-14,3,https://jumpr.atlassian.net/browse/WAGR-78
WAGR-79,Task,BUILD-206 — Brand Ambassador: Termination Automation,Ready,To Do,Kobi Kunasekaran,Kobi Kunasekaran,,,,,High,,1,Must Have,SF Development,Task,2026-08-20,2026-09-14,0,https://jumpr.atlassian.net/browse/WAGR-79
WAGR-80,Task,BUILD-207 — Brand Ambassador: Status Change Logging,Ready,To Do,Kobi Kunasekaran,Kobi Kunasekaran,,,,,High,,1,Should Have,SF Development,Task,2026-08-20,2026-09-14,0,https://jumpr.atlassian.net/browse/WAGR-80
WAGR-81,Task,BUILD-208 — Brand Ambassador: Role & Status Change Log Related List,Ready,To Do,Kobi Kunasekaran,Kobi Kunasekaran,,,,,High,,1,Should Have,SF Config,Task,2026-08-20,2026-09-14,0,https://jumpr.atlassian.net/browse/WAGR-81
WAGR-82,Task,BUILD-220 — Affiliate Link: Link Core Fields,Done,Done,Taryn Reithofer,Kobi Kunasekaran,,,,,Normal,WAG Sprint 1; WAG Sprint 2,1,Must Have,SF Config,Task,2026-08-20,2026-09-29,4,https://jumpr.atlassian.net/browse/WAGR-82
WAGR-83,Task,BUILD-224 — Affiliate Link: Deal Rep Assignments Related List,Requirements,To Do,Taryn Reithofer,Kobi Kunasekaran,,,,,Normal,,1,Should Have,Integration,Task,2026-08-20,2026-09-24,3,https://jumpr.atlassian.net/browse/WAGR-83
WAGR-84,Task,BUILD-223 — Affiliate Link: Link Editing (Screen Flow),Done,Done,Cedrick Infantado,Kobi Kunasekaran,,,,,High,WAG Sprint 1; WAG Sprint 2,1,Must Have,SF Development,Task,2026-08-20,2026-09-29,3,https://jumpr.atlassian.net/browse/WAGR-84
WAGR-85,Task,BUILD-225 — Affiliate Link: Link History Related List,Jumpr Review,In Progress,Taryn Reithofer,Kobi Kunasekaran,,,,,High,WAG Sprint 1; WAG Sprint 2,1,Should Have,SF Config,Task,2026-08-20,2026-09-28,2,https://jumpr.atlassian.net/browse/WAGR-85
WAGR-86,Task,"BUILD-222 — Test Deal flag: checkbox on Deal, -TEST in Deal Name, TEST- prefix on External Deal ID",In Progress,In Progress,Kobi Kunasekaran,Kobi Kunasekaran,,,,,,WAG Sprint 1; WAG Sprint 2,1,Must Have,SF Config,Task,2026-08-20,2026-09-28,1,https://jumpr.atlassian.net/browse/WAGR-86
WAGR-87,Task,BUILD-224 — Operator / Partner duplicate cleanup: delete 19 superseded test Accounts,Done,Done,Kobi Kunasekaran,Kobi Kunasekaran,,,,,,WAG Sprint 1,1,Must Have,Data & Migration,Task,2026-08-20,2026-09-24,0,https://jumpr.atlassian.net/browse/WAGR-87
WAGR-88,Bug,BUILD-226 — Potential SLC bugs found during 2026-08-20 trace,Ready,To Do,Kobi Kunasekaran,Kobi Kunasekaran,,,,,,,1,Must Have,SF Development,Bug,2026-08-20,2026-09-14,0,https://jumpr.atlassian.net/browse/WAGR-88
WAGR-89,Task,BUILD-231 — Referrer: Primary/Secondary Referrals — Open Column Definitions,Jumpr Review,In Progress,Taryn Reithofer,Kobi Kunasekaran,,,,,Medium,WAG Sprint 1; WAG Sprint 2,1,Should Have,SF Config,Task,2026-08-24,2026-09-28,2,https://jumpr.atlassian.net/browse/WAGR-89
WAGR-90,Task,"BUILD-233 — Referrer: ""Log Referral"" Button — Confirm Behavior",Cancelled,Done,Taryn Reithofer,Kobi Kunasekaran,,,,,Medium,,1,Should Have,SF Development,Task,2026-08-24,2026-09-14,2,https://jumpr.atlassian.net/browse/WAGR-90
WAGR-91,Task,BUILD-236 — Brand Ambassador: Status Automation (via User Active Checkbox),Open,To Do,Kobi Kunasekaran,Kobi Kunasekaran,,,,,Medium,,1,Should Have,SF Development,Task,2026-08-25,2026-09-14,1,https://jumpr.atlassian.net/browse/WAGR-91
WAGR-92,Task,BUILD-240 — Player & Referrer: Require PersonEmail (Validation Rule),Jumpr Review,In Progress,Taryn Reithofer,Kobi Kunasekaran,,,,,High,WAG Sprint 1; WAG Sprint 2,1,Must Have,SF Config,Task,2026-08-27,2026-09-28,1,https://jumpr.atlassian.net/browse/WAGR-92
WAGR-93,Task,BUILD-249 — Deal: Require Source on record page (Dynamic Forms) + list view column,Ready,To Do,Taryn Reithofer,Kobi Kunasekaran,,,,,High,,1,Must Have,SF Config,Task,2026-08-31,2026-09-14,1,https://jumpr.atlassian.net/browse/WAGR-93
WAGR-94,Task,"BUILD-256 — Reps: read-only field access on Operator, Partner, Deal, Brand Ambassador, DRA, Affiliate Link (PLACEHOLDER — needs spec)",Ready,To Do,,Kobi Kunasekaran,,,,,High,,1,Must Have,SF Config,Task,2026-09-01,2026-09-14,0,https://jumpr.atlassian.net/browse/WAGR-94
WAGR-95,Task,"BUILD-258 — Deal Rep Assignment ""All Assignments"" list view: add key fields",Ready,To Do,,Kobi Kunasekaran,,,,,High,,1,Must Have,SF Config,Task,2026-09-01,2026-09-14,0,https://jumpr.atlassian.net/browse/WAGR-95
WAGR-96,Task,"BUILD-257 — Rep ""My Assignments"" view: assignments with Sign-Ups and key assignment/deal info",Ready,To Do,,Kobi Kunasekaran,,,,,High,,1,Must Have,SF Config,Task,2026-09-01,2026-09-14,0,https://jumpr.atlassian.net/browse/WAGR-96
WAGR-97,Task,BUILD-273 — Deal: Data cleanup + regenerate Deal Names and External Deal IDs,Ready,To Do,Kobi Kunasekaran,Kobi Kunasekaran,,,,,High,,1,Must Have,Data & Migration,Task,2026-09-08,2026-09-14,0,https://jumpr.atlassian.net/browse/WAGR-97
WAGR-98,Task,DECISION-07 — Deal versioning when commercial terms change,Requirements,To Do,Kobi Kunasekaran,Kobi Kunasekaran,,,,,High,,1,Must Have,Decision,Decision,2026-09-08,2026-09-30,1,https://jumpr.atlassian.net/browse/WAGR-98
WAGR-99,Story,BUILD-272 — Deal: Makeup dedupe key and duplicate block,Done,Done,Cedrick Infantado,Kobi Kunasekaran,,,,,High,WAG Sprint 1; WAG Sprint 2,1,Must Have,SF Config,Story,2026-09-08,2026-09-29,6,https://jumpr.atlassian.net/browse/WAGR-99
WAGR-100,Story,BUILD-274 — Account: Auto-generate Operator and Partner External IDs,Jumpr Review,In Progress,Cedrick Infantado,Kobi Kunasekaran,,,,,High,WAG Sprint 1; WAG Sprint 2,1,Must Have,SF Config,Story,2026-09-08,2026-09-28,1,https://jumpr.atlassian.net/browse/WAGR-100
WAGR-101,Task,BUILD-275 — Deal: Region_Code__c formula field (Country/State → CMS region code),Done,Done,Taryn Reithofer,Kobi Kunasekaran,,,,,,WAG Sprint 1; WAG Sprint 2,1,,SF Config,Task,2026-09-10,2026-09-29,2,https://jumpr.atlassian.net/browse/WAGR-101
WAGR-102,Task,BUILD-276 — Account + Affiliate Link: Test checkbox,Done,Done,Taryn Reithofer,Kobi Kunasekaran,,,,,High,WAG Sprint 1; WAG Sprint 2,1,Must Have,SF Config,Task,2026-09-10,2026-09-29,1,https://jumpr.atlassian.net/browse/WAGR-102
WAGR-103,Task,BUILD-279 — Deal Rep Assignment: Test checkbox,Jumpr Review,In Progress,Taryn Reithofer,Kobi Kunasekaran,,,,,High,WAG Sprint 1; WAG Sprint 2,1,Must Have,SF Config,Task,2026-09-10,2026-09-28,0,https://jumpr.atlassian.net/browse/WAGR-103
WAGR-104,Story,"BUILD-276 — Deal: External Deal ID version suffix — remove, replace, or keep",Requirements,To Do,Kobi Kunasekaran,Kobi Kunasekaran,,,,,High,,1,Must Have,SF Config,Story,2026-09-10,2026-09-14,0,https://jumpr.atlassian.net/browse/WAGR-104
WAGR-105,Task,BUILD-277 — Production Org: Salesforce security notification review + SaaScend user follow-up,Requirements,To Do,Kobi Kunasekaran,Kobi Kunasekaran,,,,,High,,1,Must Have,SF Config,Task,2026-09-11,2026-09-14,0,https://jumpr.atlassian.net/browse/WAGR-105
WAGR-106,Task,DECISION-08 — Deal: Commercial Terms fields to confirm for Sign-Up snapshot & lifecycle tracking,Jumpr Review,In Progress,Taryn Reithofer,Kobi Kunasekaran,,,,,High,WAG Sprint 1; WAG Sprint 2,1,Must Have,Decision,Decision,2026-09-11,2026-09-30,1,https://jumpr.atlassian.net/browse/WAGR-106
WAGR-107,Task,BUILD-214 — Deal: Redeposit Details,Ready,To Do,Taryn Reithofer,Kobi Kunasekaran,,,,,High,,1,Should Have,SF Config,Task,2026-08-20,2026-09-14,0,https://jumpr.atlassian.net/browse/WAGR-107
WAGR-108,Task,BUILD-181 — Player: Redeposits Related List,Open,To Do,Taryn Reithofer,Kobi Kunasekaran,,,,,High,,1,Should Have,SF Config,Task,2026-08-20,2026-09-14,0,https://jumpr.atlassian.net/browse/WAGR-108
WAGR-109,Task,BUILD-183 — Player: Payouts Related List,Open,To Do,Taryn Reithofer,Kobi Kunasekaran,,,,,High,,1,Should Have,SF Config,Task,2026-08-20,2026-09-14,0,https://jumpr.atlassian.net/browse/WAGR-109
WAGR-110,Task,BUILD-200 — Referrer: Payouts Related List,Requirements,To Do,Taryn Reithofer,Kobi Kunasekaran,,,,,High,,1,Should Have,SF Config,Task,2026-08-20,2026-09-14,0,https://jumpr.atlassian.net/browse/WAGR-110
WAGR-111,Task,BUILD-234 — Referrer: Payouts (Placeholder — Not Yet Scoped),Ready,To Do,Taryn Reithofer,Kobi Kunasekaran,,,,,Low,,1,Nice to Have,SF Development,Task,2026-08-24,2026-09-14,1,https://jumpr.atlassian.net/browse/WAGR-111
WAGR-112,Story,BUILD-93 — Google Drive proof storage: Proof of Concept (12h),Requirements,To Do,,Kobi Kunasekaran,,,,,Medium,,2,Must Have,Integration,Story,2026-07-30,2026-09-14,1,https://jumpr.atlassian.net/browse/WAGR-112
WAGR-113,Task,BUILD-94 — WagerTech Drive prerequisites tracker (C1-C8),Requirements,To Do,,Kobi Kunasekaran,,,,,Medium,,2,Must Have,Project Management,Task,2026-07-30,2026-09-14,0,https://jumpr.atlassian.net/browse/WAGR-113
WAGR-114,Story,BUILD-95 — Cloud_File__c generic file container (8h),Open,To Do,,Kobi Kunasekaran,,,,,Medium,,2,Should Have,SF Config,Story,2026-07-30,2026-09-14,1,https://jumpr.atlassian.net/browse/WAGR-114
WAGR-115,Task,No summary available,Open,To Do,,Kobi Kunasekaran,,,,,,,,,,,2026-08-10,2026-09-14,0,https://jumpr.atlassian.net/browse/WAGR-115
WAGR-116,Story,BUILD-83 — Deal sync status fields + Sync with CMS action,Cancelled,Done,,Kobi Kunasekaran,,,,,High,,1,Must Have,SF Development,Story,2026-07-30,2026-09-29,1,https://jumpr.atlassian.net/browse/WAGR-116
WAGR-117,Story,BUILD-80 — Assignment history captures link and period changes,Open,To Do,,Kobi Kunasekaran,WAGR-444 CMS → SF Integration: Deal Rep Assignments (later phase),,,,High,,1,Must Have,SF Config,Story,2026-07-30,2026-09-29,0,https://jumpr.atlassian.net/browse/WAGR-117
WAGR-118,Story,BUILD-79 — DRA External Id + rep resolution,Open,To Do,,Kobi Kunasekaran,WAGR-444 CMS → SF Integration: Deal Rep Assignments (later phase),,,,High,,1,Must Have,Integration,Story,2026-07-30,2026-09-29,0,https://jumpr.atlassian.net/browse/WAGR-118
WAGR-119,Story,BUILD-87 — Link changes trigger a deal re-sync,Cancelled,Done,,Kobi Kunasekaran,,,,,Medium,,1,Must Have,SF Development,Story,2026-07-30,2026-09-29,1,https://jumpr.atlassian.net/browse/WAGR-119
WAGR-120,Story,BUILD-84 — CMS sync monitoring reports,Cancelled,Done,,Kobi Kunasekaran,,,,,Medium,,1,Should Have,Reporting,Story,2026-07-30,2026-09-29,1,https://jumpr.atlassian.net/browse/WAGR-120
WAGR-121,Story,BUILD-86 — Publish readiness gating,Cancelled,Done,,Kobi Kunasekaran,,,,,High,,1,Must Have,SF Config,Story,2026-07-30,2026-09-29,1,https://jumpr.atlassian.net/browse/WAGR-121
WAGR-122,Story,BUILD-98 — Validation: one active Deal Rep Assignment per rep per deal,Open,To Do,,Kobi Kunasekaran,WAGR-444 CMS → SF Integration: Deal Rep Assignments (later phase),,,,High,,1,Must Have,SF Config,Story,2026-07-30,2026-09-29,1,https://jumpr.atlassian.net/browse/WAGR-122
WAGR-123,Task,BUILD-97 — Named Credential / Connected App for outbound SF→CMS,Cancelled,Done,,Kobi Kunasekaran,,,,,High,,1,Must Have,Integration,Task,2026-07-30,2026-09-29,1,https://jumpr.atlassian.net/browse/WAGR-123
WAGR-124,Task,BUILD-85 — Retire migration-only fields,Open,To Do,,Kobi Kunasekaran,WAGR-444 CMS → SF Integration: Deal Rep Assignments (later phase),,,,Low,,1,Should Have,Data & Migration,Task,2026-07-30,2026-09-29,0,https://jumpr.atlassian.net/browse/WAGR-124
WAGR-125,Task,BUILD-77 — Operator logo load plan (~60-70 operators at go-live),Requirements,To Do,Kobi Kunasekaran,Kobi Kunasekaran,,,,,Medium,,1,Should Have,Data & Migration,Task,2026-07-29,2026-09-14,0,https://jumpr.atlassian.net/browse/WAGR-125
WAGR-127,Story,BUILD-37 — Restrict Console list views to the logged-in user (pre-go-live),Open,To Do,,Kobi Kunasekaran,,,,,High,,1,Must Have,SF Config,Story,2026-07-28,2026-09-14,0,https://jumpr.atlassian.net/browse/WAGR-127
WAGR-130,Task,BUILD-158 — Deal: Deposit Range (min/max) + Avg Deposit Target,In Progress,In Progress,,Kobi Kunasekaran,,,,,,WAG Sprint 1; WAG Sprint 2,1,Must Have,SF Config,Task,2026-08-11,2026-09-28,0,https://jumpr.atlassian.net/browse/WAGR-130
WAGR-131,Task,BUILD-280 — CMS Integration: Salesforce-side configuration review,Jumpr Review,In Progress,Cedrick Infantado,Kobi Kunasekaran,,,,,High,WAG Sprint 1; WAG Sprint 2,1,Must Have,Documentation & Spec,Task,2026-09-10,2026-09-28,1,https://jumpr.atlassian.net/browse/WAGR-131
WAGR-132,Task,BUILD-222 — Affiliate Link: Additional Details,Jumpr Review,In Progress,Taryn Reithofer,Kobi Kunasekaran,,,,,High,WAG Sprint 1; WAG Sprint 2,1,Should Have,SF Config,Task,2026-08-20,2026-09-28,0,https://jumpr.atlassian.net/browse/WAGR-132
WAGR-133,Task,BUILD-221 — Affiliate Link: Deal Context Fields,Jumpr Review,In Progress,Taryn Reithofer,Kobi Kunasekaran,,,,,High,WAG Sprint 1; WAG Sprint 2,1,Should Have,SF Config,Task,2026-08-20,2026-09-28,0,https://jumpr.atlassian.net/browse/WAGR-133
WAGR-134,Task,"BUILD-272 — Operator: Header roll-ups — Associated Partners, Associated Sources",Jumpr Review,In Progress,Taryn Reithofer,Kobi Kunasekaran,,,,,Medium,WAG Sprint 1; WAG Sprint 2,1,,,Feedback,2026-09-10,2026-09-28,2,https://jumpr.atlassian.net/browse/WAGR-134
WAGR-135,Task,BUILD-278 — Study Link Click: Test checkbox,Jumpr Review,In Progress,Cedrick Infantado,Kobi Kunasekaran,,,,,High,WAG Sprint 1; WAG Sprint 2,1,Must Have,SF Config,Task,2026-09-10,2026-09-28,1,https://jumpr.atlassian.net/browse/WAGR-135
WAGR-136,Task,BUILD-277 — Sign-Up: Test checkbox,Jumpr Review,In Progress,Cedrick Infantado,Kobi Kunasekaran,,,,,High,WAG Sprint 1; WAG Sprint 2,1,Must Have,SF Config,Task,2026-09-10,2026-09-28,1,https://jumpr.atlassian.net/browse/WAGR-136
WAGR-137,Task,BUILD-254 — Player Status: Scheduled Active → Inactive at 90 Days,Jumpr Review,In Progress,Cedrick Infantado,Kobi Kunasekaran,WAGR-72 BUILD-178 — Player: Player Status Automation,,,,High,WAG Sprint 1; WAG Sprint 2,1,Must Have,SF Config,Task,2026-08-31,2026-09-29,1,https://jumpr.atlassian.net/browse/WAGR-137
WAGR-138,Task,BUILD-265 — Partners: Header roll-ups — Associated Operators & Sources,Jumpr Review,In Progress,Taryn Reithofer,Kobi Kunasekaran,,,,,Medium,WAG Sprint 1; WAG Sprint 2,1,,,Feedback,2026-09-08,2026-09-28,2,https://jumpr.atlassian.net/browse/WAGR-138
WAGR-139,Task,BUILD-247 — Deal: Include Source code in External Deal ID generation,Jumpr Review,In Progress,Kobi Kunasekaran,Kobi Kunasekaran,,,,,High,WAG Sprint 1; WAG Sprint 2,1,Must Have,SF Config,Task,2026-08-31,2026-09-28,1,https://jumpr.atlassian.net/browse/WAGR-139
WAGR-140,Task,BUILD-253 — Player Status: Activate Player + Sign-Up Stamps on Completed Sign-Up,Jumpr Review,In Progress,Cedrick Infantado,Kobi Kunasekaran,WAGR-72 BUILD-178 — Player: Player Status Automation,,,,High,WAG Sprint 1; WAG Sprint 2,1,Must Have,SF Config,Task,2026-08-31,2026-09-29,2,https://jumpr.atlassian.net/browse/WAGR-140
WAGR-141,Task,BUILD-252 — Player Status: Last Activity Date Engine (Subflow),Jumpr Review,In Progress,Cedrick Infantado,Kobi Kunasekaran,WAGR-72 BUILD-178 — Player: Player Status Automation,,,,High,WAG Sprint 1; WAG Sprint 2,1,Must Have,SF Config,Task,2026-08-31,2026-09-29,1,https://jumpr.atlassian.net/browse/WAGR-141
WAGR-142,Task,BUILD-269 — Partner: Surface mandatory fields as first inputs on new Partner creation,Jumpr Review,In Progress,Taryn Reithofer,Kobi Kunasekaran,,,,,Medium,WAG Sprint 1; WAG Sprint 2,1,,,Feedback,2026-09-08,2026-09-28,3,https://jumpr.atlassian.net/browse/WAGR-142
WAGR-143,Task,BUILD-267 — Partner: Add Name input field to new Partner creation,Jumpr Review,In Progress,Taryn Reithofer,Kobi Kunasekaran,,,,,Low,WAG Sprint 1; WAG Sprint 2,1,,,Feedback,2026-09-08,2026-09-28,2,https://jumpr.atlassian.net/browse/WAGR-143
WAGR-144,Task,BUILD-270 — Operator: Add Name input field to new Operator creation,Jumpr Review,In Progress,Taryn Reithofer,Kobi Kunasekaran,,,,,Medium,WAG Sprint 1; WAG Sprint 2,1,,,Feedback,2026-09-08,2026-09-28,1,https://jumpr.atlassian.net/browse/WAGR-144
WAGR-145,Task,BUILD-268 — Partner: Add Source column to Deal Rollup Table,Jumpr Review,In Progress,Taryn Reithofer,Kobi Kunasekaran,,,,,Medium,WAG Sprint 1; WAG Sprint 2,1,,,Feedback,2026-09-08,2026-09-28,0,https://jumpr.atlassian.net/browse/WAGR-145
WAGR-146,Task,BUILD-266 — Partner: Remove Direct and Strategic from Partner Type picklist,Jumpr Review,In Progress,Taryn Reithofer,Kobi Kunasekaran,,,,,Low,WAG Sprint 1; WAG Sprint 2,1,,,Feedback,2026-09-08,2026-09-28,0,https://jumpr.atlassian.net/browse/WAGR-146
WAGR-147,Task,BUILD-248 — Deal: Append Source code to Deal Name automation,Jumpr Review,In Progress,Kobi Kunasekaran,Kobi Kunasekaran,,,,,High,WAG Sprint 1; WAG Sprint 2,1,Must Have,SF Config,Task,2026-08-31,2026-09-28,2,https://jumpr.atlassian.net/browse/WAGR-147
WAGR-148,Task,BUILD-251 — Player Status: Centralized Status Audit Stamp,Jumpr Review,In Progress,Cedrick Infantado,Kobi Kunasekaran,WAGR-72 BUILD-178 — Player: Player Status Automation,,,,High,WAG Sprint 1; WAG Sprint 2,1,Must Have,SF Config,Task,2026-08-31,2026-09-29,1,https://jumpr.atlassian.net/browse/WAGR-148
WAGR-149,Task,BUILD-250 — Player Status: Sign-Up Completion Date Stamp,Jumpr Review,In Progress,Cedrick Infantado,Kobi Kunasekaran,WAGR-72 BUILD-178 — Player: Player Status Automation,,,,High,WAG Sprint 1; WAG Sprint 2,1,Must Have,SF Config,Task,2026-08-31,2026-09-29,1,https://jumpr.atlassian.net/browse/WAGR-149
WAGR-150,Task,BUILD-262 — Operator: Add SOURCE to Deal Rollup Table,Jumpr Review,In Progress,Taryn Reithofer,Kobi Kunasekaran,,,,,Low,WAG Sprint 1; WAG Sprint 2,1,,,Feedback,2026-09-03,2026-09-28,0,https://jumpr.atlassian.net/browse/WAGR-150
WAGR-151,Task,BUILD-263 — Operator: Remove Sign-Ups table from object,Jumpr Review,In Progress,Taryn Reithofer,Kobi Kunasekaran,,,,,Low,WAG Sprint 1; WAG Sprint 2,1,,,Feedback,2026-09-03,2026-09-28,0,https://jumpr.atlassian.net/browse/WAGR-151
WAGR-152,Task,BUILD-261 — Operator: Remove Brand Family from Additional Information section,Jumpr Review,In Progress,Taryn Reithofer,Kobi Kunasekaran,,,,,Low,WAG Sprint 1; WAG Sprint 2,1,,,Feedback,2026-09-03,2026-09-28,0,https://jumpr.atlassian.net/browse/WAGR-152
WAGR-153,Task,BUILD-260 — Operator: Remove Currency field,Jumpr Review,In Progress,Taryn Reithofer,Kobi Kunasekaran,,,,,Low,WAG Sprint 1; WAG Sprint 2,1,,,Feedback,2026-09-03,2026-09-28,0,https://jumpr.atlassian.net/browse/WAGR-153
WAGR-154,Task,BUILD-255 — Player Status: Ban Button + Unban Restriction,Jumpr Review,In Progress,Taryn Reithofer,Kobi Kunasekaran,WAGR-72 BUILD-178 — Player: Player Status Automation,,,,High,WAG Sprint 1; WAG Sprint 2,1,Must Have,SF Config,Task,2026-08-31,2026-09-28,2,https://jumpr.atlassian.net/browse/WAGR-154
WAGR-155,Task,BUILD-243 — Sign-Up: Advance to In Progress only when a field is edited in Log Sign Up,Jumpr Review,In Progress,Cedrick Infantado,Kobi Kunasekaran,,,,,,WAG Sprint 1; WAG Sprint 2,1,Must Have,SF Config,Task,2026-08-31,2026-09-28,1,https://jumpr.atlassian.net/browse/WAGR-155
WAGR-156,Task,BUILD-176 — Player: Ban Automation,Jumpr Review,In Progress,Taryn Reithofer,Kobi Kunasekaran,,,,,High,WAG Sprint 1; WAG Sprint 2,1,Must Have,SF Development,Task,2026-08-20,2026-09-28,2,https://jumpr.atlassian.net/browse/WAGR-156
WAGR-157,Task,BUILD-196 — Referrer: Ban Automation,Jumpr Review,In Progress,Taryn Reithofer,Kobi Kunasekaran,,,,,High,WAG Sprint 1; WAG Sprint 2,1,Should Have,SF Development,Task,2026-08-20,2026-09-28,5,https://jumpr.atlassian.net/browse/WAGR-157
WAGR-158,Task,BUILD-259 — Referrer: Reactivate Button (Clear Ban/Pause),Jumpr Review,In Progress,Taryn Reithofer,Kobi Kunasekaran,,,,,Medium,WAG Sprint 1; WAG Sprint 2,1,,,Task,2026-09-02,2026-09-28,1,https://jumpr.atlassian.net/browse/WAGR-158
WAGR-159,Task,BUILD-197 — Referrer: Pause Automation,Jumpr Review,In Progress,Taryn Reithofer,Kobi Kunasekaran,,,,,High,WAG Sprint 1; WAG Sprint 2,1,Must Have,SF Development,Task,2026-08-20,2026-09-28,2,https://jumpr.atlassian.net/browse/WAGR-159
WAGR-160,Task,BUILD-173 — Player: Core Details fields,Jumpr Review,In Progress,Taryn Reithofer,Kobi Kunasekaran,,,,,High,WAG Sprint 1; WAG Sprint 2,1,Must Have,SF Config,Task,2026-08-20,2026-09-28,3,https://jumpr.atlassian.net/browse/WAGR-160
WAGR-161,Task,BUILD-198 — Referrer: Primary Referrals Related List,Jumpr Review,In Progress,Taryn Reithofer,Kobi Kunasekaran,,,,,High,WAG Sprint 1; WAG Sprint 2,1,Should Have,SF Config,Task,2026-08-20,2026-09-28,3,https://jumpr.atlassian.net/browse/WAGR-161
WAGR-162,Task,BUILD-244 — Sign-Up: Rearrange Referral Information section layout,Jumpr Review,In Progress,Cedrick Infantado,Kobi Kunasekaran,,,,,,WAG Sprint 1; WAG Sprint 2,1,Should Have,SF Config,Task,2026-08-31,2026-09-28,1,https://jumpr.atlassian.net/browse/WAGR-162
WAGR-163,Task,BUILD-241 — Sign-Up & Player: Use Email as the single email field (retire E-Transfer Email display),Jumpr Review,In Progress,Taryn Reithofer,Kobi Kunasekaran,,,,,,WAG Sprint 1; WAG Sprint 2,1,Must Have,SF Config,Task,2026-08-31,2026-09-28,2,https://jumpr.atlassian.net/browse/WAGR-163
WAGR-164,Task,BUILD-242 — Sign-Up: Add First Wager Date to the Log Sign Up popup,Jumpr Review,In Progress,Cedrick Infantado,Kobi Kunasekaran,,,,,,WAG Sprint 1; WAG Sprint 2,1,Must Have,SF Config,Task,2026-08-31,2026-09-28,1,https://jumpr.atlassian.net/browse/WAGR-164
WAGR-165,Task,BUILD-245 — Sign-Up: Enable fraud flagging at New status,Done,Done,Taryn Reithofer,Kobi Kunasekaran,,,,,,WAG Sprint 1,1,Must Have,SF Config,Task,2026-08-31,2026-09-24,2,https://jumpr.atlassian.net/browse/WAGR-165
WAGR-166,Task,BUILD-210 — Brand Ambassador: Players Related List,Cancelled,Done,Taryn Reithofer,Kobi Kunasekaran,,,,,High,WAG Sprint 1; WAG Sprint 2,1,Should Have,SF Config,Task,2026-08-20,2026-09-28,5,https://jumpr.atlassian.net/browse/WAGR-166
WAGR-167,Task,BUILD-246 — Deal: Source_Code__c formula field (Source → shortcode),Jumpr Review,In Progress,Kobi Kunasekaran,Kobi Kunasekaran,,,,,High,WAG Sprint 1; WAG Sprint 2,1,Must Have,SF Config,Task,2026-08-31,2026-09-28,1,https://jumpr.atlassian.net/browse/WAGR-167
WAGR-168,Task,BUILD-238 — Referrer: Primary/Secondary Referrals Roll-Up Automation,Jumpr Review,In Progress,Taryn Reithofer,Kobi Kunasekaran,,,,,Medium,WAG Sprint 1; WAG Sprint 2,1,Must Have,SF Development,Task,2026-08-26,2026-09-28,3,https://jumpr.atlassian.net/browse/WAGR-168
WAGR-169,Task,BUILD-216 — Deal: Link Object + Assignment Fields (toggle),Jumpr Review,In Progress,Taryn Reithofer,Kobi Kunasekaran,,,,,High,WAG Sprint 1; WAG Sprint 2,1,Must Have,SF Config,Task,2026-08-20,2026-09-28,1,https://jumpr.atlassian.net/browse/WAGR-169
WAGR-170,Task,BUILD-218 — Deal: Links Related List,Jumpr Review,In Progress,Taryn Reithofer,Kobi Kunasekaran,,,,,High,WAG Sprint 1; WAG Sprint 2,1,Must Have,SF Config,Task,2026-08-20,2026-09-28,2,https://jumpr.atlassian.net/browse/WAGR-170
WAGR-171,Task,BUILD-239 — Referrer: Inactive Status Banner,Jumpr Review,In Progress,Taryn Reithofer,Kobi Kunasekaran,,,,,High,WAG Sprint 1; WAG Sprint 2,1,,,Task,2026-08-27,2026-09-28,0,https://jumpr.atlassian.net/browse/WAGR-171
WAGR-172,Task,BUILD-215 — Deal: Additional Details,Jumpr Review,In Progress,Taryn Reithofer,Kobi Kunasekaran,,,,,High,WAG Sprint 1; WAG Sprint 2,1,Should Have,SF Config,Task,2026-08-20,2026-09-28,1,https://jumpr.atlassian.net/browse/WAGR-172
WAGR-173,Task,BUILD-213 — Deal: Commercial Terms,Jumpr Review,In Progress,Taryn Reithofer,Kobi Kunasekaran,,,,,High,WAG Sprint 1; WAG Sprint 2,1,Must Have,SF Config,Task,2026-08-20,2026-09-30,3,https://jumpr.atlassian.net/browse/WAGR-173
WAGR-174,Task,BUILD-219 — Deal: Deal Rep Assignments Related List,Jumpr Review,In Progress,Taryn Reithofer,Kobi Kunasekaran,,,,,High,WAG Sprint 1; WAG Sprint 2,1,Should Have,Integration,Task,2026-08-20,2026-09-28,1,https://jumpr.atlassian.net/browse/WAGR-174
WAGR-175,Task,BUILD-212 — Deal: Object + Core Details,Done,Done,Taryn Reithofer,Kobi Kunasekaran,,,,,High,WAG Sprint 1; WAG Sprint 2,1,Must Have,SF Config,Task,2026-08-20,2026-09-29,3,https://jumpr.atlassian.net/browse/WAGR-175
WAGR-176,Task,BUILD-202 — Brand Ambassador: Object + Core Status,Jumpr Review,In Progress,Taryn Reithofer,Kobi Kunasekaran,,,,,High,WAG Sprint 1; WAG Sprint 2,1,Must Have,SF Config,Task,2026-08-20,2026-09-28,1,https://jumpr.atlassian.net/browse/WAGR-176
WAGR-177,Task,BUILD-232 — Referrer: Ban Button — Confirm Reason/Notes Capture,Jumpr Review,In Progress,Taryn Reithofer,Kobi Kunasekaran,,,,,Medium,WAG Sprint 1; WAG Sprint 2,1,Should Have,SF Development,Task,2026-08-24,2026-09-28,3,https://jumpr.atlassian.net/browse/WAGR-177
WAGR-178,Task,BUILD-235 — Referrer: Pause Button — Confirm Reason Capture,Jumpr Review,In Progress,Taryn Reithofer,Kobi Kunasekaran,,,,,Medium,WAG Sprint 1; WAG Sprint 2,1,Should Have,SF Development,Task,2026-08-24,2026-09-28,4,https://jumpr.atlassian.net/browse/WAGR-178
WAGR-179,Task,BUILD-237 — Deal Rep Assignment: Deal Cross-Reference Formula Fields,Jumpr Review,In Progress,Taryn Reithofer,Kobi Kunasekaran,,,,,Medium,WAG Sprint 1; WAG Sprint 2,1,Should Have,SF Config,Task,2026-08-25,2026-09-28,1,https://jumpr.atlassian.net/browse/WAGR-179
WAGR-180,Task,BUILD-209 — Brand Ambassador: Assigned Deals Related List,Jumpr Review,In Progress,Taryn Reithofer,Kobi Kunasekaran,,,,,High,WAG Sprint 1; WAG Sprint 2,1,Should Have,SF Config,Task,2026-08-20,2026-09-28,1,https://jumpr.atlassian.net/browse/WAGR-180
WAGR-181,Task,BUILD-211 — Brand Ambassador: Activity Feed,Jumpr Review,In Progress,Taryn Reithofer,Kobi Kunasekaran,,,,,High,WAG Sprint 1; WAG Sprint 2,1,Should Have,SF Config,Task,2026-08-20,2026-09-28,1,https://jumpr.atlassian.net/browse/WAGR-181
WAGR-182,Task,BUILD-203 — Brand Ambassador: Contact & Payment Fields,Jumpr Review,In Progress,Taryn Reithofer,Kobi Kunasekaran,,,,,High,WAG Sprint 1; WAG Sprint 2,1,Must Have,SF Config,Task,2026-08-20,2026-09-28,1,https://jumpr.atlassian.net/browse/WAGR-182
WAGR-183,Task,BUILD-205 — Brand Ambassador: CMS Identity Fields,Jumpr Review,In Progress,Taryn Reithofer,Kobi Kunasekaran,,,,,High,WAG Sprint 1; WAG Sprint 2,1,Must Have,SF Config,Task,2026-08-20,2026-09-28,3,https://jumpr.atlassian.net/browse/WAGR-183
WAGR-184,Task,BUILD-229 — Player: Source System & Source Reference Fields,Jumpr Review,In Progress,Taryn Reithofer,Kobi Kunasekaran,,,,,High,WAG Sprint 1; WAG Sprint 2,1,Should Have,SF Config,Task,2026-08-24,2026-09-28,1,https://jumpr.atlassian.net/browse/WAGR-184
WAGR-185,Task,BUILD-177 — Player: System / Integration Fields,Jumpr Review,In Progress,Taryn Reithofer,Kobi Kunasekaran,,,,,High,WAG Sprint 1; WAG Sprint 2,1,Must Have,SF Config,Task,2026-08-20,2026-09-28,6,https://jumpr.atlassian.net/browse/WAGR-185
WAGR-186,Task,"BUILD-221 — Brand Ambassador user setup runbook (Rep External ID, Rep Slug, manager, WT Rep permission set group)",Done,Done,Kobi Kunasekaran,Kobi Kunasekaran,,,,,,,1,Must Have,SF Config,Task,2026-08-20,2026-09-14,0,https://jumpr.atlassian.net/browse/WAGR-186
WAGR-187,Task,BUILD-191 — Referrer: System / Integration Fields,Jumpr Review,In Progress,Taryn Reithofer,Kobi Kunasekaran,,,,,High,WAG Sprint 1; WAG Sprint 2,1,Must Have,SF Config,Task,2026-08-20,2026-09-28,1,https://jumpr.atlassian.net/browse/WAGR-187
WAGR-188,Task,BUILD-201 — Referrer: Files Related List,Jumpr Review,In Progress,Taryn Reithofer,Kobi Kunasekaran,,,,,High,WAG Sprint 1; WAG Sprint 2,1,Should Have,SF Config,Task,2026-08-20,2026-09-28,1,https://jumpr.atlassian.net/browse/WAGR-188
WAGR-189,Task,BUILD-188 — Referrer: Player Cross-Reference,Jumpr Review,In Progress,Taryn Reithofer,Kobi Kunasekaran,,,,,High,WAG Sprint 1; WAG Sprint 2,1,Must Have,SF Config,Task,2026-08-20,2026-10-02,2,https://jumpr.atlassian.net/browse/WAGR-189
WAGR-190,Task,BUILD-192 — Referrer: Notes,Jumpr Review,In Progress,Taryn Reithofer,Kobi Kunasekaran,,,,,High,WAG Sprint 1; WAG Sprint 2,1,Must Have,SF Config,Task,2026-08-20,2026-09-28,1,https://jumpr.atlassian.net/browse/WAGR-190
WAGR-191,Task,BUILD-187 — Referrer: Referral Defaults,Jumpr Review,In Progress,Taryn Reithofer,Kobi Kunasekaran,,,,,High,WAG Sprint 1; WAG Sprint 2,1,Must Have,SF Config,Task,2026-08-20,2026-09-28,2,https://jumpr.atlassian.net/browse/WAGR-191
WAGR-192,Task,BUILD-185 — Referrer: Object + Core Status,Jumpr Review,In Progress,Taryn Reithofer,Kobi Kunasekaran,,,,,High,WAG Sprint 1; WAG Sprint 2,1,Must Have,SF Config,Task,2026-08-20,2026-09-28,2,https://jumpr.atlassian.net/browse/WAGR-192
WAGR-193,Task,BUILD-186 — Referrer: Contact Fields,Jumpr Review,In Progress,Taryn Reithofer,Kobi Kunasekaran,,,,,High,WAG Sprint 1; WAG Sprint 2,1,Must Have,SF Config,Task,2026-08-20,2026-09-28,1,https://jumpr.atlassian.net/browse/WAGR-193
WAGR-194,Task,BUILD-227 — Player: Total Sign-Ups (DLRS Rollup),Jumpr Review,In Progress,Taryn Reithofer,Kobi Kunasekaran,,,,,High,WAG Sprint 1; WAG Sprint 2,1,Should Have,Integration,Task,2026-08-21,2026-09-28,4,https://jumpr.atlassian.net/browse/WAGR-194
WAGR-195,Task,BUILD-184 — Player: Fraud Flags Related List,Jumpr Review,In Progress,Taryn Reithofer,Kobi Kunasekaran,,,,,High,WAG Sprint 1; WAG Sprint 2,1,Should Have,SF Config,Task,2026-08-20,2026-09-28,2,https://jumpr.atlassian.net/browse/WAGR-195
WAGR-196,Task,BUILD-175 — Player: Ban Status + Banner,Jumpr Review,In Progress,Taryn Reithofer,Kobi Kunasekaran,,,,,High,WAG Sprint 1; WAG Sprint 2,1,Must Have,SF Config,Task,2026-08-20,2026-09-28,2,https://jumpr.atlassian.net/browse/WAGR-196
WAGR-197,Task,BUILD-180 — Player: Sign Ups Related List,Jumpr Review,In Progress,Taryn Reithofer,Kobi Kunasekaran,,,,,High,WAG Sprint 1; WAG Sprint 2,1,Should Have,SF Config,Task,2026-08-20,2026-09-28,4,https://jumpr.atlassian.net/browse/WAGR-197
WAGR-198,Task,BUILD-228 — Set up External Deal ID auto-generation on Deal,Done,Done,Kobi Kunasekaran,Kobi Kunasekaran,,,,,,WAG Sprint 1; WAG Sprint 2,1,Must Have,SF Config,Task,2026-08-20,2026-09-29,1,https://jumpr.atlassian.net/browse/WAGR-198
WAGR-199,Task,BUILD-40 — Sign-Up Completion % field,Jumpr Review,In Progress,Marc Cabantog,Kobi Kunasekaran,,,,,High,WAG Sprint 1; WAG Sprint 2,1,Must Have,SF Config,Requirement,2026-07-28,2026-09-28,7,https://jumpr.atlassian.net/browse/WAGR-199
WAGR-200,Task,BUILD-139 — Partner: move Additional Information + System fields into a More Info tab,Jumpr Review,In Progress,Taryn Reithofer,Kobi Kunasekaran,,,,,,WAG Sprint 1; WAG Sprint 2,1,Must Have,SF Config,Task,2026-08-17,2026-09-28,1,https://jumpr.atlassian.net/browse/WAGR-200
WAGR-201,Task,BUILD-138 — Partner: Agreement fields,Jumpr Review,In Progress,Taryn Reithofer,Kobi Kunasekaran,,,,,High,WAG Sprint 1; WAG Sprint 2,1,Must Have,SF Config,Task,2026-08-17,2026-09-28,1,https://jumpr.atlassian.net/browse/WAGR-201
WAGR-202,Task,BUILD-141 — Partner: assemble the Dynamic Lightning record page,Jumpr Review,In Progress,Taryn Reithofer,Kobi Kunasekaran,,,,,,WAG Sprint 1; WAG Sprint 2,1,Should Have,SF Config,Task,2026-08-17,2026-09-28,1,https://jumpr.atlassian.net/browse/WAGR-202
WAGR-203,Task,BUILD-143 — Partner: add Primary + Billing Contact lookups and contact relationship fields to the layout,Jumpr Review,In Progress,Taryn Reithofer,Kobi Kunasekaran,,,,,,WAG Sprint 1; WAG Sprint 2,1,Must Have,SF Config,Task,2026-08-17,2026-09-28,1,https://jumpr.atlassian.net/browse/WAGR-203
WAGR-204,Task,BUILD-137 — Partner: Billing Details fields,Jumpr Review,In Progress,Taryn Reithofer,Kobi Kunasekaran,,,,,,WAG Sprint 1; WAG Sprint 2,1,Must Have,SF Config,Task,2026-08-17,2026-09-28,1,https://jumpr.atlassian.net/browse/WAGR-204
WAGR-205,Task,BUILD-132 — Operator + Partner: Deals related lists (two of them) — this is where Deal-as-junction shows up,Jumpr Review,In Progress,Taryn Reithofer,Kobi Kunasekaran,,,,,,WAG Sprint 1; WAG Sprint 2,1,Must Have,SF Config,Task,2026-08-17,2026-09-28,1,https://jumpr.atlassian.net/browse/WAGR-205
WAGR-206,Task,BUILD-136 — Partner: Core Details + Partner Details section,Jumpr Review,In Progress,Taryn Reithofer,Kobi Kunasekaran,,,,,,WAG Sprint 1; WAG Sprint 2,1,Must Have,SF Config,Task,2026-08-17,2026-09-28,1,https://jumpr.atlassian.net/browse/WAGR-206
WAGR-207,Task,BUILD-130 — Operator: conditional field visibility driven by Billing Relationship,Jumpr Review,In Progress,Taryn Reithofer,Kobi Kunasekaran,,,,,,WAG Sprint 1; WAG Sprint 2,1,Must Have,SF Config,Task,2026-08-17,2026-09-28,1,https://jumpr.atlassian.net/browse/WAGR-207
WAGR-208,Task,BUILD-170 — Vertical: add Prediction Markets,Jumpr Review,In Progress,Kobi Kunasekaran,Kobi Kunasekaran,,,,,,WAG Sprint 1; WAG Sprint 2,1,Must Have,SF Config,Task,2026-08-11,2026-09-28,0,https://jumpr.atlassian.net/browse/WAGR-208
WAGR-209,Task,"BUILD-163 — Deal: Owner not required, moved to Additional Details",Jumpr Review,In Progress,Kobi Kunasekaran,Kobi Kunasekaran,,,,,,WAG Sprint 1; WAG Sprint 2,1,Must Have,SF Config,Task,2026-08-11,2026-09-28,0,https://jumpr.atlassian.net/browse/WAGR-209
WAGR-210,Task,BUILD-121 — Deal New/Edit modal layout rebuild (per 2026-08-10 screenshots),Done,Done,Kobi Kunasekaran,Kobi Kunasekaran,,,,,High,WAG Sprint 1; WAG Sprint 2,1,Must Have,SF Config,Task,2026-08-10,2026-09-29,1,https://jumpr.atlassian.net/browse/WAGR-210
WAGR-211,Task,BUILD-160 — Deal: Payout Model + conditional Rev Share,Jumpr Review,In Progress,Kobi Kunasekaran,Kobi Kunasekaran,,,,,,WAG Sprint 1; WAG Sprint 2,1,Must Have,SF Config,Task,2026-08-11,2026-09-28,0,https://jumpr.atlassian.net/browse/WAGR-211
WAGR-212,Task,"BUILD-161 — Deal: Monthly Cap (numeric, 0 = unlimited) + delete CPA Target Type / CPA Target",Jumpr Review,In Progress,Kobi Kunasekaran,Kobi Kunasekaran,,,,,,WAG Sprint 1; WAG Sprint 2,1,Must Have,SF Config,Task,2026-08-11,2026-09-28,1,https://jumpr.atlassian.net/browse/WAGR-212
WAGR-213,Task,BUILD-159 — Deal: Redeposit settings + conditional redeposit range,Jumpr Review,In Progress,Kobi Kunasekaran,Kobi Kunasekaran,,,,,,WAG Sprint 1; WAG Sprint 2,1,Must Have,SF Config,Task,2026-08-11,2026-09-28,0,https://jumpr.atlassian.net/browse/WAGR-213
WAGR-214,Task,BUILD-164 — Deal: remove Deal Version entirely,Jumpr Review,In Progress,Kobi Kunasekaran,Kobi Kunasekaran,,,,,,WAG Sprint 1; WAG Sprint 2,1,Must Have,SF Config,Task,2026-08-11,2026-09-28,1,https://jumpr.atlassian.net/browse/WAGR-214
WAGR-215,Task,"BUILD-156 — Deal: Effective End Date — remove from list view, keep on record, stamp at close",Done,Done,Kobi Kunasekaran,Kobi Kunasekaran,,,,,,WAG Sprint 1; WAG Sprint 2,1,Must Have,SF Config,Task,2026-08-17,2026-09-29,1,https://jumpr.atlassian.net/browse/WAGR-215
WAGR-216,Task,BUILD-153 — Deal: Exclude from Partner Bonuses checkbox,Jumpr Review,In Progress,Kobi Kunasekaran,Kobi Kunasekaran,,,,,,WAG Sprint 1; WAG Sprint 2,1,Must Have,SF Config,Task,2026-08-17,2026-09-28,1,https://jumpr.atlassian.net/browse/WAGR-216
WAGR-217,Task,BUILD-154 — Deal: Source picklist,Jumpr Review,In Progress,Kobi Kunasekaran,Kobi Kunasekaran,,,,,,WAG Sprint 1; WAG Sprint 2,1,Must Have,SF Config,Task,2026-08-17,2026-09-28,1,https://jumpr.atlassian.net/browse/WAGR-217
WAGR-218,Task,BUILD-155 — Deal: two fields moved down from Operator — Default Redirect URL + Pitch & Positioning,Jumpr Review,In Progress,Kobi Kunasekaran,Kobi Kunasekaran,,,,,,WAG Sprint 1; WAG Sprint 2,1,Must Have,SF Config,Task,2026-08-17,2026-09-28,1,https://jumpr.atlassian.net/browse/WAGR-218
WAGR-219,Story,BUILD-51 — Auto-reactivate archived Sign-Ups on new click activity,Jumpr Review,In Progress,Marc Cabantog,Kobi Kunasekaran,,,,,Medium,WAG Sprint 1; WAG Sprint 2,1,Should Have,SF Config,Story,2026-07-28,2026-09-28,3,https://jumpr.atlassian.net/browse/WAGR-219
WAGR-220,Story,BUILD-34 — Fraud Review Status automations: record lock and Dismissed clear-down,Jumpr Review,In Progress,Marc Cabantog,Kobi Kunasekaran,,,,,High,WAG Sprint 1; WAG Sprint 2,1,Must Have,SF Config,Story,2026-07-28,2026-09-28,4,https://jumpr.atlassian.net/browse/WAGR-220
WAGR-221,Story,BUILD-49 — Deal display label formula field,Jumpr Review,In Progress,Marc Cabantog,Kobi Kunasekaran,,,,,Medium,WAG Sprint 1; WAG Sprint 2,1,Should Have,SF Config,Story,2026-07-28,2026-09-28,5,https://jumpr.atlassian.net/browse/WAGR-221
WAGR-222,Task,Add Victor and Imdad to PartialSB,Jumpr Review,In Progress,Taryn Reithofer,Kobi Kunasekaran,,,,,,WAG Sprint 1; WAG Sprint 2,,,,,2026-08-11,2026-09-28,2,https://jumpr.atlassian.net/browse/WAGR-222
WAGR-223,Task,BUILD-124 — Market Country Code + Market State Code formula fields on Deal,Jumpr Review,In Progress,Kobi Kunasekaran,Kobi Kunasekaran,,,,,High,WAG Sprint 1; WAG Sprint 2,1,Must Have,SF Config,Task,2026-08-10,2026-09-28,0,https://jumpr.atlassian.net/browse/WAGR-223
WAGR-224,Task,BUILD-118 — Market display field on Deal (flag emoji + state + country),Jumpr Review,In Progress,Kobi Kunasekaran,Kobi Kunasekaran,,,,,High,WAG Sprint 1; WAG Sprint 2,1,Must Have,SF Config,Task,2026-08-10,2026-09-28,0,https://jumpr.atlassian.net/browse/WAGR-224
WAGR-225,Task,"BUILD-125 — Deal Name + Deal hyperlink: drop Partner, use market short codes (REVISES BUILD-117)",Jumpr Review,In Progress,Kobi Kunasekaran,Kobi Kunasekaran,,,,,High,WAG Sprint 1; WAG Sprint 2,1,Must Have,SF Config,Task,2026-08-10,2026-09-28,0,https://jumpr.atlassian.net/browse/WAGR-225
WAGR-226,Task,BUILD-125 — Sign Up List View Updates: Status (C) formula — remove Fraud and Overdue icons,Jumpr Review,In Progress,Kobi Kunasekaran,Kobi Kunasekaran,,,,,High,WAG Sprint 1; WAG Sprint 2,1,Must Have,SF Config,Task,2026-08-10,2026-09-28,0,https://jumpr.atlassian.net/browse/WAGR-226
WAGR-227,Task,BUILD-124 — Sign Up List View Updates: Player Display with Market Country and Fraud/Overdue icons,Jumpr Review,In Progress,Kobi Kunasekaran,Kobi Kunasekaran,,,,,High,WAG Sprint 1; WAG Sprint 2,1,Must Have,SF Config,Task,2026-08-10,2026-09-28,0,https://jumpr.atlassian.net/browse/WAGR-227
WAGR-228,Task,BUILD-58 — Date field renames - Sign Up Date / Registration Date,Jumpr Review,In Progress,Taryn Reithofer,Kobi Kunasekaran,,,,,Medium,WAG Sprint 1; WAG Sprint 2,1,Should Have,SF Config,Task,2026-07-29,2026-09-28,0,https://jumpr.atlassian.net/browse/WAGR-228
WAGR-229,Task,BUILD-126 — Operator: Core Details fields + Contact lookups,Jumpr Review,In Progress,Taryn Reithofer,Kobi Kunasekaran,,,,,,WAG Sprint 1; WAG Sprint 2,1,Must Have,SF Config,Task,2026-08-17,2026-09-28,1,https://jumpr.atlassian.net/browse/WAGR-229
WAGR-230,Task,BUILD-129 — Operator: Billing Details field set (mirrors Partner PT-2),Jumpr Review,In Progress,Taryn Reithofer,Kobi Kunasekaran,,,,,,WAG Sprint 1; WAG Sprint 2,1,Must Have,SF Config,Task,2026-08-17,2026-09-28,1,https://jumpr.atlassian.net/browse/WAGR-230
WAGR-231,Task,"BUILD-128 — Operator: Agreement fields (Direct-only block) — NEW, did not previously exist",Jumpr Review,In Progress,Taryn Reithofer,Kobi Kunasekaran,,,,,,WAG Sprint 1; WAG Sprint 2,1,Must Have,SF Config,Task,2026-08-17,2026-09-28,1,https://jumpr.atlassian.net/browse/WAGR-231
WAGR-232,Task,BUILD-127 — Operator: Management Details fields,Jumpr Review,In Progress,Taryn Reithofer,Kobi Kunasekaran,,,,,,WAG Sprint 1; WAG Sprint 2,1,Must Have,SF Config,Task,2026-08-17,2026-09-28,1,https://jumpr.atlassian.net/browse/WAGR-232
WAGR-233,Task,BUILD-131 — Operator: move Additional Information + System fields into the More Info tab,Jumpr Review,In Progress,Taryn Reithofer,Kobi Kunasekaran,,,,,,WAG Sprint 1; WAG Sprint 2,1,Must Have,SF Config,Task,2026-08-17,2026-09-28,1,https://jumpr.atlassian.net/browse/WAGR-233
WAGR-234,Task,"BUILD-142 — Operator: Sign-Ups related list, and remove the Study Link Clicks list",Jumpr Review,In Progress,Taryn Reithofer,Kobi Kunasekaran,,,,,,WAG Sprint 1; WAG Sprint 2,1,Must Have,SF Config,Task,2026-08-17,2026-09-28,1,https://jumpr.atlassian.net/browse/WAGR-234
WAGR-235,Task,BUILD-135 — Operator: assemble the Dynamic Lightning record page,Jumpr Review,In Progress,Taryn Reithofer,Kobi Kunasekaran,,,,,,WAG Sprint 1; WAG Sprint 2,1,Must Have,SF Config,Task,2026-08-17,2026-09-28,1,https://jumpr.atlassian.net/browse/WAGR-235
WAGR-236,Task,BUILD-134 — Operator + Partner: Files related list — must use the CLASSIC page layout,Jumpr Review,In Progress,Taryn Reithofer,Kobi Kunasekaran,,,,,,WAG Sprint 1; WAG Sprint 2,1,Should Have,SF Config,Task,2026-08-17,2026-09-28,1,https://jumpr.atlassian.net/browse/WAGR-236
WAGR-237,Task,BUILD-146 — Operator: flow to auto-stamp Benchmark Last Reviewed when Tracking Benchmark changes,Jumpr Review,In Progress,Taryn Reithofer,Kobi Kunasekaran,,,,,,WAG Sprint 1; WAG Sprint 2,1,Must Have,SF Development,Task,2026-08-17,2026-09-28,2,https://jumpr.atlassian.net/browse/WAGR-237
WAGR-238,Task,BUILD-217 — Deal: Link Validation Logic,Done,Done,Taryn Reithofer,Kobi Kunasekaran,,,,,High,,1,Should Have,Integration,Task,2026-08-20,2026-09-14,1,https://jumpr.atlassian.net/browse/WAGR-238
WAGR-239,Task,BUILD-223 — Load client Deal + Rep Assignment data into Partial sandbox,Done,Done,Kobi Kunasekaran,Kobi Kunasekaran,,,,,,,1,Must Have,Data & Migration,Task,2026-08-20,2026-09-14,0,https://jumpr.atlassian.net/browse/WAGR-239
WAGR-240,Task,BUILD-116 — Remove standard list-view buttons across Console objects,Done,Done,Kobi Kunasekaran,Kobi Kunasekaran,,,,,Medium,,1,Should Have,SF Config,Task,2026-08-10,2026-09-14,0,https://jumpr.atlassian.net/browse/WAGR-240
WAGR-241,Task,BUILD-122 — First Wager Date field on Sign Up,Done,Done,Kobi Kunasekaran,Kobi Kunasekaran,,,,,High,,1,Must Have,SF Config,Task,2026-08-10,2026-09-14,1,https://jumpr.atlassian.net/browse/WAGR-241
WAGR-242,Task,BUILD-123 — 'Payment Sent' checkbox on Sign Up (Ops view),Done,Done,,Kobi Kunasekaran,,,,,High,,1,Must Have,SF Config,Task,2026-08-10,2026-09-14,1,https://jumpr.atlassian.net/browse/WAGR-242
WAGR-243,Task,DECISION-06 — Is a Sign Up locked or still editable after Completion?,Done,Done,,Kobi Kunasekaran,,,,,High,,1,Must Have,Decision,Decision,2026-08-10,2026-09-14,1,https://jumpr.atlassian.net/browse/WAGR-243
WAGR-244,Task,"BUILD-115 — Rep Home Page POC: action-oriented landing view (built, pending rep feedback)",Done,Done,,Kobi Kunasekaran,,,,,Medium,,1,Should Have,SF Config,Task,2026-08-05,2026-09-14,0,https://jumpr.atlassian.net/browse/WAGR-244
WAGR-245,Task,BUILD-107 — Airtable migration data-quality resolution (C1-C9),Done,Done,,Kobi Kunasekaran,,,,,High,,1,Must Have,Data & Migration,Task,2026-07-30,2026-09-14,1,https://jumpr.atlassian.net/browse/WAGR-245
WAGR-246,Bug,BUILD-104 — Direct-deal modelling reconciliation,Done,Done,,Kobi Kunasekaran,,,,,High,,1,Must Have,SF Config,Bug,2026-07-30,2026-09-14,1,https://jumpr.atlassian.net/browse/WAGR-246
WAGR-247,Task,BUILD-106 — UAT test-script refresh for the revised data model,Done,Done,,Kobi Kunasekaran,,,,,High,,1,Must Have,Testing & UAT,Task,2026-07-30,2026-09-14,1,https://jumpr.atlassian.net/browse/WAGR-247
WAGR-248,Task,BUILD-102 — Rename https_nosoftware_nosoftware_7430_part__c → Referrer ID,Done,Done,,Kobi Kunasekaran,,,,,Low,,1,Should Have,SF Config,Task,2026-07-30,2026-09-14,1,https://jumpr.atlassian.net/browse/WAGR-248
WAGR-249,Task,BUILD-105 — SECURITY: rotate exposed partial-sandbox consumer key/secret,Done,Done,,Kobi Kunasekaran,,,,,Urgent,,1,Must Have,Integration,Task,2026-07-30,2026-09-14,1,https://jumpr.atlassian.net/browse/WAGR-249
WAGR-250,Story,BUILD-103 — Account Default_* → Deal cascade: implement or formally defer,Done,Done,,Kobi Kunasekaran,,,,,Low,,1,Should Have,Decision,Story,2026-07-30,2026-09-14,1,https://jumpr.atlassian.net/browse/WAGR-250
WAGR-251,Story,BUILD-99 — Validation: no overlapping DRA effective-date ranges,Done,Done,,Kobi Kunasekaran,,,,,Medium,,1,Should Have,SF Config,Story,2026-07-30,2026-09-14,1,https://jumpr.atlassian.net/browse/WAGR-251
WAGR-252,Story,BUILD-101 — Market_State__c integrity + retire combined WT_Market values,Done,Done,,Kobi Kunasekaran,,,,,Medium,,1,Should Have,Data & Migration,Story,2026-07-30,2026-09-14,1,https://jumpr.atlassian.net/browse/WAGR-252
WAGR-253,Bug,BUILD-100 — Picklist value drift: Archive_Reason__c and Fraud_Reason__c,Done,Done,,Kobi Kunasekaran,,,,,High,,1,Must Have,SF Config,Bug,2026-07-30,2026-09-14,2,https://jumpr.atlassian.net/browse/WAGR-253
WAGR-254,Bug,BUILD-96 — P0 DEFECT: Payout_Amount__c is never stamped,Done,Done,,Kobi Kunasekaran,,,,,Urgent,,1,Must Have,SF Config,Bug,2026-07-30,2026-09-14,1,https://jumpr.atlassian.net/browse/WAGR-254
WAGR-255,Task,BUILD-90 — ERD naming alignment audit + label renames,Done,Done,,Kobi Kunasekaran,,,,,Medium,,1,Should Have,SF Config,Task,2026-07-30,2026-09-14,2,https://jumpr.atlassian.net/browse/WAGR-255
WAGR-256,Task,BUILD-67 — CMS↔SF API requirements doc to Joyce (DUE THIS WEEK),Done,Done,Kobi Kunasekaran,Kobi Kunasekaran,,,,,Urgent,,1,Must Have,,Task,2026-07-29,2026-09-14,0,https://jumpr.atlassian.net/browse/WAGR-256
WAGR-257,Story,BUILD-68 — Referral Ownership Logic (one active BA per referrer),Done,Done,,Kobi Kunasekaran,,,,,Medium,,1,Should Have,SF Config,Story,2026-07-29,2026-09-14,1,https://jumpr.atlassian.net/browse/WAGR-257
WAGR-258,Story,BUILD-55 — Add Referral Notes field to Referral Information section,Done,Done,,Kobi Kunasekaran,,,,,Low,,1,Should Have,SF Config,Story,2026-07-29,2026-09-14,1,https://jumpr.atlassian.net/browse/WAGR-258
WAGR-259,Story,BUILD-57 — Show Referrer Currency on rep signup layout,Done,Done,,Kobi Kunasekaran,,,,,Low,,1,Nice to Have,SF Config,Story,2026-07-29,2026-09-14,0,https://jumpr.atlassian.net/browse/WAGR-259
WAGR-260,Story,BUILD-63 — Deal Links child object,Done,Done,,Kobi Kunasekaran,,,,,High,,1,Must Have,SF Config,Story,2026-07-29,2026-09-14,4,https://jumpr.atlassian.net/browse/WAGR-260
WAGR-261,Story,BUILD-56 — Move Secondary Referrer section below primary payout fields,Done,Done,,Kobi Kunasekaran,,,,,Low,,1,Nice to Have,SF Config,Story,2026-07-29,2026-09-14,1,https://jumpr.atlassian.net/browse/WAGR-261
WAGR-262,Story,BUILD-65 — DRA targets & attainment fields,Done,Done,,Kobi Kunasekaran,,,,,Medium,,1,Should Have,SF Config,Story,2026-07-29,2026-09-14,1,https://jumpr.atlassian.net/browse/WAGR-262
WAGR-263,Task,BUILD-54 — Backfill Player Full Name search key + Deal/Partner search keys,Done,Done,,Kobi Kunasekaran,,,,,Medium,,1,Should Have,Data & Migration,Task,2026-07-29,2026-09-14,2,https://jumpr.atlassian.net/browse/WAGR-263
WAGR-264,Story,BUILD-66 — SF→CMS outbound integration: deal publish (spec first),Done,Done,,Kobi Kunasekaran,,,,,Urgent,,1,Must Have,Integration,Story,2026-07-29,2026-09-14,1,https://jumpr.atlassian.net/browse/WAGR-264
WAGR-265,Story,BUILD-70 — SLC reprocess button,Done,Done,,Kobi Kunasekaran,,,,,Medium,,1,Should Have,SF Config,Story,2026-07-29,2026-09-14,1,https://jumpr.atlassian.net/browse/WAGR-265
WAGR-266,Story,BUILD-59 — 'Deposit amount differs' checkbox + Actual Deposit Amount field,Done,Done,,Kobi Kunasekaran,,,,,Medium,,1,Should Have,SF Config,Story,2026-07-29,2026-09-14,3,https://jumpr.atlassian.net/browse/WAGR-266
WAGR-267,Task,BUILD-78 — Vertical icons + vertical value-set reconciliation,Done,Done,Kobi Kunasekaran,Kobi Kunasekaran,,,,,High,,1,Must Have,SF Config,Task,2026-07-29,2026-09-14,2,https://jumpr.atlassian.net/browse/WAGR-267
WAGR-268,Task,BUILD-75 — Org + repo hygiene pre-UAT,Done,Done,,Kobi Kunasekaran,,,,,Medium,,1,Should Have,Project Management,Task,2026-07-29,2026-09-14,2,https://jumpr.atlassian.net/browse/WAGR-268
WAGR-269,Task,BUILD-47 — Date-only conversion for user-inputted date fields,Done,Done,,Kobi Kunasekaran,,,,,High,,1,Must Have,SF Config,Task,2026-07-28,2026-09-14,1,https://jumpr.atlassian.net/browse/WAGR-269
WAGR-270,Story,BUILD-48 — Update Console list views for the new status model,Done,Done,Kobi Kunasekaran,Kobi Kunasekaran,,,,,Medium,,1,Should Have,SF Config,Story,2026-07-28,2026-09-14,1,https://jumpr.atlassian.net/browse/WAGR-270
WAGR-271,Task,BUILD-50 — Reactivate Archived Sign-Up button,Done,Done,,Kobi Kunasekaran,,,,,,,,,,,2026-07-28,2026-09-14,1,https://jumpr.atlassian.net/browse/WAGR-271
WAGR-272,Task,BUILD-117 — Deal Name auto-generated format (REVISES BUILD-49),Done,Done,,Kobi Kunasekaran,,,,,High,,1,Must Have,SF Config,Task,2026-08-10,2026-09-14,1,https://jumpr.atlassian.net/browse/WAGR-272
WAGR-273,Task,BUILD-52 — Archive screen flow: Archive Reason capture,Done,Done,,Kobi Kunasekaran,,,,,,,,,,,2026-07-28,2026-09-14,1,https://jumpr.atlassian.net/browse/WAGR-273
WAGR-274,Task,BUILD-53 — Fraud button and screen flow: rename and reason capture,Done,Done,,Kobi Kunasekaran,,,,,,,,,,,2026-07-28,2026-09-14,1,https://jumpr.atlassian.net/browse/WAGR-274
WAGR-275,Task,BUILD-43 — Log Sign Up / Complete screen flow field rework,Done,Done,,Kobi Kunasekaran,,,,,,,,,,,2026-07-28,2026-09-14,1,https://jumpr.atlassian.net/browse/WAGR-275
WAGR-276,Story,BUILD-46 — CMS→SF Deal Rep Assignment inbound API (requirements + field contract),Done,Done,,Kobi Kunasekaran,,,,,High,,1,Must Have,Integration,Story,2026-07-28,2026-09-29,2,https://jumpr.atlassian.net/browse/WAGR-276
WAGR-277,Story,BUILD-44 — Surface player origin state/province on the Sign-Up view,Done,Done,Kobi Kunasekaran,Kobi Kunasekaran,,,,,Medium,,1,Should Have,SF Config,Story,2026-07-28,2026-09-14,1,https://jumpr.atlassian.net/browse/WAGR-277
WAGR-278,Story,"BUILD-42 — Rep-facing field cleanup: Ops ""More Info"" tab",Done,Done,,Kobi Kunasekaran,,,,,Medium,,1,Should Have,SF Config,Story,2026-07-28,2026-09-14,1,https://jumpr.atlassian.net/browse/WAGR-278
WAGR-279,Task,BUILD-41 — Console search: Search Key fields and searchable-field mapping,Done,Done,,Kobi Kunasekaran,,,,,,,,,,,2026-07-28,2026-09-14,1,https://jumpr.atlassian.net/browse/WAGR-279
WAGR-280,Story,BUILD-39 — Conversion source field: manual vs automated,Done,Done,,Kobi Kunasekaran,,,,,Low,,1,Nice to Have,SF Config,Story,2026-07-28,2026-09-14,2,https://jumpr.atlassian.net/browse/WAGR-280
WAGR-281,Story,BUILD-38 — Sign-Up Owner set to the Brand Ambassador,Done,Done,,Kobi Kunasekaran,,,,,High,,1,Must Have,SF Config,Story,2026-07-28,2026-09-14,2,https://jumpr.atlassian.net/browse/WAGR-281
WAGR-282,Story,BUILD-45 — Deal Rep Assignment: bulk assignment UI polish and status emojis,Done,Done,,Kobi Kunasekaran,,,,,Low,,2,Nice to Have,SF Config,Story,2026-07-28,2026-09-14,1,https://jumpr.atlassian.net/browse/WAGR-282
WAGR-283,Story,BUILD-30 — Populate Agency Sign-Up Date on Player (set-once automation),Done,Done,,Kobi Kunasekaran,,,,,Medium,,1,Should Have,SF Config,Story,2026-07-28,2026-09-14,2,https://jumpr.atlassian.net/browse/WAGR-283
WAGR-284,Task,BUILD-33 — Fraud field restructure: split reason picklists,Done,Done,,Kobi Kunasekaran,,,,,,,,,,,2026-07-28,2026-09-14,1,https://jumpr.atlassian.net/browse/WAGR-284
WAGR-285,Story,BUILD-36 — Sign-Up status dashboard and reports with rep filter,Done,Done,,Kobi Kunasekaran,,,,,Medium,,1,Should Have,Reporting,Story,2026-07-28,2026-09-14,1,https://jumpr.atlassian.net/browse/WAGR-285
WAGR-286,Story,BUILD-35 — Previous Status field on Sign-Up,Done,Done,,Kobi Kunasekaran,,,,,High,,1,Must Have,SF Config,Story,2026-07-28,2026-09-14,3,https://jumpr.atlassian.net/browse/WAGR-286
WAGR-287,Story,BUILD-31 — Recent Click Timestamp rollup from latest Study Link Click,Done,Done,,Kobi Kunasekaran,,,,,Medium,,1,Should Have,SF Config,Story,2026-07-28,2026-09-14,2,https://jumpr.atlassian.net/browse/WAGR-287
WAGR-288,Task,BUILD-26 — Rep demo profile and permission set group configuration,Done,Done,,Kobi Kunasekaran,,,,,Medium,,1,Should Have,SF Config,Task,2026-07-28,2026-09-14,0,https://jumpr.atlassian.net/browse/WAGR-288
WAGR-289,Task,BUILD-32 — Referral payout amount automation and payout matrix,Done,Done,,Kobi Kunasekaran,,,,,,,,,,,2026-07-28,2026-09-14,1,https://jumpr.atlassian.net/browse/WAGR-289
WAGR-290,Task,BUILD-28 — Spike: combined Operator logo and name display,Done,Done,,Kobi Kunasekaran,,,,,,,,,,,2026-07-28,2026-09-14,1,https://jumpr.atlassian.net/browse/WAGR-290
WAGR-291,Task,BUILD-29 — Spike: custom Lightning page template for the Rep Sign-Up view,Done,Done,,Kobi Kunasekaran,,,,,,,,,,,2026-07-28,2026-09-14,1,https://jumpr.atlassian.net/browse/WAGR-291
WAGR-292,Task,"BUILD-27 — Button styling feasibility: Flag red, Complete green",Done,Done,,Kobi Kunasekaran,,,,,,,,,,,2026-07-28,2026-09-14,1,https://jumpr.atlassian.net/browse/WAGR-292
WAGR-293,Task,DECISION-04 — Auto-advance to Completed at 100% vs explicit Complete action,Done,Done,Kobi Kunasekaran,Kobi Kunasekaran,,,,,High,,1,Must Have,,Decision,2026-07-30,2026-09-14,0,https://jumpr.atlassian.net/browse/WAGR-293
WAGR-294,Task,DECISION-05 — Payout Code field: remove or keep?,Done,Done,Kobi Kunasekaran,Kobi Kunasekaran,,,,,Medium,,1,Should Have,,Decision,2026-07-30,2026-09-14,0,https://jumpr.atlassian.net/browse/WAGR-294
WAGR-295,Task,DECISION-02 — Define Business Rule: Fraud Flag Impact on Player Status,Done,Done,Kobi Kunasekaran,Kobi Kunasekaran,,,,,Medium,,1,Should Have,,Decision,2026-07-08,2026-09-14,1,https://jumpr.atlassian.net/browse/WAGR-295
WAGR-296,Task,DECISION-01 — Confirm Sign-Up Intake Integration Supports Rep Assignment Resolution,Done,Done,Kobi Kunasekaran,Kobi Kunasekaran,,,,,High,,1,Must Have,,Decision,2026-07-08,2026-09-14,2,https://jumpr.atlassian.net/browse/WAGR-296
WAGR-297,Task,Setup User Account for Taryn on PartialSB with Rep Access,Done,Done,,Kobi Kunasekaran,,,,,High,,,,,,2026-08-05,2026-09-14,2,https://jumpr.atlassian.net/browse/WAGR-297
WAGR-298,Epic,Solution Design & Data Architecture,Done,Done,,Kobi Kunasekaran,,,,,,,1,,,Epic,2026-06-15,2026-09-14,0,https://jumpr.atlassian.net/browse/WAGR-298
WAGR-299,Task,Milestone: Solution Design Sign-off,Done,Done,,Kobi Kunasekaran,,,,,,,1,,,Milestone,2026-06-15,2026-09-14,0,https://jumpr.atlassian.net/browse/WAGR-299
WAGR-300,Epic,"Epic B — Core Reference Data (Operators, Partners, Markets/Verticals)",Done,Done,,Kobi Kunasekaran,,,,,,,1,,,Epic,2026-06-15,2026-09-14,0,https://jumpr.atlassian.net/browse/WAGR-300
WAGR-301,Story,POC-04 — Create Partner Account record type and fields,Done,Done,,Kobi Kunasekaran,"WAGR-300 Epic B — Core Reference Data (Operators, Partners, Markets/Verticals)",,,,,S1,1,Must Have,,Story,2026-07-04,2026-09-14,1,https://jumpr.atlassian.net/browse/WAGR-301
WAGR-302,Story,POC-05 — Create WT_Market and WT_Vertical global value sets,Done,Done,,Kobi Kunasekaran,"WAGR-300 Epic B — Core Reference Data (Operators, Partners, Markets/Verticals)",,,,,S1,1,Must Have,,Story,2026-07-04,2026-09-14,1,https://jumpr.atlassian.net/browse/WAGR-302
WAGR-303,Story,POC-03 — Create Operator Account record type and fields,Done,Done,,Kobi Kunasekaran,"WAGR-300 Epic B — Core Reference Data (Operators, Partners, Markets/Verticals)",,,,,S1,1,Must Have,,Story,2026-07-04,2026-09-14,3,https://jumpr.atlassian.net/browse/WAGR-303
WAGR-304,Epic,Fraud Flags & Exception Handling,Done,Done,,Kobi Kunasekaran,,,,,,,1,,,Epic,2026-06-15,2026-09-14,2,https://jumpr.atlassian.net/browse/WAGR-304
WAGR-305,Epic,Sign-Up Logging Experience (UX),In Progress,In Progress,,Kobi Kunasekaran,,,,,,,1,,,Epic,2026-06-15,2026-09-23,0,https://jumpr.atlassian.net/browse/WAGR-305
WAGR-306,Story,POC-13 — Build Complete Sign-Up screen flow,Done,Done,,Kobi Kunasekaran,WAGR-305 Sign-Up Logging Experience (UX),,,,,S1,1,Should Have,,Story,2026-07-04,2026-09-14,1,https://jumpr.atlassian.net/browse/WAGR-306
WAGR-307,Story,"POC-14 — Create WagerTech Console app, list views, and layouts",Done,Done,,Kobi Kunasekaran,WAGR-305 Sign-Up Logging Experience (UX),,,,,S1,1,Must Have,,Story,2026-07-04,2026-09-14,0,https://jumpr.atlassian.net/browse/WAGR-307
WAGR-308,Task,POC-16 — Prepare Wednesday demo script and scope slides,Done,Done,Kobi Kunasekaran,Kobi Kunasekaran,,,,,,S1,1,Must Have,,Task,2026-07-04,2026-09-14,0,https://jumpr.atlassian.net/browse/WAGR-308
WAGR-309,Task,POC-22 — Add Notes & Attachments Related List to Sign-Up Page,Done,Done,,Kobi Kunasekaran,,,,,Low,,1,Nice to Have,,Task,2026-07-08,2026-09-14,1,https://jumpr.atlassian.net/browse/WAGR-309
WAGR-310,Task,POC-23 — Spike: Console Navigation Strategy per Person Account Record Type,Done,Done,,Kobi Kunasekaran,,,,,Low,,1,Nice to Have,,Task,2026-07-08,2026-09-14,3,https://jumpr.atlassian.net/browse/WAGR-310
WAGR-311,Task,POC-24 — Re-test Queued Sample Records Post Bug-Fix,Done,Done,,Kobi Kunasekaran,,,,,High,,1,Must Have,,Task,2026-07-08,2026-09-14,2,https://jumpr.atlassian.net/browse/WAGR-311
WAGR-312,Task,Milestone: Discovery Complete,Done,Done,,Kobi Kunasekaran,,,,,,,1,,,Milestone,2026-06-15,2026-09-14,0,https://jumpr.atlassian.net/browse/WAGR-312
WAGR-313,Task,Prod Clean up - Destructive Deployment,Done,Done,,Kobi Kunasekaran,,,,,,,,,,,2026-07-02,2026-09-14,1,https://jumpr.atlassian.net/browse/WAGR-313
WAGR-314,Task,Create Partial SB,Done,Done,,Kobi Kunasekaran,,,,,,,,,,,2026-07-02,2026-09-14,1,https://jumpr.atlassian.net/browse/WAGR-314
WAGR-315,Task,Sandbox Setup,Done,Done,,Kobi Kunasekaran,,,,,High,Discovery (S0),1,,,Task,2026-06-15,2026-09-14,1,https://jumpr.atlassian.net/browse/WAGR-315
WAGR-316,Task,Schedule Weekly Sync,Done,Done,Kobi Kunasekaran,Kobi Kunasekaran,,,,,,Discovery (S0),1,,,Task,2026-06-15,2026-09-14,0,https://jumpr.atlassian.net/browse/WAGR-316
WAGR-317,Task,Discovery: Sign up API / Agency Websites/ Signup Endpoints,Done,Done,Kobi Kunasekaran,Kobi Kunasekaran,,,,,High,Discovery (S0),1,,,Meeting,2026-06-18,2026-09-14,4,https://jumpr.atlassian.net/browse/WAGR-317
WAGR-318,Task,Discovery: Salesforce Build walkthrough + Signup UI Mockup Walkthrough,Done,Done,Kobi Kunasekaran,Kobi Kunasekaran,,,,,High,Discovery (S0),1,,,Meeting,2026-06-18,2026-09-14,1,https://jumpr.atlassian.net/browse/WAGR-318
WAGR-319,Task,Discovery: ERD and Data Requirements,Done,Done,Kobi Kunasekaran,Kobi Kunasekaran,,,,,High,Discovery (S0),1,,,Meeting,2026-06-18,2026-09-14,0,https://jumpr.atlassian.net/browse/WAGR-319
WAGR-320,Task,"Discovery: Deep dive with Ali on Operator/Partner Configuration in Airtable, Operator Reports vs Signup Reconciliation,",Done,Done,Kobi Kunasekaran,Kobi Kunasekaran,,,,,High,Discovery (S0),1,,,Meeting,2026-06-18,2026-09-14,4,https://jumpr.atlassian.net/browse/WAGR-320
WAGR-321,Task,SPIKE — Evaluate storage options for proof-of-deposit media (images/videos),Done,Done,,Kobi Kunasekaran,,,,,,,,,,,2026-06-19,2026-09-14,0,https://jumpr.atlassian.net/browse/WAGR-321
WAGR-322,Task,Draft & Share Discovery Plan,Done,Done,Kobi Kunasekaran,Kobi Kunasekaran,,,,,Urgent,Discovery (S0),1,,,Task,2026-06-15,2026-09-14,0,https://jumpr.atlassian.net/browse/WAGR-322
WAGR-323,Task,Invite Team to Asana,Done,Done,Kobi Kunasekaran,Kobi Kunasekaran,,,,,,Discovery (S0),1,,,Task,2026-06-15,2026-09-14,0,https://jumpr.atlassian.net/browse/WAGR-323
WAGR-324,Task,Slack Channel Configuration,Done,Done,Kobi Kunasekaran,Kobi Kunasekaran,,,,,,Discovery (S0),1,,,Task,2026-06-15,2026-09-14,0,https://jumpr.atlassian.net/browse/WAGR-324
WAGR-325,Task,Salesforce Access,Done,Done,,Kobi Kunasekaran,,,,,High,Discovery (S0),1,,,Task,2026-06-15,2026-09-14,0,https://jumpr.atlassian.net/browse/WAGR-325
WAGR-326,Task,Discovery Session #1,Done,Done,,Kobi Kunasekaran,,,,,,Discovery (S0),1,,,Meeting,2026-06-15,2026-09-14,0,https://jumpr.atlassian.net/browse/WAGR-326
WAGR-327,Task,Project Kickoff,Done,Done,Kobi Kunasekaran,Kobi Kunasekaran,,,,,,,1,,,Milestone,2026-06-15,2026-09-14,0,https://jumpr.atlassian.net/browse/WAGR-327
WAGR-328,Task,Schedule First Discovery Session,Done,Done,Kobi Kunasekaran,Kobi Kunasekaran,,,,,,Discovery (S0),1,,,Task,2026-06-15,2026-09-14,0,https://jumpr.atlassian.net/browse/WAGR-328
WAGR-329,Task,Schedule Kick off Meeting,Done,Done,Kobi Kunasekaran,Kobi Kunasekaran,,,,,,Discovery (S0),1,,,Task,2026-06-15,2026-09-14,0,https://jumpr.atlassian.net/browse/WAGR-329
WAGR-330,Story,BUILD-09 — Build Deal-Rep Assignment Bulk Assign/Unassign UI,Done,Done,,Kobi Kunasekaran,,,,,Medium,,1,Must Have,,Story,2026-07-08,2026-09-14,0,https://jumpr.atlassian.net/browse/WAGR-330
WAGR-331,Bug,POC-17 — Fix POC SLC After-Save Flow: Related_Deal__c Mis-mapping,Done,Done,,Kobi Kunasekaran,,,,,Urgent,,1,Must Have,,Bug,2026-07-08,2026-09-14,0,https://jumpr.atlassian.net/browse/WAGR-331
WAGR-332,Task,POC Demo Updates & UI Cleanup,Done,Done,,Kobi Kunasekaran,,,,,,,,,,Task,2026-07-07,2026-09-14,1,https://jumpr.atlassian.net/browse/WAGR-332
WAGR-333,Task,POC-18 — Add Notes Field to All POC Objects,Done,Done,,Kobi Kunasekaran,,,,,Low,,1,Should Have,,Task,2026-07-08,2026-09-14,0,https://jumpr.atlassian.net/browse/WAGR-333
WAGR-334,Task,POC-20 — Move Signup Related List to Player Details Tab,Done,Done,,Kobi Kunasekaran,,,,,Low,,1,Should Have,,Task,2026-07-08,2026-09-14,1,https://jumpr.atlassian.net/browse/WAGR-334
WAGR-335,Task,POC-21 — Build List Views for Signup and Player Flag Segmentation,Done,Done,,Kobi Kunasekaran,,,,,Medium,,1,Should Have,,Task,2026-07-08,2026-09-14,2,https://jumpr.atlassian.net/browse/WAGR-335
WAGR-336,Task,POC-19 — Add Status Path Components to Signup and Player Records,Done,Done,,Kobi Kunasekaran,,,,,Medium,,1,Should Have,,Task,2026-07-08,2026-09-14,2,https://jumpr.atlassian.net/browse/WAGR-336
WAGR-337,Task,BUILD-16 — Time Since Created formula field on Sign-Up,Done,Done,,Kobi Kunasekaran,,,,,,,,,,,2026-07-28,2026-09-14,0,https://jumpr.atlassian.net/browse/WAGR-337
WAGR-338,Task,BUILD-17 — Console list views and standard column set for Sign-Up,Done,Done,,Kobi Kunasekaran,,,,,,,,,,,2026-07-28,2026-09-14,0,https://jumpr.atlassian.net/browse/WAGR-338
WAGR-339,Task,BUILD-14 — Secondary Referrer lookup on Sign-Up,Done,Done,,Kobi Kunasekaran,,,,,,,,,,,2026-07-28,2026-09-14,0,https://jumpr.atlassian.net/browse/WAGR-339
WAGR-340,Task,BUILD-13 — Recent Click Timestamp field on Sign-Up,Done,Done,,Kobi Kunasekaran,,,,,,,,,,,2026-07-28,2026-09-14,0,https://jumpr.atlassian.net/browse/WAGR-340
WAGR-341,Task,BUILD-12 — Agency Sign-Up Date field on Player,Done,Done,,Kobi Kunasekaran,,,,,,,,,,,2026-07-28,2026-09-14,0,https://jumpr.atlassian.net/browse/WAGR-341
WAGR-342,Task,BUILD-15 — Payout Amount field on Sign-Up,Done,Done,,Kobi Kunasekaran,,,,,,,,,,,2026-07-28,2026-09-14,0,https://jumpr.atlassian.net/browse/WAGR-342
WAGR-343,Task,"BUILD-11 — Sign-Up action buttons and screen flows: Log/Complete, Archive, Flag",Done,Done,,Kobi Kunasekaran,,,,,,,,,,,2026-07-28,2026-09-14,0,https://jumpr.atlassian.net/browse/WAGR-343
WAGR-344,Task,"BUILD-10 — Sign-Up Status model v1: [New, In Progress, Completed, Archived, Flagged]",Done,Done,,Kobi Kunasekaran,,,,,,,,,,,2026-07-28,2026-09-14,0,https://jumpr.atlassian.net/browse/WAGR-344
WAGR-345,Task,BUILD-24 — Remove standard Edit button from Rep-facing Sign-Up view,Done,Done,,Kobi Kunasekaran,,,,,,,,,,,2026-07-28,2026-09-14,0,https://jumpr.atlassian.net/browse/WAGR-345
WAGR-346,Task,BUILD-23 — Reorder Sign-Up layout: Proof Info before Referral Info,Done,Done,,Kobi Kunasekaran,,,,,,,,,,,2026-07-28,2026-09-14,0,https://jumpr.atlassian.net/browse/WAGR-346
WAGR-347,Task,BUILD-19 — Rep-facing Sign-Up record page restructure,Done,Done,,Kobi Kunasekaran,,,,,,,,,,,2026-07-28,2026-09-14,0,https://jumpr.atlassian.net/browse/WAGR-347
WAGR-348,Task,BUILD-21 — Hide Partner from all Rep-facing views,Done,Done,,Kobi Kunasekaran,,,,,,,,,,,2026-07-28,2026-09-14,0,https://jumpr.atlassian.net/browse/WAGR-348
WAGR-349,Task,BUILD-22 — Status and country flag emojis,Done,Done,,Kobi Kunasekaran,,,,,,,,,,,2026-07-28,2026-09-14,1,https://jumpr.atlassian.net/browse/WAGR-349
WAGR-350,Task,BUILD-25 — Log Sign Up click transitions New to In Progress,Done,Done,,Kobi Kunasekaran,,,,,,,,,,,2026-07-28,2026-09-14,0,https://jumpr.atlassian.net/browse/WAGR-350
WAGR-351,Task,"BUILD-18 — Status model v2: remove Flagged, track fraud separately (CHANGE REQUEST)",Done,Done,,Kobi Kunasekaran,,,,,,,,,,,2026-07-28,2026-09-14,0,https://jumpr.atlassian.net/browse/WAGR-351
WAGR-352,Task,BUILD-20 — Sign-Up highlights panel redesign,Done,Done,,Kobi Kunasekaran,,,,,,,,,,,2026-07-28,2026-09-14,0,https://jumpr.atlassian.net/browse/WAGR-352
WAGR-353,Task,BUILD-189 — Referrer: Restriction Detail Fields,Jumpr Review,In Progress,Taryn Reithofer,Kobi Kunasekaran,,,,,High,WAG Sprint 1; WAG Sprint 2,1,Should Have,SF Config,Task,2026-08-20,2026-09-28,2,https://jumpr.atlassian.net/browse/WAGR-353
WAGR-354,Story,"BUILD-71 — Copy-to-clipboard component (Name, E-Transfer Email)",Open,To Do,,Kobi Kunasekaran,,,,,Low,,2,Nice to Have,SF Development,Story,2026-07-29,2026-09-14,0,https://jumpr.atlassian.net/browse/WAGR-354
WAGR-355,Story,BUILD-60 — Country flag next to player name in signup list view,Requirements,To Do,,Kobi Kunasekaran,,,,,Low,,1,Nice to Have,SF Config,Story,2026-07-29,2026-09-14,0,https://jumpr.atlassian.net/browse/WAGR-355
WAGR-356,Story,BUILD-62 — List view emoji cleanup: fraud flag position (+ pending client format decision),Requirements,To Do,,Kobi Kunasekaran,,,,,Low,,1,Nice to Have,SF Config,Story,2026-07-29,2026-09-14,0,https://jumpr.atlassian.net/browse/WAGR-356
WAGR-357,Bug,BUILD-61 — Fix Manage DRA flow: preserve Effective From on end-date,Open,To Do,,Kobi Kunasekaran,,,,,Low,,1,Nice to Have,SF Config,Bug,2026-07-29,2026-09-14,0,https://jumpr.atlassian.net/browse/WAGR-357
WAGR-358,Task,BUILD-92 — Deal caps/pacing/forecasting model — Phase 2 scoping (parked),Open,To Do,,Kobi Kunasekaran,,,,,Low,,2,Nice to Have,Documentation & Spec,Task,2026-07-30,2026-09-14,1,https://jumpr.atlassian.net/browse/WAGR-358
WAGR-359,Story,BUILD-91 — Secondary-referrer count rollup + future payout automation (Phase 2 candidate),Open,To Do,,Kobi Kunasekaran,,,,,Low,,2,Nice to Have,SF Config,Story,2026-07-30,2026-09-14,1,https://jumpr.atlassian.net/browse/WAGR-359
WAGR-360,Story,"BUILD-109 — Drive Labels (optional, ~3h + admin session)",Open,To Do,,Kobi Kunasekaran,,,,,Low,,2,Nice to Have,Integration,Story,2026-07-30,2026-09-14,0,https://jumpr.atlassian.net/browse/WAGR-360
WAGR-361,Story,"BUILD-108 — Generic integration error log (optional, ~12-20h)",Open,To Do,,Kobi Kunasekaran,,,,,Low,,2,Nice to Have,Integration,Story,2026-07-30,2026-09-14,0,https://jumpr.atlassian.net/browse/WAGR-361
WAGR-362,Story,BUILD-110 — Dropbox migration & decommission scoping,Open,To Do,,Kobi Kunasekaran,,,,,Medium,,2,Nice to Have,Data & Migration,Story,2026-07-30,2026-09-14,0,https://jumpr.atlassian.net/browse/WAGR-362
WAGR-363,Task,BUILD-133 — Operator: surface Partner info derived from Deals — TABLED,Done,Done,Kobi Kunasekaran,Kobi Kunasekaran,,,,,,,1,Nice to Have,SF Config,Task,2026-08-17,2026-09-17,1,https://jumpr.atlassian.net/browse/WAGR-363
WAGR-364,Task,Partner: Operator Relationships Related List,Jumpr Review,In Progress,Taryn Reithofer,Kobi Kunasekaran,,,,,,WAG Sprint 1; WAG Sprint 2,1,Nice to Have,SF Config,Task,2026-08-17,2026-09-29,4,https://jumpr.atlassian.net/browse/WAGR-364
WAGR-365,Task,BUILD-168 — Investigate a full-width field component for Billing Notes,Open,To Do,,Kobi Kunasekaran,,,,,,,1,Nice to Have,SF Development,Task,2026-08-17,2026-09-14,0,https://jumpr.atlassian.net/browse/WAGR-365
WAGR-366,Task,BUILD-171 — PHASE 2 — Suspend Operator / Suspend Partner (fields + cascade + permissions),Open,To Do,,Kobi Kunasekaran,,,,,,,2,Nice to Have,SF Development,Task,2026-08-17,2026-09-14,0,https://jumpr.atlassian.net/browse/WAGR-366
WAGR-367,Task,BUILD-162 — Move bonus fields from Deal to Partner — HOLD until the bonus model lands,Open,To Do,,Kobi Kunasekaran,,,,,,,1,Should Have,SF Config,Task,2026-08-11,2026-09-14,0,https://jumpr.atlassian.net/browse/WAGR-367
WAGR-368,Task,OOS: Regulatory / AML / KYC / gaming compliance beyond standard config,Cancelled,Done,,Kobi Kunasekaran,WAGR-443 Out Of Scope (Holding Pen 🐖),,,,Low,,,Nice to Have,,Task,2026-06-15,2026-09-25,1,https://jumpr.atlassian.net/browse/WAGR-368
WAGR-369,Task,OOS: Operator data & LTV reconciliation,Cancelled,Done,,Kobi Kunasekaran,WAGR-443 Out Of Scope (Holding Pen 🐖),,,,Low,,,Nice to Have,,Task,2026-06-15,2026-09-25,1,https://jumpr.atlassian.net/browse/WAGR-369
WAGR-370,Task,OOS: Historical data migration beyond agreed sign-up + reference data,Cancelled,Done,,Kobi Kunasekaran,WAGR-443 Out Of Scope (Holding Pen 🐖),,,,Low,,,Nice to Have,,Task,2026-06-15,2026-09-25,1,https://jumpr.atlassian.net/browse/WAGR-370
WAGR-371,Task,OOS: Per-rep deal caps (Deal-Rep Assignment moved INTO Phase 1 — see POC-07),Cancelled,Done,,Kobi Kunasekaran,WAGR-443 Out Of Scope (Holding Pen 🐖),,,,Low,,,Nice to Have,,Task,2026-06-15,2026-09-25,2,https://jumpr.atlassian.net/browse/WAGR-371
WAGR-372,Task,OOS: Platform-license migration / refactor,Cancelled,Done,,Kobi Kunasekaran,WAGR-443 Out Of Scope (Holding Pen 🐖),,,,Low,,,Nice to Have,,Task,2026-06-15,2026-09-25,1,https://jumpr.atlassian.net/browse/WAGR-372
WAGR-373,Task,OOS: Affiliate-link generation & subscription workflows (incl. TechTakes/Tactics),Cancelled,Done,,Kobi Kunasekaran,WAGR-443 Out Of Scope (Holding Pen 🐖),,,,Low,,,Nice to Have,,Task,2026-06-15,2026-09-25,1,https://jumpr.atlassian.net/browse/WAGR-373
WAGR-374,Task,OOS: Bank-transfer tracking,Cancelled,Done,,Kobi Kunasekaran,WAGR-443 Out Of Scope (Holding Pen 🐖),,,,Low,,,Nice to Have,,Task,2026-06-15,2026-09-25,1,https://jumpr.atlassian.net/browse/WAGR-374
WAGR-375,Task,OOS: WhatsApp integration & AI / screenshot intake,Cancelled,Done,,Kobi Kunasekaran,WAGR-443 Out Of Scope (Holding Pen 🐖),,,,Low,,,Nice to Have,,Task,2026-06-15,2026-09-25,1,https://jumpr.atlassian.net/browse/WAGR-375
WAGR-376,Task,OOS: Bank / payment-processor integration,Cancelled,Done,,Kobi Kunasekaran,WAGR-443 Out Of Scope (Holding Pen 🐖),,,,Low,,,Nice to Have,,Task,2026-06-15,2026-09-25,1,https://jumpr.atlassian.net/browse/WAGR-376
WAGR-377,Task,"OOS: Referral payouts, batching & payout lines",Cancelled,Done,,Kobi Kunasekaran,WAGR-443 Out Of Scope (Holding Pen 🐖),,,,Low,,,Nice to Have,,Task,2026-06-15,2026-09-25,1,https://jumpr.atlassian.net/browse/WAGR-377
WAGR-378,Task,OOS: Unified payout dashboard,Cancelled,Done,,Kobi Kunasekaran,WAGR-443 Out Of Scope (Holding Pen 🐖),,,,Low,,,Nice to Have,,Task,2026-06-15,2026-09-25,1,https://jumpr.atlassian.net/browse/WAGR-378
WAGR-379,Task,OOS: Custom dashboards & components beyond native + approved LWCs,Cancelled,Done,,Kobi Kunasekaran,WAGR-443 Out Of Scope (Holding Pen 🐖),,,,Low,,,Nice to Have,,Task,2026-06-15,2026-09-25,1,https://jumpr.atlassian.net/browse/WAGR-379
WAGR-380,Task,OOS: Salesforce license fees,Cancelled,Done,,Kobi Kunasekaran,WAGR-443 Out Of Scope (Holding Pen 🐖),,,,Low,,,Nice to Have,,Task,2026-06-15,2026-09-25,1,https://jumpr.atlassian.net/browse/WAGR-380
WAGR-381,Task,OOS: Redeposit streams & rep queue,Cancelled,Done,,Kobi Kunasekaran,WAGR-443 Out Of Scope (Holding Pen 🐖),,,,Low,,,Nice to Have,,Task,2026-06-15,2026-09-25,1,https://jumpr.atlassian.net/browse/WAGR-381
WAGR-382,Epic,"Operator and Partner relationships, and direct billing",Open,To Do,,Kobi Kunasekaran,,,,,Normal,,,,,,2026-09-14,2026-09-17,1,https://jumpr.atlassian.net/browse/WAGR-382
WAGR-383,Task,Confirm whether an Operator can hold more than one set of direct billing terms,Done,Done,,Kobi Kunasekaran,"WAGR-382 Operator and Partner relationships, and direct billing",,,,Normal,WAG Sprint 1,,,,,2026-09-14,2026-09-17,0,https://jumpr.atlassian.net/browse/WAGR-383
WAGR-384,Story,Operator–Partner Relationship records created and deactivated from Deals,Jumpr Review,In Progress,Cedrick Infantado,Kobi Kunasekaran,"WAGR-382 Operator and Partner relationships, and direct billing",,,,Normal,WAG Sprint 1; WAG Sprint 2,,,,,2026-09-14,2026-09-28,4,https://jumpr.atlassian.net/browse/WAGR-384
WAGR-385,Story,Update Billing details to Direct Billing Details,Jumpr Review,In Progress,Cedrick Infantado,Kobi Kunasekaran,"WAGR-382 Operator and Partner relationships, and direct billing",,,,Normal,WAG Sprint 1; WAG Sprint 2,,,,,2026-09-14,2026-09-28,3,https://jumpr.atlassian.net/browse/WAGR-385
WAGR-386,Task,Move Operator billing values onto Direct relationship rows and retire the Operator billing section,Cancelled,Done,Cedrick Infantado,Kobi Kunasekaran,"WAGR-382 Operator and Partner relationships, and direct billing",,,,Normal,WAG Sprint 1,,,,,2026-09-14,2026-09-17,1,https://jumpr.atlassian.net/browse/WAGR-386
WAGR-387,Story,Show direct billing on the Operator record without leaving it,Cancelled,Done,,Kobi Kunasekaran,"WAGR-382 Operator and Partner relationships, and direct billing",,,,Normal,WAG Sprint 1,,,,,2026-09-14,2026-09-17,1,https://jumpr.atlassian.net/browse/WAGR-387
WAGR-388,Task,Rebuild the associated partner and operator counts from relationship records,Jumpr Review,In Progress,Taryn Reithofer,Kobi Kunasekaran,"WAGR-382 Operator and Partner relationships, and direct billing",,,,Normal,WAG Sprint 1; WAG Sprint 2,,,,,2026-09-14,2026-09-28,2,https://jumpr.atlassian.net/browse/WAGR-388
WAGR-389,Task,Add help text to the Associated Partners and Associated Sources rollup fields,Solution Review,In Progress,Taryn Reithofer,Taryn Reithofer,,,,,Normal,WAG Sprint 1; WAG Sprint 2,,,,,2026-09-14,2026-09-28,1,https://jumpr.atlassian.net/browse/WAGR-389
WAGR-390,Task,BA: Define Manual BA Creation Process (CMS External ID Reference),Open,To Do,Kobi Kunasekaran,Taryn Reithofer,,,,,Normal,WAG Sprint 1; WAG Sprint 2,,,,,2026-09-15,2026-09-28,1,https://jumpr.atlassian.net/browse/WAGR-390
WAGR-391,Story,"Brand Manager: Determine Object Model, Record Creation, and Sharing Controls",Requirements,To Do,Kobi Kunasekaran,Taryn Reithofer,,,,,Normal,WAG Sprint 1; WAG Sprint 2,,,,,2026-09-15,2026-09-28,1,https://jumpr.atlassian.net/browse/WAGR-391
WAGR-392,Task,Brand Manager: Confirm Visibility to Deal and Deal Rep Assignment Records,Ready,To Do,,Taryn Reithofer,WAGR-449 Access and Permissions,,,,Low,,,,,,2026-09-15,2026-09-29,0,https://jumpr.atlassian.net/browse/WAGR-392
WAGR-393,Task,BA: Provision WagerTech Email Addresses for Salesforce Login,Open,To Do,Taryn Reithofer,Taryn Reithofer,WAGR-479 Go Live Tasks,,,,Normal,WAG Sprint 3,,,,,2026-09-15,2026-09-29,1,https://jumpr.atlassian.net/browse/WAGR-393
WAGR-395,Task,"BA: Set Primary/Secondary Market Picklist Values (Ontario, Alberta, USA)",Jumpr Review,In Progress,Taryn Reithofer,Taryn Reithofer,,,,,Normal,WAG Sprint 1; WAG Sprint 2,,,,,2026-09-15,2026-09-28,0,https://jumpr.atlassian.net/browse/WAGR-395
WAGR-396,Task,BA: Move Activity Feed to Bottom of Page Layout,Jumpr Review,In Progress,Taryn Reithofer,Taryn Reithofer,,,,,Normal,WAG Sprint 1; WAG Sprint 2,,,,,2026-09-15,2026-09-28,0,https://jumpr.atlassian.net/browse/WAGR-396
WAGR-397,Story,Player: Confirm and Build BA/Referrer Defaulting on First Completed Sign-Up,Open,To Do,Kobi Kunasekaran,Taryn Reithofer,,,,,Normal,WAG Sprint 1; WAG Sprint 2,,,,,2026-09-15,2026-09-28,1,https://jumpr.atlassian.net/browse/WAGR-397
WAGR-398,Task,Player: Reconcile Registration Date into Agency Sign-Up Date and Reposition Attribution Layout,Jumpr Review,In Progress,Taryn Reithofer,Taryn Reithofer,,,,,Normal,WAG Sprint 1; WAG Sprint 2,,,,,2026-09-15,2026-09-28,1,https://jumpr.atlassian.net/browse/WAGR-398
WAGR-399,Task,Player: Move Related Referrer Record to Player Information Section,Jumpr Review,In Progress,Taryn Reithofer,Taryn Reithofer,,,,,Normal,WAG Sprint 1; WAG Sprint 2,,,,,2026-09-15,2026-09-28,1,https://jumpr.atlassian.net/browse/WAGR-399
WAGR-400,Task,Player: Add BA Profile Link When Player Is Also a Brand Ambassador,Jumpr Review,In Progress,Taryn Reithofer,Taryn Reithofer,,,,,Normal,WAG Sprint 1; WAG Sprint 2,,,,,2026-09-15,2026-09-28,1,https://jumpr.atlassian.net/browse/WAGR-400
WAGR-401,Task,Player: Restrict Survey Completed Date to Ops-Only Edit Access,Jumpr Review,In Progress,Taryn Reithofer,Taryn Reithofer,,,,,Normal,WAG Sprint 1; WAG Sprint 2,,,,,2026-09-15,2026-09-28,1,https://jumpr.atlassian.net/browse/WAGR-401
WAGR-402,Task,"Player: Confirm Reactivation Trigger Is Completed Sign-Up, Not Raw SLC",Open,To Do,Kobi Kunasekaran,Taryn Reithofer,,,,,Normal,WAG Sprint 1; WAG Sprint 2,,,,,2026-09-15,2026-09-28,1,https://jumpr.atlassian.net/browse/WAGR-402
WAGR-403,Story,Player: Surface Fraud Flag and Blank Primary Email Banner,Cancelled,Done,Taryn Reithofer,Taryn Reithofer,,,,,Normal,WAG Sprint 1,,,,,2026-09-15,2026-09-23,6,https://jumpr.atlassian.net/browse/WAGR-403
WAGR-404,Task,Player: Default Signup Currency Automation by Player Country,Jumpr Review,In Progress,Taryn Reithofer,Taryn Reithofer,,,,,Normal,WAG Sprint 1; WAG Sprint 2,,,,,2026-09-15,2026-09-28,1,https://jumpr.atlassian.net/browse/WAGR-404
WAGR-405,Spike,Player: Scope Manual Player Creation for VIP Flow,Open,To Do,Kobi Kunasekaran,Taryn Reithofer,,,,,Normal,WAG Sprint 1; WAG Sprint 2,,,,,2026-09-15,2026-09-28,1,https://jumpr.atlassian.net/browse/WAGR-405
WAGR-406,Task,"Player: Remove Recent Click Timestamp, Surface Sign Up Date and First Wager Date",Jumpr Review,In Progress,Taryn Reithofer,Taryn Reithofer,,,,,Normal,WAG Sprint 1; WAG Sprint 2,,,,,2026-09-15,2026-09-28,0,https://jumpr.atlassian.net/browse/WAGR-406
WAGR-407,Task,Player: Decide Fraud Flag Presentation — Related List vs. Signup List Flag,Jumpr Review,In Progress,Taryn Reithofer,Taryn Reithofer,,,,,High,WAG Sprint 1; WAG Sprint 2,,,,,2026-09-15,2026-09-28,1,https://jumpr.atlassian.net/browse/WAGR-407
WAGR-408,Task,Operator: Add Supported Markets picklist field,Done,Done,Taryn Reithofer,Taryn Reithofer,WAGR-478 Phase 2 Stories,,,,Normal,WAG Sprint 1; WAG Sprint 3,,,,,2026-09-16,2026-09-29,4,https://jumpr.atlassian.net/browse/WAGR-408
WAGR-409,Task,Deactivate SaaScend integration user flagged by Salesforce security notification,Jumpr Review,In Progress,Taryn Reithofer,Taryn Reithofer,,,,,Normal,WAG Sprint 1; WAG Sprint 2,,,,,2026-09-16,2026-09-28,0,https://jumpr.atlassian.net/browse/WAGR-409
WAGR-410,Task,Player: Add Fraud columns to Sign-Ups related list,Jumpr Review,In Progress,Taryn Reithofer,Taryn Reithofer,,,,,Normal,WAG Sprint 1; WAG Sprint 2,,,,,2026-09-16,2026-09-28,3,https://jumpr.atlassian.net/browse/WAGR-410
WAGR-411,Story,Operator: Partner Relationships Related List,Jumpr Review,In Progress,Cedrick Infantado,Kobi Kunasekaran,"WAGR-382 Operator and Partner relationships, and direct billing",,,,Normal,WAG Sprint 1; WAG Sprint 2,,,,,2026-09-17,2026-09-29,4,https://jumpr.atlassian.net/browse/WAGR-411
WAGR-412,Task,Brand Ambassador: Surface Link in Related List Table View,Open,To Do,Kobi Kunasekaran,Taryn Reithofer,,,,,Normal,,,,,,2026-09-18,2026-09-18,0,https://jumpr.atlassian.net/browse/WAGR-412
WAGR-413,Task,Player: Investigate All Players Defaulting to CAD Signup Currency,Jumpr Review,In Progress,Cedrick Infantado,Taryn Reithofer,,,,,Normal,WAG Sprint 1; WAG Sprint 2,,,,,2026-09-18,2026-09-28,5,https://jumpr.atlassian.net/browse/WAGR-413
WAGR-414,Task,WAGR ticket: Phase 1 Epic & review-queue cleanup,In Progress,In Progress,Taryn Reithofer,Kobi Kunasekaran,,,,,Normal,WAG Sprint 1; WAG Sprint 2,,,,,2026-09-21,2026-09-28,0,https://jumpr.atlassian.net/browse/WAGR-414
WAGR-415,Bug,Player Country/State missing on majority of SLC entries — driving unwanted CAD currency fallback,Open,To Do,Kobi Kunasekaran,Taryn Reithofer,,,,,Normal,WAG Sprint 1; WAG Sprint 2,,,,,2026-09-22,2026-09-28,0,https://jumpr.atlassian.net/browse/WAGR-415
WAGR-416,Task,Support: Emily login help — admin stuck in identity verification loop when generating temporary verification code,Done,Done,Kobi Kunasekaran,Taryn Reithofer,,client-support,,,Normal,,,,,,2026-09-22,2026-09-22,1,https://jumpr.atlassian.net/browse/WAGR-416
WAGR-417,Task,Support: Emily — how to add an Operator logo in Salesforce,Done,Done,Taryn Reithofer,Taryn Reithofer,,client-support,,,Normal,WAG Sprint 1,,,,,2026-09-22,2026-09-23,0,https://jumpr.atlassian.net/browse/WAGR-417
WAGR-418,Bug,"Support: Error when creating a new Referrer from Log New Signup (""+ Add New"") even with required input provided",Jumpr Review,In Progress,Cedrick Infantado,Taryn Reithofer,,client-support,,,Normal,WAG Sprint 1; WAG Sprint 2,,,,,2026-09-22,2026-09-28,3,https://jumpr.atlassian.net/browse/WAGR-418
WAGR-419,Bug,Investigate SLC for potential mismatched Deal,Open,To Do,Kobi Kunasekaran,Kobi Kunasekaran,,,,,Normal,WAG Sprint 1; WAG Sprint 2,,,,,2026-09-23,2026-09-28,0,https://jumpr.atlassian.net/browse/WAGR-419
WAGR-420,Epic,VIP Sign Up &amp; Player Workflow,Open,To Do,,Taryn Reithofer,,,,,Normal,,,,,,2026-09-23,2026-09-23,0,https://jumpr.atlassian.net/browse/WAGR-420
WAGR-421,Story,Sign-Up: Show attribution details in header for all statuses,In Progress,In Progress,Taryn Reithofer,Taryn Reithofer,WAGR-305 Sign-Up Logging Experience (UX),,,,Normal,WAG Sprint 1; WAG Sprint 2,,,,,2026-09-23,2026-10-02,0,https://jumpr.atlassian.net/browse/WAGR-421
WAGR-422,Story,"Sign-Up: Reorganize header — Proof/Completion right, Partner short code, Deal Info section",Requirements,To Do,Taryn Reithofer,Taryn Reithofer,WAGR-305 Sign-Up Logging Experience (UX),,,,Normal,WAG Sprint 1; WAG Sprint 2,,,,,2026-09-23,2026-09-30,1,https://jumpr.atlassian.net/browse/WAGR-422
WAGR-423,Story,"Sign-Up: Default ""All Active"" list view + list sort/column fixes",Requirements,To Do,Taryn Reithofer,Taryn Reithofer,WAGR-305 Sign-Up Logging Experience (UX),,,,Normal,WAG Sprint 2,,,,,2026-09-23,2026-10-02,2,https://jumpr.atlassian.net/browse/WAGR-423
WAGR-424,Story,Sign-Up: Rework table view columns to match legacy spreadsheet,Open,To Do,,Taryn Reithofer,WAGR-305 Sign-Up Logging Experience (UX),,,,Normal,,,,,,2026-09-23,2026-09-23,0,https://jumpr.atlassian.net/browse/WAGR-424
WAGR-425,Story,Sign-Up: Date field validation + remove auto-populated Signup Date,Jumpr Review,In Progress,Cedrick Infantado,Taryn Reithofer,WAGR-305 Sign-Up Logging Experience (UX),,,,High,WAG Sprint 1; WAG Sprint 2,,,,,2026-09-23,2026-09-29,4,https://jumpr.atlassian.net/browse/WAGR-425
WAGR-426,Story,Sign-Up: Fix field layout (Deposit Amount/Wager Date/URL) + add Notes field,Jumpr Review,In Progress,Cedrick Infantado,Taryn Reithofer,WAGR-305 Sign-Up Logging Experience (UX),,,,Normal,WAG Sprint 2,,,,,2026-09-23,2026-09-29,1,https://jumpr.atlassian.net/browse/WAGR-426
WAGR-427,Story,Referrer: Streamline new referrer creation flow,Jumpr Review,In Progress,Cedrick Infantado,Taryn Reithofer,WAGR-27 Epic D — Players & Referrers (Person Accounts),,,,Normal,WAG Sprint 1; WAG Sprint 2,,,,,2026-09-23,2026-09-28,3,https://jumpr.atlassian.net/browse/WAGR-427
WAGR-428,Story,Referrer: Fix auto-population when selecting an existing referrer,Open,To Do,,Taryn Reithofer,WAGR-27 Epic D — Players & Referrers (Person Accounts),,,,Normal,,,,,,2026-09-23,2026-09-23,0,https://jumpr.atlassian.net/browse/WAGR-428
WAGR-429,Story,Sign-Up: Add fraud un-flag control to Ops view,Open,To Do,,Taryn Reithofer,WAGR-304 Fraud Flags & Exception Handling,,,,Normal,,,,,,2026-09-23,2026-09-23,0,https://jumpr.atlassian.net/browse/WAGR-429
WAGR-430,Story,Sign-Up: Hide Kanban,In Progress,In Progress,Taryn Reithofer,Taryn Reithofer,WAGR-478 Phase 2 Stories,,,,Normal,WAG Sprint 1; WAG Sprint 3,,,,,2026-09-23,2026-09-29,2,https://jumpr.atlassian.net/browse/WAGR-430
WAGR-431,Story,Player: Add manual Sign-Up creation button for Ops (VIP),Open,To Do,,Taryn Reithofer,WAGR-420 VIP Sign Up &amp; Player Workflow,,,,Normal,,,,,,2026-09-23,2026-09-23,0,https://jumpr.atlassian.net/browse/WAGR-431
WAGR-432,Story,"Sign-Up: VIP manual entry flow, field set, status, and Deal relation (VIP)",Open,To Do,,Taryn Reithofer,WAGR-420 VIP Sign Up &amp; Player Workflow,,,,Normal,,,,,,2026-09-23,2026-09-23,0,https://jumpr.atlassian.net/browse/WAGR-432
WAGR-433,Story,Player &amp; Sign-Up: VIP flag + visual indicator (VIP),Open,To Do,,Taryn Reithofer,WAGR-420 VIP Sign Up &amp; Player Workflow,,,,Normal,,,,,,2026-09-23,2026-09-23,0,https://jumpr.atlassian.net/browse/WAGR-433
WAGR-434,Story,Referrer: Add VIP toggle (VIP),Open,To Do,,Taryn Reithofer,WAGR-420 VIP Sign Up &amp; Player Workflow,,,,Normal,,,,,,2026-09-23,2026-09-23,0,https://jumpr.atlassian.net/browse/WAGR-434
WAGR-435,Story,Affiliate Link: Add VIP flag + exclude from CMS feed (VIP),Open,To Do,,Taryn Reithofer,WAGR-420 VIP Sign Up &amp; Player Workflow,,,,Normal,,,,,,2026-09-23,2026-09-29,1,https://jumpr.atlassian.net/browse/WAGR-435
WAGR-436,Story,Sign-Up: Quick-action button to open/log a sign-up from table view,Requirements,To Do,Taryn Reithofer,Taryn Reithofer,WAGR-305 Sign-Up Logging Experience (UX),,,,Normal,WAG Sprint 2,,,,,2026-09-23,2026-10-02,1,https://jumpr.atlassian.net/browse/WAGR-436
WAGR-437,Bug,"Referrer: ""Referrer status is required"" error on new Referrer Account despite status being set",Cancelled,Done,Taryn Reithofer,Taryn Reithofer,WAGR-27 Epic D — Players & Referrers (Person Accounts),,,,Normal,,,,,,2026-09-23,2026-09-28,1,https://jumpr.atlassian.net/browse/WAGR-437
WAGR-438,Story,Sign-Up: Keep Partner and Operator read-only/non-clickable for reps,Open,To Do,Taryn Reithofer,Taryn Reithofer,WAGR-479 Go Live Tasks,,,,Normal,WAG Sprint 3,,,,,2026-09-23,2026-09-29,0,https://jumpr.atlassian.net/browse/WAGR-438
WAGR-439,Story,Clarify: How Player and Referrer records are connected in the data,Open,To Do,Taryn Reithofer,Taryn Reithofer,WAGR-27 Epic D — Players & Referrers (Person Accounts),client-support,,,Normal,,,,,,2026-09-23,2026-10-02,0,https://jumpr.atlassian.net/browse/WAGR-439
WAGR-440,Story,Clarify: Process for creating a referrer who isn't an existing player (Ops vs. BA),Open,To Do,,Taryn Reithofer,WAGR-27 Epic D — Players & Referrers (Person Accounts),,,,Normal,,,,,,2026-09-23,2026-09-23,0,https://jumpr.atlassian.net/browse/WAGR-440
WAGR-441,Story,Player: Capture Survey 2 completion from CMS alongside Survey 1,In Progress,In Progress,Kobi Kunasekaran,Kobi Kunasekaran,,,,,Normal,WAG Sprint 1; WAG Sprint 2,,,,,2026-09-23,2026-09-28,1,https://jumpr.atlassian.net/browse/WAGR-441
WAGR-443,Epic,Out Of Scope (Holding Pen 🐖),Open,To Do,,Taryn Reithofer,,,,,Normal,,,,,,2026-09-24,2026-09-24,0,https://jumpr.atlassian.net/browse/WAGR-443
WAGR-444,Epic,CMS → SF Integration: Deal Rep Assignments (later phase),Requirements,To Do,,Kobi Kunasekaran,,,,,Normal,,,,,,2026-09-24,2026-09-29,0,https://jumpr.atlassian.net/browse/WAGR-444
WAGR-445,Task,CMS Sync — Secure and rotate CMS webhook and database credentials,Requirements,To Do,,Kobi Kunasekaran,WAGR-39 SF → CMS Integration: Deals & Affiliate Links (v2 webhook),,,,Normal,,,,,,2026-09-24,2026-09-24,0,https://jumpr.atlassian.net/browse/WAGR-445
WAGR-446,Task,"CMS Sync — Configure the webhook connection, integration user and settings",Jumpr Review,In Progress,Cedrick Infantado,Kobi Kunasekaran,WAGR-39 SF → CMS Integration: Deals & Affiliate Links (v2 webhook),,,,Normal,WAG Sprint 1; WAG Sprint 2,,,,,2026-09-24,2026-09-28,1,https://jumpr.atlassian.net/browse/WAGR-446
WAGR-447,Story,"Deal — Archive & Replace: Archived status, makeup release and successor relationship",Requirements,To Do,,Kobi Kunasekaran,WAGR-39 SF → CMS Integration: Deals & Affiliate Links (v2 webhook),,,,Normal,,,,,,2026-09-24,2026-10-02,0,https://jumpr.atlassian.net/browse/WAGR-447
WAGR-448,Story,Deal — Reserve makeup until Archived; retain automatic External Deal ID collision suffixing,Jumpr Review,In Progress,Cedrick Infantado,Kobi Kunasekaran,WAGR-39 SF → CMS Integration: Deals & Affiliate Links (v2 webhook),,,,Normal,WAG Sprint 2,,,,,2026-09-24,2026-10-02,1,https://jumpr.atlassian.net/browse/WAGR-448
WAGR-449,Epic,Access and Permissions,Open,To Do,,Taryn Reithofer,,,,,Normal,,,,,,2026-09-24,2026-09-29,0,https://jumpr.atlassian.net/browse/WAGR-449
WAGR-450,Story,"Deal — Activation readiness, First Activated Date and exceptional override",In Progress,In Progress,Cedrick Infantado,Kobi Kunasekaran,WAGR-39 SF → CMS Integration: Deals & Affiliate Links (v2 webhook),,,,Normal,WAG Sprint 2,,,,,2026-09-25,2026-10-02,0,https://jumpr.atlassian.net/browse/WAGR-450
WAGR-451,Story,"CMS Sync — Deal sync state, manual/bulk retry and CMS Sync diagnostics UI",Requirements,To Do,,Kobi Kunasekaran,WAGR-39 SF → CMS Integration: Deals & Affiliate Links (v2 webhook),,,,Normal,,,,,,2026-09-25,2026-09-30,0,https://jumpr.atlassian.net/browse/WAGR-451
WAGR-452,Task,CMS Sync — Integration log (per call) — optional,Cancelled,Done,,Kobi Kunasekaran,WAGR-39 SF → CMS Integration: Deals & Affiliate Links (v2 webhook),,,,Normal,,,,,,2026-09-25,2026-09-29,1,https://jumpr.atlassian.net/browse/WAGR-452
WAGR-453,Story,Deal — Lock identity after first activation and protect activated Deals from deletion,Requirements,To Do,Cedrick Infantado,Kobi Kunasekaran,WAGR-39 SF → CMS Integration: Deals & Affiliate Links (v2 webhook),,,,Normal,WAG Sprint 2,,,,,2026-09-25,2026-10-02,0,https://jumpr.atlassian.net/browse/WAGR-453
WAGR-454,Story,"CMS Sync — Queueable Apex Deal sync service: v2 payload, batching and responses",Requirements,To Do,,Kobi Kunasekaran,WAGR-39 SF → CMS Integration: Deals & Affiliate Links (v2 webhook),,,,Normal,,,,,,2026-09-25,2026-10-02,0,https://jumpr.atlassian.net/browse/WAGR-454
WAGR-455,Story,CMS Sync — Queue automatically on activation and post-activation Deal/Account changes,Requirements,To Do,,Kobi Kunasekaran,WAGR-39 SF → CMS Integration: Deals & Affiliate Links (v2 webhook),,,,Normal,,,,,,2026-09-25,2026-10-02,0,https://jumpr.atlassian.net/browse/WAGR-455
WAGR-456,Story,CMS Sync — Include CMS-eligible Affiliate Links in Deal payload,Requirements,To Do,,Kobi Kunasekaran,WAGR-39 SF → CMS Integration: Deals & Affiliate Links (v2 webhook),,,,Normal,,,,,,2026-09-25,2026-10-02,0,https://jumpr.atlassian.net/browse/WAGR-456
WAGR-457,Story,"CMS Sync — Monitoring, reports and diagnostic failure alerts",Requirements,To Do,,Kobi Kunasekaran,WAGR-39 SF → CMS Integration: Deals & Affiliate Links (v2 webhook),,,,Normal,,,,,,2026-09-25,2026-09-29,0,https://jumpr.atlassian.net/browse/WAGR-457
WAGR-458,Task,"CMS Sync — Staging verification: Deals, lifecycle and integration engine",Requirements,To Do,,Kobi Kunasekaran,WAGR-39 SF → CMS Integration: Deals & Affiliate Links (v2 webhook),,,,Normal,,,,,,2026-09-25,2026-10-02,0,https://jumpr.atlassian.net/browse/WAGR-458
WAGR-459,Task,CMS Sync — Staging verification: Affiliate Links and Link lifecycle,Requirements,To Do,,Kobi Kunasekaran,WAGR-39 SF → CMS Integration: Deals & Affiliate Links (v2 webhook),,,,Normal,,,,,,2026-09-25,2026-10-02,0,https://jumpr.atlassian.net/browse/WAGR-459
WAGR-460,Task,CMS Sync — Production cutover,Requirements,To Do,,Kobi Kunasekaran,WAGR-39 SF → CMS Integration: Deals & Affiliate Links (v2 webhook),,,,Normal,,,,,,2026-09-25,2026-09-30,0,https://jumpr.atlassian.net/browse/WAGR-460
WAGR-461,Story,Commercial Terms: Support a Tiered CPA payout model,Open,To Do,Kobi Kunasekaran,Kobi Kunasekaran,,,,,Normal,,,,,,2026-09-25,2026-09-30,0,https://jumpr.atlassian.net/browse/WAGR-461
WAGR-462,Task,Commercial Terms — design and user stories,Requirements,To Do,Kobi Kunasekaran,Kobi Kunasekaran,WAGR-11 Epic C — Deals & Rep Assignment,,,,High,WAG Sprint 1; WAG Sprint 2,,,Documentation & Spec,,2026-09-25,2026-09-30,0,https://jumpr.atlassian.net/browse/WAGR-462
WAGR-463,Task,Deal lifecycle/CMS — close remaining design and contract follow-ups,Requirements,To Do,Kobi Kunasekaran,Kobi Kunasekaran,WAGR-39 SF → CMS Integration: Deals & Affiliate Links (v2 webhook),,,,High,WAG Sprint 1; WAG Sprint 2,,,Documentation & Spec,,2026-09-25,2026-10-02,0,https://jumpr.atlassian.net/browse/WAGR-463
WAGR-464,Task,Redeposits workflow — design and user stories,Requirements,To Do,Kobi Kunasekaran,Kobi Kunasekaran,,,,,High,WAG Sprint 1; WAG Sprint 2,,,Documentation & Spec,,2026-09-25,2026-09-28,0,https://jumpr.atlassian.net/browse/WAGR-464
WAGR-465,Task,Referral payouts — design and user stories,Requirements,To Do,Kobi Kunasekaran,Kobi Kunasekaran,,,,,High,WAG Sprint 1; WAG Sprint 2,,,Documentation & Spec,,2026-09-25,2026-09-28,0,https://jumpr.atlassian.net/browse/WAGR-465
WAGR-466,Task,Write-offs and clawbacks for paid Sign-Ups — design,Open,To Do,Kobi Kunasekaran,Kobi Kunasekaran,,,,,Normal,,,,Documentation & Spec,,2026-09-25,2026-09-25,0,https://jumpr.atlassian.net/browse/WAGR-466
WAGR-467,Task,BA commission data export for WagerTech's commission tool — requirements,Open,To Do,Kobi Kunasekaran,Kobi Kunasekaran,WAGR-24 Reporting & Dashboards,,,,Normal,,,,Documentation & Spec,,2026-09-25,2026-09-25,0,https://jumpr.atlassian.net/browse/WAGR-467
WAGR-468,Task,Financial reporting requirements — discovery session and capture,Open,To Do,Kobi Kunasekaran,Kobi Kunasekaran,WAGR-24 Reporting & Dashboards,,,,Normal,,,,Reporting,,2026-09-25,2026-09-25,0,https://jumpr.atlassian.net/browse/WAGR-468
WAGR-469,Task,Move Players to a new BA when a BA leaves — design,Open,To Do,Kobi Kunasekaran,Kobi Kunasekaran,WAGR-27 Epic D — Players & Referrers (Person Accounts),,,,Normal,,,,Documentation & Spec,,2026-09-25,2026-09-25,0,https://jumpr.atlassian.net/browse/WAGR-469
WAGR-470,Task,Historical data migration scope — decision,Open,To Do,Kobi Kunasekaran,Kobi Kunasekaran,WAGR-19 Data Migration,,,,Normal,,,,Decision,,2026-09-25,2026-09-29,0,https://jumpr.atlassian.net/browse/WAGR-470
WAGR-471,Task,Deal Name convention for multi-state and multi-region Deals — decision,Open,To Do,Kobi Kunasekaran,Kobi Kunasekaran,WAGR-11 Epic C — Deals & Rep Assignment,,,,High,,,,Decision,,2026-09-25,2026-09-29,0,https://jumpr.atlassian.net/browse/WAGR-471
WAGR-472,Spike,Study Link Click intake reconciliation — lost clicks and error cases,Open,To Do,Kobi Kunasekaran,Kobi Kunasekaran,WAGR-3 Epic E — Study Link Click & Sign-Up Intake,,,,High,,,,Integration,,2026-09-25,2026-09-25,0,https://jumpr.atlassian.net/browse/WAGR-472
WAGR-473,Task,Repeat-click rule: when a new click joins an existing Sign-Up — confirm,Open,To Do,Kobi Kunasekaran,Kobi Kunasekaran,WAGR-3 Epic E — Study Link Click & Sign-Up Intake,,,,Low,,,,Decision,,2026-09-25,2026-09-25,0,https://jumpr.atlassian.net/browse/WAGR-473
WAGR-474,Task,Sign-Up July loose ends: welcome email trigger and Complete gating — confirm,Open,To Do,Kobi Kunasekaran,Kobi Kunasekaran,WAGR-305 Sign-Up Logging Experience (UX),,,,Low,,,,Decision,,2026-09-25,2026-09-25,0,https://jumpr.atlassian.net/browse/WAGR-474
WAGR-475,Internal,Nov 1 scope freeze and timeline re-plan,Open,To Do,Kobi Kunasekaran,Kobi Kunasekaran,,,,,High,,,,Project Management,,2026-09-25,2026-09-25,0,https://jumpr.atlassian.net/browse/WAGR-475
WAGR-476,Task,CMS Deal Sync – Test Deal payload and confirm Postgres connection and data access,In Progress,In Progress,Cedrick Infantado,Cedrick Infantado,,,,,Normal,WAG Sprint 2,,,,,2026-09-28,2026-09-28,0,https://jumpr.atlassian.net/browse/WAGR-476
WAGR-477,Task,"Build data import templates — Sign Up, Referral, Secondary Referral, Player",Open,To Do,Kobi Kunasekaran,Taryn Reithofer,WAGR-19 Data Migration,,,,High,WAG Sprint 2,,,,,2026-09-28,2026-09-28,0,https://jumpr.atlassian.net/browse/WAGR-477
WAGR-478,Epic,Phase 2 Stories,Open,To Do,,Taryn Reithofer,,,,,Normal,,,,,,2026-09-29,2026-09-29,0,https://jumpr.atlassian.net/browse/WAGR-478
WAGR-479,Epic,Go Live Tasks,Open,To Do,,Taryn Reithofer,,,,,Normal,,,,,,2026-09-29,2026-09-29,0,https://jumpr.atlassian.net/browse/WAGR-479
WAGR-480,Story,Deals: Update Recently Viewed columns to match the All list view,Open,To Do,Taryn Reithofer,Taryn Reithofer,WAGR-305 Sign-Up Logging Experience (UX),,,,Normal,WAG Sprint 2,,,,,2026-09-29,2026-09-29,0,https://jumpr.atlassian.net/browse/WAGR-480
WAGR-481,Story,Deal Rep Assignments: Update Recently Viewed columns to match the All list view,Open,To Do,Taryn Reithofer,Taryn Reithofer,WAGR-305 Sign-Up Logging Experience (UX),,,,Normal,WAG Sprint 2,,,,,2026-09-29,2026-09-29,0,https://jumpr.atlassian.net/browse/WAGR-481
WAGR-482,Story,Deal Rep Assignments: Additional list views for reps (placeholder),Open,To Do,Taryn Reithofer,Taryn Reithofer,WAGR-305 Sign-Up Logging Experience (UX),,,,Normal,WAG Sprint 2,,,,,2026-09-29,2026-09-29,0,https://jumpr.atlassian.net/browse/WAGR-482
WAGR-483,Story,Accounts: Update Recently Viewed columns so record types are distinguishable,Open,To Do,Taryn Reithofer,Taryn Reithofer,WAGR-305 Sign-Up Logging Experience (UX),,,,Normal,WAG Sprint 2,,,,,2026-09-29,2026-09-30,0,https://jumpr.atlassian.net/browse/WAGR-483
WAGR-484,Story,Accounts: Clean up or rebuild flagged (fraud) list views (placeholder),Open,To Do,Taryn Reithofer,Taryn Reithofer,WAGR-305 Sign-Up Logging Experience (UX),,,,Normal,WAG Sprint 2,,,,,2026-09-29,2026-09-29,0,https://jumpr.atlassian.net/browse/WAGR-484
WAGR-485,Story,Deal — Lifecycle status controls and controlled actions,Requirements,To Do,Cedrick Infantado,Kobi Kunasekaran,WAGR-39 SF → CMS Integration: Deals & Affiliate Links (v2 webhook),,,,Normal,WAG Sprint 2,,,,,2026-09-29,2026-10-02,0,https://jumpr.atlassian.net/browse/WAGR-485
WAGR-486,Story,"Deal — Lifecycle status tracking, Date fields and Effective End Date",Requirements,To Do,Cedrick Infantado,Kobi Kunasekaran,WAGR-39 SF → CMS Integration: Deals & Affiliate Links (v2 webhook),,,,Normal,WAG Sprint 2,,,,,2026-09-29,2026-10-02,0,https://jumpr.atlassian.net/browse/WAGR-486
WAGR-487,Story,Deal — Formula-qualified scheduled Active → Inactive at 90 days,Requirements,To Do,,Kobi Kunasekaran,WAGR-39 SF → CMS Integration: Deals & Affiliate Links (v2 webhook),,,,Normal,,,,,,2026-09-29,2026-10-02,0,https://jumpr.atlassian.net/browse/WAGR-487
WAGR-488,Story,Deal — Report Sign-Ups/click activity against non-live Deal states,Requirements,To Do,,Kobi Kunasekaran,WAGR-39 SF → CMS Integration: Deals & Affiliate Links (v2 webhook),,,,Normal,,,,,,2026-09-29,2026-10-02,0,https://jumpr.atlassian.net/browse/WAGR-488
WAGR-489,Story,Account — Protect Operator/Partner integration identity fields after Deal activation,Requirements,To Do,,Kobi Kunasekaran,WAGR-39 SF → CMS Integration: Deals & Affiliate Links (v2 webhook),,,,Normal,,,,,,2026-09-29,2026-09-30,0,https://jumpr.atlassian.net/browse/WAGR-489
WAGR-490,Story,Affiliate Link — Stable Link External ID,Requirements,To Do,,Kobi Kunasekaran,WAGR-39 SF → CMS Integration: Deals & Affiliate Links (v2 webhook),,,,Normal,,,,,,2026-09-29,2026-09-30,0,https://jumpr.atlassian.net/browse/WAGR-490
WAGR-491,Story,"Affiliate Link — Exclude from CMS, publication markers and safe deletion",Requirements,To Do,,Kobi Kunasekaran,WAGR-39 SF → CMS Integration: Deals & Affiliate Links (v2 webhook),,,,Normal,,,,,,2026-09-29,2026-10-02,0,https://jumpr.atlassian.net/browse/WAGR-491
WAGR-492,Task,Deal — Review Required status discovery [Cancelled — status removed],Cancelled,Done,,Kobi Kunasekaran,WAGR-39 SF → CMS Integration: Deals & Affiliate Links (v2 webhook),,,,Normal,,,,,,2026-09-29,2026-10-02,0,https://jumpr.atlassian.net/browse/WAGR-492
WAGR-493,Task,CMS Sync — configuration and permission follow-up,Requirements,To Do,,Kobi Kunasekaran,WAGR-39 SF → CMS Integration: Deals & Affiliate Links (v2 webhook),,,,Normal,,,,,,2026-09-29,2026-10-02,0,https://jumpr.atlassian.net/browse/WAGR-493
WAGR-494,Task,Sign-Up access cleanup — remove normal-user delete access and protect direct UI editing,Open,To Do,,Kobi Kunasekaran,WAGR-449 Access and Permissions,,,,Normal,,,,,,2026-09-29,2026-09-29,0,https://jumpr.atlassian.net/browse/WAGR-494
WAGR-495,Task,Consolidate WagerTech access requirements and produce persona access matrix,Open,To Do,,Kobi Kunasekaran,WAGR-449 Access and Permissions,,,,Normal,,,,,,2026-09-29,2026-09-29,0,https://jumpr.atlassian.net/browse/WAGR-495
WAGR-496,Task,Implement approved WagerTech access matrix in metadata and validate in PartialSB,Open,To Do,,Kobi Kunasekaran,WAGR-449 Access and Permissions,,,,Normal,,,,,,2026-09-29,2026-09-29,0,https://jumpr.atlassian.net/browse/WAGR-496
WAGR-497,Story,Deal — Roll up Last Sign-Up First Click Date,Requirements,To Do,,Kobi Kunasekaran,WAGR-39 SF → CMS Integration: Deals & Affiliate Links (v2 webhook),,,,Normal,,,,,,2026-09-29,2026-09-30,0,https://jumpr.atlassian.net/browse/WAGR-497
WAGR-498,Story,Sign-Up — Stamp First Click Date and reactivate Inactive Deal from qualifying activity,Requirements,To Do,,Kobi Kunasekaran,WAGR-39 SF → CMS Integration: Deals & Affiliate Links (v2 webhook),,,,Normal,,,,,,2026-09-29,2026-09-30,0,https://jumpr.atlassian.net/browse/WAGR-498
WAGR-499,Story,Affiliate Link — Harden Link Code and Tracking URL storage for CMS,Requirements,To Do,,Kobi Kunasekaran,WAGR-39 SF → CMS Integration: Deals & Affiliate Links (v2 webhook),,,,Normal,,,,,,2026-09-30,2026-09-30,0,https://jumpr.atlassian.net/browse/WAGR-499
WAGR-500,Task,Review Deal and CMS Integration User Stories ,In Progress,In Progress,Cedrick Infantado,Kobi Kunasekaran,,,,,Normal,WAG Sprint 2,,,,,2026-09-30,2026-10-01,0,https://jumpr.atlassian.net/browse/WAGR-500
WAGR-501,Story,Sign-Up: Show Brand Ambassador more prominently in the Ops list view,In Progress,In Progress,Taryn Reithofer,Taryn Reithofer,WAGR-305 Sign-Up Logging Experience (UX),,,,Normal,WAG Sprint 2,,,,,2026-09-30,2026-10-02,7,https://jumpr.atlassian.net/browse/WAGR-501
WAGR-502,Task,Support: Emily — view Salesforce as a Brand Ambassador (Andy),Done,Done,Taryn Reithofer,Taryn Reithofer,,client-support,,,Normal,WAG Sprint 2,,,,,2026-09-30,2026-09-30,0,https://jumpr.atlassian.net/browse/WAGR-502
WAGR-503,Task,Support: Emily — filter Sign-Ups by Brand Ambassador in split view,Done,Done,Taryn Reithofer,Taryn Reithofer,,client-support,,,Normal,WAG Sprint 2,,,,,2026-09-30,2026-10-02,0,https://jumpr.atlassian.net/browse/WAGR-503
WAGR-504,Story,Global Search: Show Sign-Up details and Account type in top-level search results,Requirements,To Do,Taryn Reithofer,Taryn Reithofer,WAGR-305 Sign-Up Logging Experience (UX),,,,Normal,WAG Sprint 2,,,,,2026-09-30,2026-10-02,0,https://jumpr.atlassian.net/browse/WAGR-504
WAGR-505,Task,"Reps: Audit ""Flow User"" checkbox and record type access for all Rep users",Done,Done,Taryn Reithofer,Taryn Reithofer,WAGR-449 Access and Permissions,,,,Normal,WAG Sprint 2,,,,,2026-09-30,2026-09-30,0,https://jumpr.atlassian.net/browse/WAGR-505
WAGR-506,Task,"Deal — Final Deal Status value set (Draft, Active, Paused, Inactive, Closed, Archived)",Jumpr Review,In Progress,Cedrick Infantado,Kobi Kunasekaran,WAGR-39 SF → CMS Integration: Deals & Affiliate Links (v2 webhook),,,,Normal,WAG Sprint 2,,,,,2026-10-01,2026-10-02,1,https://jumpr.atlassian.net/browse/WAGR-506
WAGR-507,Task,Deal — Guided New Deal creation flow (Draft + optional Commercial Terms handoff),Open,To Do,Cedrick Infantado,Kobi Kunasekaran,WAGR-39 SF → CMS Integration: Deals & Affiliate Links (v2 webhook),,,,Normal,WAG Sprint 2,,,,,2026-10-02,2026-10-02,0,https://jumpr.atlassian.net/browse/WAGR-507
WAGR-508,Task,"Deal — Closed lifecycle behavior, locking and controlled reactivation",Open,To Do,,Kobi Kunasekaran,WAGR-39 SF → CMS Integration: Deals & Affiliate Links (v2 webhook),,,,Normal,,,,,,2026-10-02,2026-10-02,0,https://jumpr.atlassian.net/browse/WAGR-508
WAGR-509,Task,Affiliate Link — Evaluate and design Archived status / historical payload treatment,Open,To Do,,Kobi Kunasekaran,WAGR-39 SF → CMS Integration: Deals & Affiliate Links (v2 webhook),,,,Normal,,,,,,2026-10-02,2026-10-02,0,https://jumpr.atlassian.net/browse/WAGR-509
WAGR-510,Story,Phase 2: Custom list view with row-level action buttons for Sign-Ups (scope and prioritize),Open,To Do,,Taryn Reithofer,,phase-2; post-go-live,,,Normal,,,,,,2026-10-02,2026-10-02,0,https://jumpr.atlassian.net/browse/WAGR-510
